Game ID,Puzzle Date,Word,Group Name,Group Level,Starting Row,Starting Column
1,2026-04-05,WINDFALL,FRUITS,0,2,4
1,2026-04-05,HIP,FRUITS,0,1,4
1,2026-04-05,GRAIN,FRUITS,0,4,3
1,2026-04-05,GOURD,FRUITS,0,1,1
1,2026-04-05,FATIGUED,WORDS MEANING TIRED,1,4,2
1,2026-04-05,WEARY,WORDS MEANING TIRED,1,4,1
1,2026-04-05,SICK,WORDS MEANING TIRED,1,3,1
1,2026-04-05,AWFUL,WORDS MEANING TIRED,1,4,4
1,2026-04-05,THAT,ASSOCIATED WITH FOREST,2,3,4
1,2026-04-05,COVER,ASSOCIATED WITH FOREST,2,3,3
1,2026-04-05,RECREATION,ASSOCIATED WITH FOREST,2,2,2
1,2026-04-05,WITH,ASSOCIATED WITH FOREST,2,3,2
1,2026-04-05,NET,___ BALL,3,2,3
1,2026-04-05,BASKET,___ BALL,3,2,1
1,2026-04-05,FOOT,___ BALL,3,1,2
1,2026-04-05,CRICKET,___ BALL,3,1,3
2,2026-04-05,CLOG,DANCES,0,4,4
2,2026-04-05,ADAGIO,DANCES,0,2,2
2,2026-04-05,COTILLION,DANCES,0,4,2
2,2026-04-05,STRIP,DANCES,0,3,1
2,2026-04-05,INCUR,WORDS MEANING FIND,1,2,4
2,2026-04-05,OBTAIN,WORDS MEANING FIND,1,3,3
2,2026-04-05,RETRIEVE,WORDS MEANING FIND,1,4,1
2,2026-04-05,BUMP,WORDS MEANING FIND,1,3,4
2,2026-04-05,WORSHIP,WORDS RELATED TO SACRIFICE,2,2,3
2,2026-04-05,ALTAR,WORDS RELATED TO SACRIFICE,2,4,3
2,2026-04-05,CASUALTY,WORDS RELATED TO SACRIFICE,2,1,1
2,2026-04-05,GIFT,WORDS RELATED TO SACRIFICE,2,2,1
2,2026-04-05,LOAD,UP ___,3,1,3
2,2026-04-05,STAIRS,UP ___,3,1,2
2,2026-04-05,CAST,UP ___,3,3,2
2,2026-04-05,DRAFT,UP ___,3,1,4
3,2026-04-05,SCREW,PARTS OF A SHIP,0,3,3
3,2026-04-05,HOLD,PARTS OF A SHIP,0,1,4
3,2026-04-05,SHEET,PARTS OF A SHIP,0,4,4
3,2026-04-05,HELM,PARTS OF A SHIP,0,4,1
3,2026-04-05,EXHAUST,WORDS MEANING EAT,1,1,3
3,2026-04-05,RUST,WORDS MEANING EAT,1,2,3
3,2026-04-05,CONSUME,WORDS MEANING EAT,1,3,2
3,2026-04-05,FEED,WORDS MEANING EAT,1,1,2
3,2026-04-05,WHERE,GOES WITH JUNGLE,2,2,1
3,2026-04-05,PRODUCE,GOES WITH JUNGLE,2,4,2
3,2026-04-05,GYM,GOES WITH JUNGLE,2,4,3
3,2026-04-05,PLANET,GOES WITH JUNGLE,2,2,4
3,2026-04-05,PLAY,___ GROUND,3,2,2
3,2026-04-05,BACK,___ GROUND,3,3,1
3,2026-04-05,FORE,___ GROUND,3,1,1
3,2026-04-05,CAMP,___ GROUND,3,3,4
4,2026-04-05,SALMON,FISH,0,3,3
4,2026-04-05,RAY,FISH,0,3,1
4,2026-04-05,TROUT,FISH,0,3,2
4,2026-04-05,SOLE,FISH,0,2,4
4,2026-04-05,SHRILL,WORDS MEANING SHARP,1,4,4
4,2026-04-05,CLEAR,WORDS MEANING SHARP,1,2,2
4,2026-04-05,STACK,WORDS MEANING SHARP,1,2,3
4,2026-04-05,SUDDEN,WORDS MEANING SHARP,1,4,2
4,2026-04-05,DESIRE,ASSOCIATED WITH ENVY,2,1,3
4,2026-04-05,WEALTH,ASSOCIATED WITH ENVY,2,1,1
4,2026-04-05,AMBITION,ASSOCIATED WITH ENVY,2,3,4
4,2026-04-05,WRATH,ASSOCIATED WITH ENVY,2,1,4
4,2026-04-05,NOON,PALINDROMES,3,2,1
4,2026-04-05,REVIVER,PALINDROMES,3,4,1
4,2026-04-05,REFER,PALINDROMES,3,4,3
4,2026-04-05,REPAPER,PALINDROMES,3,1,2
5,2026-04-05,STETSON,HATS,0,4,2
5,2026-04-05,PANAMA,HATS,0,1,4
5,2026-04-05,CASTOR,HATS,0,2,3
5,2026-04-05,DERBY,HATS,0,2,4
5,2026-04-05,ASCERTAIN,WORDS MEANING FIND,1,2,2
5,2026-04-05,SEEK,WORDS MEANING FIND,1,1,2
5,2026-04-05,SOLVE,WORDS MEANING FIND,1,3,4
5,2026-04-05,PROCURE,WORDS MEANING FIND,1,1,3
5,2026-04-05,REMOVAL,ASSOCIATED WITH SNOW,2,4,3
5,2026-04-05,FALLEN,ASSOCIATED WITH SNOW,2,2,1
5,2026-04-05,ARCTIC,ASSOCIATED WITH SNOW,2,4,4
5,2026-04-05,SUMMIT,ASSOCIATED WITH SNOW,2,4,1
5,2026-04-05,SAND,___ STONE,3,3,3
5,2026-04-05,HAIL,___ STONE,3,3,2
5,2026-04-05,BROWN,___ STONE,3,3,1
5,2026-04-05,HEAD,___ STONE,3,1,1
6,2026-04-05,WHEAT,GRAINS,0,4,4
6,2026-04-05,GRIST,GRAINS,0,3,4
6,2026-04-05,CORN,GRAINS,0,1,3
6,2026-04-05,BARLEY,GRAINS,0,2,4
6,2026-04-05,COMPRESSED,WORDS MEANING THIN,1,3,2
6,2026-04-05,SPARSE,WORDS MEANING THIN,1,3,3
6,2026-04-05,SHRIVELED,WORDS MEANING THIN,1,4,1
6,2026-04-05,DEPRESSED,WORDS MEANING THIN,1,1,4
6,2026-04-05,STRIFE,WORDS RELATED TO WAR,2,2,2
6,2026-04-05,OFFENSIVE,WORDS RELATED TO WAR,2,2,1
6,2026-04-05,BATTLE,WORDS RELATED TO WAR,2,1,1
6,2026-04-05,COMMANDED,WORDS RELATED TO WAR,2,1,2
6,2026-04-05,SMITH,BLACK ___,3,3,1
6,2026-04-05,BERRY,BLACK ___,3,2,3
6,2026-04-05,MAIL,BLACK ___,3,4,3
6,2026-04-05,JACK,BLACK ___,3,4,2
7,2026-04-05,FACIAL,PARTS OF THE FACE,0,4,4
7,2026-04-05,NOSE,PARTS OF THE FACE,0,1,3
7,2026-04-05,FEATURE,PARTS OF THE FACE,0,4,2
7,2026-04-05,EYE,PARTS OF THE FACE,0,3,4
7,2026-04-05,PLAY,WORDS MEANING RUN,1,4,3
7,2026-04-05,EXECUTE,WORDS MEANING RUN,1,4,1
7,2026-04-05,LEAN,WORDS MEANING RUN,1,1,1
7,2026-04-05,FLOW,WORDS MEANING RUN,1,2,1
7,2026-04-05,SILVER,ASSOCIATED WITH GOLD,2,1,2
7,2026-04-05,DISC,ASSOCIATED WITH GOLD,2,2,2
7,2026-04-05,RELAY,ASSOCIATED WITH GOLD,2,3,1
7,2026-04-05,COAST,ASSOCIATED WITH GOLD,2,2,4
7,2026-04-05,PLACE,FIRE ___,3,1,4
7,2026-04-05,TRUCK,FIRE ___,3,3,2
7,2026-04-05,CRACKER,FIRE ___,3,3,3
7,2026-04-05,ARM,FIRE ___,3,2,3
8,2026-04-05,STALLION,HORSE BREEDS,0,2,3
8,2026-04-05,POSTER,HORSE BREEDS,0,2,4
8,2026-04-05,PLUG,HORSE BREEDS,0,4,1
8,2026-04-05,CHESTNUT,HORSE BREEDS,0,4,3
8,2026-04-05,SWEEPING,WORDS MEANING WIDE,1,1,3
8,2026-04-05,STATEWIDE,WORDS MEANING WIDE,1,4,4
8,2026-04-05,AMPLE,WORDS MEANING WIDE,1,3,4
8,2026-04-05,EXTENDED,WORDS MEANING WIDE,1,2,1
8,2026-04-05,GRANITE,WORDS RELATED TO STONE,2,3,2
8,2026-04-05,MILESTONE,WORDS RELATED TO STONE,2,1,1
8,2026-04-05,MONUMENTS,WORDS RELATED TO STONE,2,1,4
8,2026-04-05,MINERAL,WORDS RELATED TO STONE,2,2,2
8,2026-04-05,BUSTLE,WORDS WITH SILENT T,3,1,2
8,2026-04-05,CASTLE,WORDS WITH SILENT T,3,4,2
8,2026-04-05,TRESTLE,WORDS WITH SILENT T,3,3,1
8,2026-04-05,GLISTEN,WORDS WITH SILENT T,3,3,3
9,2026-04-05,BLOOM,FLOWERS,0,4,3
9,2026-04-05,BLOSSOM,FLOWERS,0,4,4
9,2026-04-05,SPIKE,FLOWERS,0,4,1
9,2026-04-05,CATKIN,FLOWERS,0,2,2
9,2026-04-05,COME,WORDS MEANING FALL,1,4,2
9,2026-04-05,DECLIVITY,WORDS MEANING FALL,1,3,4
9,2026-04-05,LOWERING,WORDS MEANING FALL,1,1,3
9,2026-04-05,DUSK,WORDS MEANING FALL,1,2,1
9,2026-04-05,EDWARDS,ASSOCIATED WITH CLIFF,2,3,2
9,2026-04-05,CAVE,ASSOCIATED WITH CLIFF,2,2,4
9,2026-04-05,BURTON,ASSOCIATED WITH CLIFF,2,3,1
9,2026-04-05,FACES,ASSOCIATED WITH CLIFF,2,3,3
9,2026-04-05,TWI,___ LIGHT,3,1,1
9,2026-04-05,FLASH,___ LIGHT,3,2,3
9,2026-04-05,TRAFFIC,___ LIGHT,3,1,2
9,2026-04-05,TORCH,___ LIGHT,3,1,4
10,2026-04-05,BOA,SNAKES,0,2,4
10,2026-04-05,ANACONDA,SNAKES,0,4,4
10,2026-04-05,SERPENT,SNAKES,0,1,2
10,2026-04-05,PYTHON,SNAKES,0,4,3
10,2026-04-05,TAKE,WORDS MEANING MOVE,1,2,3
10,2026-04-05,HOLD,WORDS MEANING MOVE,1,3,1
10,2026-04-05,MOTION,WORDS MEANING MOVE,1,2,1
10,2026-04-05,ENTER,WORDS MEANING MOVE,1,3,4
10,2026-04-05,STEERING,WORDS RELATED TO POWER,2,3,3
10,2026-04-05,EFFICIENCY,WORDS RELATED TO POWER,2,4,2
10,2026-04-05,KING,WORDS RELATED TO POWER,2,1,4
10,2026-04-05,STRONG,WORDS RELATED TO POWER,2,1,1
10,2026-04-05,SCORE,UNDER ___,3,4,1
10,2026-04-05,FOOT,UNDER ___,3,1,3
10,2026-04-05,HAND,UNDER ___,3,3,2
10,2026-04-05,WORLD,UNDER ___,3,2,2
11,2026-04-05,QUARTER,PARTS OF A SHIP,0,2,4
11,2026-04-05,STERN,PARTS OF A SHIP,0,2,2
11,2026-04-05,FIN,PARTS OF A SHIP,0,3,4
11,2026-04-05,TACK,PARTS OF A SHIP,0,4,2
11,2026-04-05,REMOVE,WORDS MEANING DESTROY,1,1,4
11,2026-04-05,DAMAGED,WORDS MEANING DESTROY,1,1,3
11,2026-04-05,DISRUPTION,WORDS MEANING DESTROY,1,4,1
11,2026-04-05,KILLING,WORDS MEANING DESTROY,1,3,1
11,2026-04-05,BREEDING,ASSOCIATED WITH FARM,2,4,3
11,2026-04-05,ESTATE,ASSOCIATED WITH FARM,2,2,3
11,2026-04-05,DAIRY,ASSOCIATED WITH FARM,2,1,2
11,2026-04-05,ACRES,ASSOCIATED WITH FARM,2,4,4
11,2026-04-05,FINCH,GOLD ___,3,2,1
11,2026-04-05,FIELD,GOLD ___,3,3,2
11,2026-04-05,MINE,GOLD ___,3,1,1
11,2026-04-05,SMITH,GOLD ___,3,3,3
12,2026-04-05,PAINTER,CAT BREEDS,0,2,3
12,2026-04-05,KITTY,CAT BREEDS,0,1,1
12,2026-04-05,SIAMESE,CAT BREEDS,0,4,3
12,2026-04-05,PUSSY,CAT BREEDS,0,1,2
12,2026-04-05,PITIFUL,WORDS MEANING SAD,1,2,1
12,2026-04-05,DOWNCAST,WORDS MEANING SAD,1,1,3
12,2026-04-05,TRAGIC,WORDS MEANING SAD,1,2,4
12,2026-04-05,DESPONDENT,WORDS MEANING SAD,1,3,2
12,2026-04-05,COMPLEX,ASSOCIATED WITH PYRAMID,2,3,1
12,2026-04-05,CULT,ASSOCIATED WITH PYRAMID,2,2,2
12,2026-04-05,TOMB,ASSOCIATED WITH PYRAMID,2,1,4
12,2026-04-05,STEPS,ASSOCIATED WITH PYRAMID,2,4,2
12,2026-04-05,SLOPE,MEANINGS OF 'PITCH',3,3,3
12,2026-04-05,HURL,MEANINGS OF 'PITCH',3,4,4
12,2026-04-05,TAR,MEANINGS OF 'PITCH',3,4,1
12,2026-04-05,TONE,MEANINGS OF 'PITCH',3,3,4
13,2026-04-05,SLUG,METALS,0,1,4
13,2026-04-05,STAINLESS,METALS,0,2,2
13,2026-04-05,BRONZE,METALS,0,1,2
13,2026-04-05,BRASS,METALS,0,4,3
13,2026-04-05,RATIONAL,WORDS MEANING CLEVER,1,4,4
13,2026-04-05,CAPABLE,WORDS MEANING CLEVER,1,1,3
13,2026-04-05,SMART,WORDS MEANING CLEVER,1,2,1
13,2026-04-05,ADEPT,WORDS MEANING CLEVER,1,1,1
13,2026-04-05,TERRACE,ASSOCIATED WITH GARDEN,2,3,4
13,2026-04-05,SUBURB,ASSOCIATED WITH GARDEN,2,2,4
13,2026-04-05,ROSES,ASSOCIATED WITH GARDEN,2,3,1
13,2026-04-05,GROUNDS,ASSOCIATED WITH GARDEN,2,4,2
13,2026-04-05,CAMP,___ GROUND,3,3,2
13,2026-04-05,BACK,___ GROUND,3,3,3
13,2026-04-05,ABOVE,___ GROUND,3,2,3
13,2026-04-05,FORE,___ GROUND,3,4,1
14,2026-04-05,FEDORA,HATS,0,4,4
14,2026-04-05,CASTOR,HATS,0,2,1
14,2026-04-05,TURBAN,HATS,0,4,1
14,2026-04-05,BEAVER,HATS,0,3,4
14,2026-04-05,STILL,WORDS MEANING QUIET,1,1,4
14,2026-04-05,SEDATE,WORDS MEANING QUIET,1,3,3
14,2026-04-05,SUBDUED,WORDS MEANING QUIET,1,1,1
14,2026-04-05,REPOSE,WORDS MEANING QUIET,1,4,3
14,2026-04-05,BUDDHISM,ASSOCIATED WITH WISDOM,2,1,3
14,2026-04-05,COURAGE,ASSOCIATED WITH WISDOM,2,2,4
14,2026-04-05,SPIRITUAL,ASSOCIATED WITH WISDOM,2,3,2
14,2026-04-05,BUDDHA,ASSOCIATED WITH WISDOM,2,4,2
14,2026-04-05,PLAY,HORSE ___,3,2,2
14,2026-04-05,SHOE,HORSE ___,3,3,1
14,2026-04-05,BACK,HORSE ___,3,2,3
14,2026-04-05,POWER,HORSE ___,3,1,2
15,2026-04-05,CROWN,TOOTH PARTS,0,4,4
15,2026-04-05,STUMP,TOOTH PARTS,0,3,4
15,2026-04-05,PULP,TOOTH PARTS,0,1,3
15,2026-04-05,ROOT,TOOTH PARTS,0,1,4
15,2026-04-05,RACY,WORDS MEANING RICH,1,2,4
15,2026-04-05,FAT,WORDS MEANING RICH,1,1,1
15,2026-04-05,PLENTIFUL,WORDS MEANING RICH,1,2,1
15,2026-04-05,FERTILE,WORDS MEANING RICH,1,4,3
15,2026-04-05,OPENED,GOES WITH MUSEUM,2,1,2
15,2026-04-05,AMSTERDAM,GOES WITH MUSEUM,2,3,3
15,2026-04-05,CATALOGUE,GOES WITH MUSEUM,2,2,3
15,2026-04-05,ART,GOES WITH MUSEUM,2,2,2
15,2026-04-05,RUN,OUT ___,3,4,2
15,2026-04-05,RIGHT,OUT ___,3,3,1
15,2026-04-05,DATED,OUT ___,3,4,1
15,2026-04-05,POST,OUT ___,3,3,2
16,2026-04-05,PUSSY,CAT BREEDS,0,2,3
16,2026-04-05,SIAMESE,CAT BREEDS,0,3,1
16,2026-04-05,KITTY,CAT BREEDS,0,2,4
16,2026-04-05,WILDCAT,CAT BREEDS,0,2,1
16,2026-04-05,DEFRAUD,WORDS MEANING DECEIVE,1,4,2
16,2026-04-05,FALSIFY,WORDS MEANING DECEIVE,1,3,2
16,2026-04-05,DECEIT,WORDS MEANING DECEIVE,1,1,4
16,2026-04-05,KID,WORDS MEANING DECEIVE,1,2,2
16,2026-04-05,HOOK,ASSOCIATED WITH PIRATE,2,4,4
16,2026-04-05,SHIP,ASSOCIATED WITH PIRATE,2,1,1
16,2026-04-05,BAY,ASSOCIATED WITH PIRATE,2,1,3
16,2026-04-05,SEAS,ASSOCIATED WITH PIRATE,2,3,3
16,2026-04-05,KISS,WORDS WITH DOUBLE 'S',3,3,4
16,2026-04-05,HISS,WORDS WITH DOUBLE 'S',3,4,3
16,2026-04-05,SASS,WORDS WITH DOUBLE 'S',3,4,1
16,2026-04-05,MOSS,WORDS WITH DOUBLE 'S',3,1,2
17,2026-04-05,STUD,HORSE BREEDS,0,3,4
17,2026-04-05,MOUNT,HORSE BREEDS,0,4,1
17,2026-04-05,BUCKSKIN,HORSE BREEDS,0,1,3
17,2026-04-05,GELDING,HORSE BREEDS,0,2,2
17,2026-04-05,GIFTED,WORDS MEANING CLEVER,1,1,4
17,2026-04-05,CAPABLE,WORDS MEANING CLEVER,1,3,1
17,2026-04-05,SOUND,WORDS MEANING CLEVER,1,3,3
17,2026-04-05,CREATIVE,WORDS MEANING CLEVER,1,1,2
17,2026-04-05,TOWER,ASSOCIATED WITH STONE,2,2,3
17,2026-04-05,MONUMENTS,ASSOCIATED WITH STONE,2,3,2
17,2026-04-05,ARCHES,ASSOCIATED WITH STONE,2,2,1
17,2026-04-05,ROSES,ASSOCIATED WITH STONE,2,4,4
17,2026-04-05,DARK,___ ROOM,3,4,3
17,2026-04-05,MUD,___ ROOM,3,2,4
17,2026-04-05,WORK,___ ROOM,3,1,1
17,2026-04-05,STORE,___ ROOM,3,4,2
18,2026-04-05,BOA,SNAKES,0,2,1
18,2026-04-05,SERPENT,SNAKES,0,4,2
18,2026-04-05,COBRA,SNAKES,0,3,3
18,2026-04-05,PYTHON,SNAKES,0,2,4
18,2026-04-05,TALLY,WORDS MEANING HIT,1,4,1
18,2026-04-05,SHOOT,WORDS MEANING HIT,1,1,2
18,2026-04-05,CRUSH,WORDS MEANING HIT,1,1,3
18,2026-04-05,REACH,WORDS MEANING HIT,1,2,3
18,2026-04-05,PITY,WORDS RELATED TO COMPASSION,2,4,3
18,2026-04-05,HUMILITY,WORDS RELATED TO COMPASSION,2,4,4
18,2026-04-05,EMOTION,WORDS RELATED TO COMPASSION,2,3,2
18,2026-04-05,KINDNESS,WORDS RELATED TO COMPASSION,2,1,4
18,2026-04-05,STONE,HEAD ___,3,3,4
18,2026-04-05,LAND,HEAD ___,3,1,1
18,2026-04-05,LAMP,HEAD ___,3,3,1
18,2026-04-05,BOARD,HEAD ___,3,2,2
19,2026-04-05,BONNET,CAR PARTS,0,2,2
19,2026-04-05,FENDER,CAR PARTS,0,4,3
19,2026-04-05,THIRD,CAR PARTS,0,2,1
19,2026-04-05,WINDOW,CAR PARTS,0,2,3
19,2026-04-05,SPARSE,WORDS MEANING THIN,1,4,2
19,2026-04-05,TENUOUS,WORDS MEANING THIN,1,1,1
19,2026-04-05,SLENDER,WORDS MEANING THIN,1,3,4
19,2026-04-05,FLIMSY,WORDS MEANING THIN,1,3,2
19,2026-04-05,INTERSTATE,GOES WITH BRIDGE,2,4,4
19,2026-04-05,LANE,GOES WITH BRIDGE,2,3,3
19,2026-04-05,MAY,GOES WITH BRIDGE,2,4,1
19,2026-04-05,HAS,GOES WITH BRIDGE,2,3,1
19,2026-04-05,SNOW,___ BALL,3,1,4
19,2026-04-05,BASKET,___ BALL,3,2,4
19,2026-04-05,BASE,___ BALL,3,1,2
19,2026-04-05,STUMP,___ BALL,3,1,3
20,2026-04-05,MAYONNAISE,SAUCES,0,2,4
20,2026-04-05,MOLE,SAUCES,0,2,2
20,2026-04-05,GRAVY,SAUCES,0,2,1
20,2026-04-05,DRESSING,SAUCES,0,3,4
20,2026-04-05,PROPER,WORDS MEANING HONEST,1,4,4
20,2026-04-05,FAITHFUL,WORDS MEANING HONEST,1,2,3
20,2026-04-05,GENUINE,WORDS MEANING HONEST,1,1,2
20,2026-04-05,SQUARE,WORDS MEANING HONEST,1,3,1
20,2026-04-05,OCCUPATION,ASSOCIATED WITH WAR,2,1,3
20,2026-04-05,ENLISTED,ASSOCIATED WITH WAR,2,1,1
20,2026-04-05,INFANTRY,ASSOCIATED WITH WAR,2,1,4
20,2026-04-05,IRAQ,ASSOCIATED WITH WAR,2,3,2
20,2026-04-05,GLEE,WORDS WITH DOUBLE 'E',3,4,3
20,2026-04-05,KNEEL,WORDS WITH DOUBLE 'E',3,4,1
20,2026-04-05,SEEP,WORDS WITH DOUBLE 'E',3,4,2
20,2026-04-05,FEED,WORDS WITH DOUBLE 'E',3,3,3
21,2026-04-05,SAILOR,HATS,0,4,2
21,2026-04-05,LID,HATS,0,3,2
21,2026-04-05,TURBAN,HATS,0,1,2
21,2026-04-05,CASTOR,HATS,0,2,3
21,2026-04-05,HOWL,WORDS MEANING SHOUT,1,2,4
21,2026-04-05,CALL,WORDS MEANING SHOUT,1,1,3
21,2026-04-05,TOWER,WORDS MEANING SHOUT,1,2,2
21,2026-04-05,ROAR,WORDS MEANING SHOUT,1,4,4
21,2026-04-05,LAS,ASSOCIATED WITH CIRCUS,2,1,1
21,2026-04-05,SKILLS,ASSOCIATED WITH CIRCUS,2,4,1
21,2026-04-05,COMEDY,ASSOCIATED WITH CIRCUS,2,3,3
21,2026-04-05,HAD,ASSOCIATED WITH CIRCUS,2,3,4
21,2026-04-05,SUN,___ LIGHT,3,3,1
21,2026-04-05,LIME,___ LIGHT,3,1,4
21,2026-04-05,MOON,___ LIGHT,3,2,1
21,2026-04-05,DAY,___ LIGHT,3,4,3
22,2026-04-05,CARAWAY,SPICES,0,4,3
22,2026-04-05,NUTMEG,SPICES,0,2,4
22,2026-04-05,PAPRIKA,SPICES,0,3,1
22,2026-04-05,ANISE,SPICES,0,1,3
22,2026-04-05,TRICK,WORDS MEANING DECEIVE,1,3,3
22,2026-04-05,KID,WORDS MEANING DECEIVE,1,3,2
22,2026-04-05,MANIPULATE,WORDS MEANING DECEIVE,1,1,1
22,2026-04-05,FOOL,WORDS MEANING DECEIVE,1,2,1
22,2026-04-05,EXPRESSION,ASSOCIATED WITH CREATIVITY,2,2,3
22,2026-04-05,LEARNING,ASSOCIATED WITH CREATIVITY,2,1,4
22,2026-04-05,THINKING,ASSOCIATED WITH CREATIVITY,2,3,4
22,2026-04-05,INNOVATION,ASSOCIATED WITH CREATIVITY,2,4,2
22,2026-04-05,SET,UP ___,3,1,2
22,2026-04-05,LOAD,UP ___,3,4,4
22,2026-04-05,DATE,UP ___,3,2,2
22,2026-04-05,STAIRS,UP ___,3,4,1
23,2026-04-05,ROOT,TOOTH PARTS,0,4,2
23,2026-04-05,CUSP,TOOTH PARTS,0,3,1
23,2026-04-05,STUMP,TOOTH PARTS,0,2,4
23,2026-04-05,PULP,TOOTH PARTS,0,2,1
23,2026-04-05,TRIVIAL,WORDS MEANING SHALLOW,1,3,3
23,2026-04-05,PETTY,WORDS MEANING SHALLOW,1,2,2
23,2026-04-05,THIN,WORDS MEANING SHALLOW,1,3,4
23,2026-04-05,FLIMSY,WORDS MEANING SHALLOW,1,2,3
23,2026-04-05,GROUP,GOES WITH BLOOD,2,1,2
23,2026-04-05,ANEMIA,GOES WITH BLOOD,2,3,2
23,2026-04-05,VEINS,GOES WITH BLOOD,2,4,4
23,2026-04-05,GAS,GOES WITH BLOOD,2,4,3
23,2026-04-05,STAND,HAND ___,3,1,3
23,2026-04-05,PICKED,HAND ___,3,1,1
23,2026-04-05,HOLD,HAND ___,3,4,1
23,2026-04-05,RAIL,HAND ___,3,1,4
24,2026-04-05,BONNET,HATS,0,4,1
24,2026-04-05,DERBY,HATS,0,2,2
24,2026-04-05,LID,HATS,0,4,2
24,2026-04-05,CASTOR,HATS,0,4,4
24,2026-04-05,GREY,WORDS MEANING OLD,1,3,2
24,2026-04-05,SUNSET,WORDS MEANING OLD,1,2,4
24,2026-04-05,COLD,WORDS MEANING OLD,1,4,3
24,2026-04-05,GENUINE,WORDS MEANING OLD,1,1,3
24,2026-04-05,LAMP,ASSOCIATED WITH LIGHT,2,1,2
24,2026-04-05,BRIGADE,ASSOCIATED WITH LIGHT,2,3,4
24,2026-04-05,BRIGHT,ASSOCIATED WITH LIGHT,2,2,1
24,2026-04-05,COLOR,ASSOCIATED WITH LIGHT,2,3,3
24,2026-04-05,RADAR,PALINDROMES,3,1,1
24,2026-04-05,LEVEL,PALINDROMES,3,3,1
24,2026-04-05,KAYAK,PALINDROMES,3,1,4
24,2026-04-05,REDDER,PALINDROMES,3,2,3
25,2026-04-05,OLIVE,FRUITS,0,1,4
25,2026-04-05,GRAIN,FRUITS,0,1,2
25,2026-04-05,SPIKE,FRUITS,0,4,2
25,2026-04-05,NUT,FRUITS,0,1,1
25,2026-04-05,EXOTIC,WORDS MEANING STRANGE,1,3,1
25,2026-04-05,UNFAMILIAR,WORDS MEANING STRANGE,1,4,4
25,2026-04-05,ODD,WORDS MEANING STRANGE,1,4,3
25,2026-04-05,ABNORMAL,WORDS MEANING STRANGE,1,4,1
25,2026-04-05,RESERVES,ASSOCIATED WITH GOLD,2,2,4
25,2026-04-05,THREAD,ASSOCIATED WITH GOLD,2,3,4
25,2026-04-05,FROM,ASSOCIATED WITH GOLD,2,3,3
25,2026-04-05,HAS,ASSOCIATED WITH GOLD,2,3,2
25,2026-04-05,NIGHT,___ FALL,3,2,1
25,2026-04-05,DOWN,___ FALL,3,2,3
25,2026-04-05,LAND,___ FALL,3,1,3
25,2026-04-05,WATER,___ FALL,3,2,2
26,2026-04-05,RICE,GRAINS,0,3,1
26,2026-04-05,WHEAT,GRAINS,0,4,1
26,2026-04-05,CEREAL,GRAINS,0,4,2
26,2026-04-05,BARLEY,GRAINS,0,2,2
26,2026-04-05,COMMIT,WORDS MEANING PULL,1,4,4
26,2026-04-05,THROW,WORDS MEANING PULL,1,2,4
26,2026-04-05,DRIVE,WORDS MEANING PULL,1,1,3
26,2026-04-05,REMOVE,WORDS MEANING PULL,1,2,1
26,2026-04-05,MISFORTUNE,WORDS RELATED TO SHAME,2,1,1
26,2026-04-05,SUICIDE,WORDS RELATED TO SHAME,2,3,4
26,2026-04-05,PRIDE,WORDS RELATED TO SHAME,2,3,2
26,2026-04-05,BAD,WORDS RELATED TO SHAME,2,1,4
26,2026-04-05,SHINE,SUN ___,3,1,2
26,2026-04-05,ROOF,SUN ___,3,3,3
26,2026-04-05,TAN,SUN ___,3,2,3
26,2026-04-05,FLOWER,SUN ___,3,4,3
27,2026-04-05,APERTURE,PARTS OF THE EYE,0,2,1
27,2026-04-05,LENS,PARTS OF THE EYE,0,1,2
27,2026-04-05,EYEBALL,PARTS OF THE EYE,0,1,4
27,2026-04-05,LID,PARTS OF THE EYE,0,4,3
27,2026-04-05,KIDDING,WORDS MEANING LAUGH,1,3,2
27,2026-04-05,FUNNY,WORDS MEANING LAUGH,1,2,4
27,2026-04-05,HOOT,WORDS MEANING LAUGH,1,4,1
27,2026-04-05,STUFFING,WORDS MEANING LAUGH,1,4,2
27,2026-04-05,CERTIFIED,ASSOCIATED WITH GOLD,2,3,1
27,2026-04-05,BRONZE,ASSOCIATED WITH GOLD,2,3,3
27,2026-04-05,COPIES,ASSOCIATED WITH GOLD,2,4,4
27,2026-04-05,RESERVES,ASSOCIATED WITH GOLD,2,1,1
27,2026-04-05,FRONT,WATER ___,3,3,4
27,2026-04-05,MELON,WATER ___,3,1,3
27,2026-04-05,MARK,WATER ___,3,2,2
27,2026-04-05,SIDE,WATER ___,3,2,3
28,2026-04-05,CANVASS,PAINTING STYLES,0,3,2
28,2026-04-05,FRESCO,PAINTING STYLES,0,2,3
28,2026-04-05,LANDSCAPE,PAINTING STYLES,0,3,3
28,2026-04-05,NUDE,PAINTING STYLES,0,4,4
28,2026-04-05,INTRIGUING,WORDS MEANING STRANGE,1,3,1
28,2026-04-05,RARE,WORDS MEANING STRANGE,1,1,2
28,2026-04-05,WRONG,WORDS MEANING STRANGE,1,2,4
28,2026-04-05,OTHER,WORDS MEANING STRANGE,1,1,3
28,2026-04-05,ROMANCE,ASSOCIATED WITH LOVE,2,3,4
28,2026-04-05,TRIANGLE,ASSOCIATED WITH LOVE,2,4,1
28,2026-04-05,HATE,ASSOCIATED WITH LOVE,2,2,2
28,2026-04-05,BEAUTIFUL,ASSOCIATED WITH LOVE,2,1,1
28,2026-04-05,CALL,MEANINGS OF 'RING',3,2,1
28,2026-04-05,CIRCLE,MEANINGS OF 'RING',3,1,4
28,2026-04-05,BELL,MEANINGS OF 'RING',3,4,2
28,2026-04-05,BOXING,MEANINGS OF 'RING',3,4,3
29,2026-04-05,BAY,HORSE BREEDS,0,3,1
29,2026-04-05,ENTIRE,HORSE BREEDS,0,2,1
29,2026-04-05,PLUG,HORSE BREEDS,0,2,2
29,2026-04-05,STALLION,HORSE BREEDS,0,2,4
29,2026-04-05,DROP,WORDS MEANING FALL,1,4,3
29,2026-04-05,LIGHT,WORDS MEANING FALL,1,1,4
29,2026-04-05,TOPPLING,WORDS MEANING FALL,1,4,4
29,2026-04-05,DOWN,WORDS MEANING FALL,1,3,4
29,2026-04-05,TOPS,ASSOCIATED WITH CLIFF,2,3,3
29,2026-04-05,STEEP,ASSOCIATED WITH CLIFF,2,1,1
29,2026-04-05,BURTON,ASSOCIATED WITH CLIFF,2,1,2
29,2026-04-05,FACES,ASSOCIATED WITH CLIFF,2,3,2
29,2026-04-05,WAR,___ TIME,3,4,2
29,2026-04-05,HARD,___ TIME,3,4,1
29,2026-04-05,PART,___ TIME,3,1,3
29,2026-04-05,BED,___ TIME,3,2,3
30,2026-04-05,JOLLY,BOATS,0,2,3
30,2026-04-05,TOWER,BOATS,0,2,4
30,2026-04-05,CRUISER,BOATS,0,2,2
30,2026-04-05,FERRY,BOATS,0,1,2
30,2026-04-05,MUTE,WORDS MEANING QUIET,1,3,3
30,2026-04-05,UNMOVED,WORDS MEANING QUIET,1,4,2
30,2026-04-05,SUBDUED,WORDS MEANING QUIET,1,2,1
30,2026-04-05,PEACE,WORDS MEANING QUIET,1,3,1
30,2026-04-05,TOLERANCE,WORDS RELATED TO COMPASSION,2,1,1
30,2026-04-05,HAPPINESS,WORDS RELATED TO COMPASSION,2,1,3
30,2026-04-05,RUTH,WORDS RELATED TO COMPASSION,2,4,1
30,2026-04-05,HONESTY,WORDS RELATED TO COMPASSION,2,4,3
30,2026-04-05,LINE,OUT ___,3,3,2
30,2026-04-05,DATED,OUT ___,3,1,4
30,2026-04-05,RUN,OUT ___,3,4,4
30,2026-04-05,STAND,OUT ___,3,3,4
31,2026-04-05,QUARTER,PARTS OF A SHIP,0,1,3
31,2026-04-05,FRAME,PARTS OF A SHIP,0,1,2
31,2026-04-05,BULWARK,PARTS OF A SHIP,0,2,3
31,2026-04-05,SKELETON,PARTS OF A SHIP,0,4,1
31,2026-04-05,FAIR,WORDS MEANING HONEST,1,1,4
31,2026-04-05,DEPENDABLE,WORDS MEANING HONEST,1,3,2
31,2026-04-05,TRUE,WORDS MEANING HONEST,1,2,1
31,2026-04-05,GOOD,WORDS MEANING HONEST,1,2,4
31,2026-04-05,GRADUATION,ASSOCIATED WITH SCHOOL,2,3,4
31,2026-04-05,RECEIVED,ASSOCIATED WITH SCHOOL,2,4,4
31,2026-04-05,ATTEND,ASSOCIATED WITH SCHOOL,2,4,2
31,2026-04-05,LAW,ASSOCIATED WITH SCHOOL,2,4,3
31,2026-04-05,TRACK,BACK ___,3,1,1
31,2026-04-05,YARD,BACK ___,3,2,2
31,2026-04-05,GROUND,BACK ___,3,3,3
31,2026-04-05,DROP,BACK ___,3,3,1
32,2026-04-05,DRAPERY,FABRICS,0,1,2
32,2026-04-05,FRIEZE,FABRICS,0,3,3
32,2026-04-05,METALLIC,FABRICS,0,4,4
32,2026-04-05,CANVASS,FABRICS,0,2,1
32,2026-04-05,HARDY,WORDS MEANING BRAVE,1,3,2
32,2026-04-05,BOLDNESS,WORDS MEANING BRAVE,1,1,1
32,2026-04-05,GAME,WORDS MEANING BRAVE,1,2,4
32,2026-04-05,STRONG,WORDS MEANING BRAVE,1,4,2
32,2026-04-05,HOUSE,WORDS RELATED TO HARBOR,2,4,3
32,2026-04-05,UNDERWAY,WORDS RELATED TO HARBOR,2,2,2
32,2026-04-05,YACHT,WORDS RELATED TO HARBOR,2,1,4
32,2026-04-05,GATEWAY,WORDS RELATED TO HARBOR,2,4,1
32,2026-04-05,ARCE,ANAGRAMS OF EACH OTHER,3,2,3
32,2026-04-05,ACRE,ANAGRAMS OF EACH OTHER,3,3,4
32,2026-04-05,CARE,ANAGRAMS OF EACH OTHER,3,1,3
32,2026-04-05,RACE,ANAGRAMS OF EACH OTHER,3,3,1
33,2026-04-05,EAR,FRUITS,0,3,3
33,2026-04-05,PEAR,FRUITS,0,1,3
33,2026-04-05,PIP,FRUITS,0,2,4
33,2026-04-05,COFFEE,FRUITS,0,2,1
33,2026-04-05,MOURNING,WORDS MEANING SAD,1,3,2
33,2026-04-05,DOWNCAST,WORDS MEANING SAD,1,1,1
33,2026-04-05,PATHETIC,WORDS MEANING SAD,1,3,4
33,2026-04-05,GRIM,WORDS MEANING SAD,1,2,2
33,2026-04-05,MINE,ASSOCIATED WITH GOLD,2,1,4
33,2026-04-05,BARS,ASSOCIATED WITH GOLD,2,4,3
33,2026-04-05,DEPOSITS,ASSOCIATED WITH GOLD,2,4,2
33,2026-04-05,ARE,ASSOCIATED WITH GOLD,2,1,2
33,2026-04-05,SUN,___ DAY,3,2,3
33,2026-04-05,EVERY,___ DAY,3,4,4
33,2026-04-05,PAY,___ DAY,3,3,1
33,2026-04-05,WEEK,___ DAY,3,4,1
34,2026-04-05,CORAL,GEMS,0,2,1
34,2026-04-05,STONE,GEMS,0,3,3
34,2026-04-05,DIAMOND,GEMS,0,4,2
34,2026-04-05,EMERALD,GEMS,0,2,3
34,2026-04-05,CLEAN,WORDS MEANING LIGHT,1,3,4
34,2026-04-05,ILL,WORDS MEANING LIGHT,1,1,1
34,2026-04-05,DIET,WORDS MEANING LIGHT,1,4,3
34,2026-04-05,CLEAR,WORDS MEANING LIGHT,1,2,4
34,2026-04-05,JITTERS,WORDS RELATED TO TENSION,2,1,3
34,2026-04-05,UNREST,WORDS RELATED TO TENSION,2,1,4
34,2026-04-05,FRICTION,WORDS RELATED TO TENSION,2,2,2
34,2026-04-05,DRUM,WORDS RELATED TO TENSION,2,4,4
34,2026-04-05,ACHE,HEAD ___,3,3,1
34,2026-04-05,DRESS,HEAD ___,3,1,2
34,2026-04-05,LAMP,HEAD ___,3,4,1
34,2026-04-05,BOARD,HEAD ___,3,3,2
35,2026-04-05,HEAD,BODY PARTS,0,2,3
35,2026-04-05,CAVITY,BODY PARTS,0,3,2
35,2026-04-05,ARM,BODY PARTS,0,4,1
35,2026-04-05,NECK,BODY PARTS,0,1,3
35,2026-04-05,BETRAY,WORDS MEANING DECEIVE,1,1,1
35,2026-04-05,DEFRAUD,WORDS MEANING DECEIVE,1,3,4
35,2026-04-05,DELUDE,WORDS MEANING DECEIVE,1,2,4
35,2026-04-05,BLUFF,WORDS MEANING DECEIVE,1,2,2
35,2026-04-05,AND,GOES WITH TOWER,2,2,1
35,2026-04-05,CASTLE,GOES WITH TOWER,2,3,1
35,2026-04-05,FLOOR,GOES WITH TOWER,2,1,2
35,2026-04-05,THERE,GOES WITH TOWER,2,3,3
35,2026-04-05,BOAT,LONG ___,3,4,2
35,2026-04-05,SHORE,LONG ___,3,4,4
35,2026-04-05,HAND,LONG ___,3,1,4
35,2026-04-05,HOUSE,LONG ___,3,4,3
36,2026-04-05,INDIAN,LANGUAGES,0,2,4
36,2026-04-05,PIDGIN,LANGUAGES,0,3,1
36,2026-04-05,OCCIDENTAL,LANGUAGES,0,1,1
36,2026-04-05,GREEK,LANGUAGES,0,1,2
36,2026-04-05,COUNT,WORDS MEANING BEGIN,1,1,4
36,2026-04-05,TAKE,WORDS MEANING BEGIN,1,2,3
36,2026-04-05,RESUME,WORDS MEANING BEGIN,1,4,4
36,2026-04-05,EARLY,WORDS MEANING BEGIN,1,3,2
36,2026-04-05,MATCHES,WORDS RELATED TO STADIUM,2,4,3
36,2026-04-05,DRIVES,WORDS RELATED TO STADIUM,2,2,2
36,2026-04-05,THEATER,WORDS RELATED TO STADIUM,2,3,3
36,2026-04-05,MOUND,WORDS RELATED TO STADIUM,2,2,1
36,2026-04-05,RATS,ANAGRAMS OF EACH OTHER,3,4,2
36,2026-04-05,TSAR,ANAGRAMS OF EACH OTHER,3,4,1
36,2026-04-05,STAR,ANAGRAMS OF EACH OTHER,3,3,4
36,2026-04-05,ARTS,ANAGRAMS OF EACH OTHER,3,1,3
37,2026-04-05,BAT,MAMMALS,0,2,1
37,2026-04-05,BEAR,MAMMALS,0,4,2
37,2026-04-05,COW,MAMMALS,0,2,3
37,2026-04-05,LIVESTOCK,MAMMALS,0,3,1
37,2026-04-05,WRATH,WORDS MEANING ANGRY,1,2,2
37,2026-04-05,RABID,WORDS MEANING ANGRY,1,1,3
37,2026-04-05,CRAZED,WORDS MEANING ANGRY,1,2,4
37,2026-04-05,RESTLESS,WORDS MEANING ANGRY,1,3,3
37,2026-04-05,SUPPLIED,ASSOCIATED WITH WATER,2,1,2
37,2026-04-05,POLO,ASSOCIATED WITH WATER,2,4,4
37,2026-04-05,DENSITY,ASSOCIATED WITH WATER,2,1,4
37,2026-04-05,WASTE,ASSOCIATED WITH WATER,2,4,1
37,2026-04-05,MINE,___ FIELD,3,3,2
37,2026-04-05,AIR,___ FIELD,3,1,1
37,2026-04-05,WHEAT,___ FIELD,3,3,4
37,2026-04-05,ICE,___ FIELD,3,4,3
38,2026-04-05,SATIN,FABRICS,0,1,3
38,2026-04-05,ACRYLIC,FABRICS,0,3,1
38,2026-04-05,LINT,FABRICS,0,2,2
38,2026-04-05,DUCK,FABRICS,0,4,4
38,2026-04-05,MELT,WORDS MEANING RUN,1,4,3
38,2026-04-05,PLAY,WORDS MEANING RUN,1,2,3
38,2026-04-05,LEAD,WORDS MEANING RUN,1,1,4
38,2026-04-05,PERSIST,WORDS MEANING RUN,1,2,4
38,2026-04-05,BETRAYED,ASSOCIATED WITH BETRAYAL,2,4,1
38,2026-04-05,FRIENDSHIP,ASSOCIATED WITH BETRAYAL,2,1,1
38,2026-04-05,ANGER,ASSOCIATED WITH BETRAYAL,2,3,2
38,2026-04-05,LOYALTY,ASSOCIATED WITH BETRAYAL,2,1,2
38,2026-04-05,TAKE,UNDER ___,3,3,4
38,2026-04-05,AGE,UNDER ___,3,4,2
38,2026-04-05,RATE,UNDER ___,3,2,1
38,2026-04-05,HAND,UNDER ___,3,3,3
39,2026-04-05,BURL,PARTS OF A TREE,0,3,1
39,2026-04-05,STUMP,PARTS OF A TREE,0,3,2
39,2026-04-05,TRUNK,PARTS OF A TREE,0,4,1
39,2026-04-05,LIMB,PARTS OF A TREE,0,4,3
39,2026-04-05,HACK,WORDS MEANING STEAL,1,2,1
39,2026-04-05,FLIGHT,WORDS MEANING STEAL,1,1,1
39,2026-04-05,GRAB,WORDS MEANING STEAL,1,2,2
39,2026-04-05,RIP,WORDS MEANING STEAL,1,3,3
39,2026-04-05,DEFENSE,GOES WITH HARBOR,2,1,2
39,2026-04-05,DESTROYER,GOES WITH HARBOR,2,4,2
39,2026-04-05,DOCK,GOES WITH HARBOR,2,4,4
39,2026-04-05,DIEGO,GOES WITH HARBOR,2,1,3
39,2026-04-05,SHED,WATER ___,3,2,3
39,2026-04-05,WAY,WATER ___,3,3,4
39,2026-04-05,FALL,WATER ___,3,2,4
39,2026-04-05,MELON,WATER ___,3,1,4
40,2026-04-05,CHESTNUT,NUTS,0,3,3
40,2026-04-05,WALNUT,NUTS,0,1,4
40,2026-04-05,COCONUT,NUTS,0,2,2
40,2026-04-05,BRAZIL,NUTS,0,1,2
40,2026-04-05,FIRST,WORDS MEANING NEW,1,4,3
40,2026-04-05,ORIGINAL,WORDS MEANING NEW,1,3,1
40,2026-04-05,RECENT,WORDS MEANING NEW,1,2,1
40,2026-04-05,YOUNG,WORDS MEANING NEW,1,1,1
40,2026-04-05,ENTRANCE,ASSOCIATED WITH CAVE,2,1,3
40,2026-04-05,BATS,ASSOCIATED WITH CAVE,2,4,1
40,2026-04-05,TREASURE,ASSOCIATED WITH CAVE,2,4,2
40,2026-04-05,DEPOSITS,ASSOCIATED WITH CAVE,2,2,3
40,2026-04-05,TRACE,CONTAINS 'ACE',3,3,4
40,2026-04-05,FACE,CONTAINS 'ACE',3,4,4
40,2026-04-05,SPACE,CONTAINS 'ACE',3,2,4
40,2026-04-05,PEACE,CONTAINS 'ACE',3,3,2
41,2026-04-05,PLANE,TOOLS,0,1,1
41,2026-04-05,DRILL,TOOLS,0,4,2
41,2026-04-05,GANG,TOOLS,0,1,3
41,2026-04-05,BEVEL,TOOLS,0,3,3
41,2026-04-05,CREATE,WORDS MEANING SHOUT,1,2,4
41,2026-04-05,YELP,WORDS MEANING SHOUT,1,2,2
41,2026-04-05,CLAMOR,WORDS MEANING SHOUT,1,1,2
41,2026-04-05,CHANT,WORDS MEANING SHOUT,1,4,3
41,2026-04-05,TIBETAN,ASSOCIATED WITH PLATEAU,2,2,3
41,2026-04-05,WAS,ASSOCIATED WITH PLATEAU,2,4,1
41,2026-04-05,STEEP,ASSOCIATED WITH PLATEAU,2,4,4
41,2026-04-05,TERRAIN,ASSOCIATED WITH PLATEAU,2,2,1
41,2026-04-05,UNDER,___ WAY,3,1,4
41,2026-04-05,AIR,___ WAY,3,3,4
41,2026-04-05,HIGH,___ WAY,3,3,2
41,2026-04-05,ANY,___ WAY,3,3,1
42,2026-04-05,CHESS,BOARD GAMES,0,2,2
42,2026-04-05,DIPLOMACY,BOARD GAMES,0,1,4
42,2026-04-05,MONOPOLY,BOARD GAMES,0,4,1
42,2026-04-05,RISK,BOARD GAMES,0,4,4
42,2026-04-05,PETRIFIED,WORDS MEANING HARD,1,3,1
42,2026-04-05,HARSH,WORDS MEANING HARD,1,1,3
42,2026-04-05,HARDENED,WORDS MEANING HARD,1,3,3
42,2026-04-05,UNKIND,WORDS MEANING HARD,1,2,3
42,2026-04-05,AWARD,ASSOCIATED WITH HONOR,2,4,3
42,2026-04-05,INDUCTED,ASSOCIATED WITH HONOR,2,2,1
42,2026-04-05,GALLANTRY,ASSOCIATED WITH HONOR,2,3,2
42,2026-04-05,VETERANS,ASSOCIATED WITH HONOR,2,4,2
42,2026-04-05,SIDE,WATER ___,3,2,4
42,2026-04-05,WAY,WATER ___,3,1,1
42,2026-04-05,PROOF,WATER ___,3,3,4
42,2026-04-05,FALL,WATER ___,3,1,2
43,2026-04-05,FEATURE,PARTS OF THE FACE,0,3,1
43,2026-04-05,BROW,PARTS OF THE FACE,0,1,1
43,2026-04-05,FOREHEAD,PARTS OF THE FACE,0,4,4
43,2026-04-05,MOUTH,PARTS OF THE FACE,0,1,2
43,2026-04-05,MOROSE,WORDS MEANING DARK,1,1,3
43,2026-04-05,OBSCURE,WORDS MEANING DARK,1,4,2
43,2026-04-05,DRAB,WORDS MEANING DARK,1,3,3
43,2026-04-05,BLACK,WORDS MEANING DARK,1,3,4
43,2026-04-05,PLAIN,ASSOCIATED WITH PLATEAU,2,2,2
43,2026-04-05,RUGGED,ASSOCIATED WITH PLATEAU,2,1,4
43,2026-04-05,BOUNDED,ASSOCIATED WITH PLATEAU,2,2,4
43,2026-04-05,ALTITUDE,ASSOCIATED WITH PLATEAU,2,4,3
43,2026-04-05,SCREEN,WIND ___,3,3,2
43,2026-04-05,SHIELD,WIND ___,3,4,1
43,2026-04-05,PIPE,WIND ___,3,2,1
43,2026-04-05,FALL,WIND ___,3,2,3
44,2026-04-05,ZEN,RELIGIONS,0,2,1
44,2026-04-05,ISLAM,RELIGIONS,0,3,1
44,2026-04-05,MYSTICISM,RELIGIONS,0,1,1
44,2026-04-05,VOODOO,RELIGIONS,0,1,3
44,2026-04-05,ANTICIPATE,WORDS MEANING THINK,1,3,4
44,2026-04-05,RETRIEVE,WORDS MEANING THINK,1,4,2
44,2026-04-05,NOTICE,WORDS MEANING THINK,1,3,3
44,2026-04-05,TRUST,WORDS MEANING THINK,1,2,3
44,2026-04-05,WET,ASSOCIATED WITH SWAMP,2,4,1
44,2026-04-05,CREEK,ASSOCIATED WITH SWAMP,2,1,4
44,2026-04-05,MUD,ASSOCIATED WITH SWAMP,2,3,2
44,2026-04-05,ASH,ASSOCIATED WITH SWAMP,2,2,4
44,2026-04-05,TEALS,ANAGRAMS OF EACH OTHER,3,1,2
44,2026-04-05,SLATE,ANAGRAMS OF EACH OTHER,3,4,3
44,2026-04-05,TALES,ANAGRAMS OF EACH OTHER,3,2,2
44,2026-04-05,LEAST,ANAGRAMS OF EACH OTHER,3,4,4
45,2026-04-05,WASH,PAINTING STYLES,0,1,2
45,2026-04-05,LANDSCAPE,PAINTING STYLES,0,2,3
45,2026-04-05,CANVASS,PAINTING STYLES,0,2,4
45,2026-04-05,NUDE,PAINTING STYLES,0,1,4
45,2026-04-05,MODEST,WORDS MEANING SMALL,1,3,4
45,2026-04-05,MODERATE,WORDS MEANING SMALL,1,4,3
45,2026-04-05,LESSER,WORDS MEANING SMALL,1,3,3
45,2026-04-05,SOFT,WORDS MEANING SMALL,1,4,2
45,2026-04-05,CENTER,ASSOCIATED WITH SPACE,2,1,3
45,2026-04-05,PARKING,ASSOCIATED WITH SPACE,2,3,1
45,2026-04-05,INTO,ASSOCIATED WITH SPACE,2,4,4
45,2026-04-05,VECTOR,ASSOCIATED WITH SPACE,2,2,1
45,2026-04-05,BROAD,___ SIDE,3,2,2
45,2026-04-05,SEA,___ SIDE,3,1,1
45,2026-04-05,TOP,___ SIDE,3,4,1
45,2026-04-05,ROAD,___ SIDE,3,3,2
46,2026-04-05,CORAL,GEMS,0,2,4
46,2026-04-05,STONE,GEMS,0,1,4
46,2026-04-05,DIAMOND,GEMS,0,3,1
46,2026-04-05,ADAMANT,GEMS,0,4,1
46,2026-04-05,POINT,WORDS MEANING STOP,1,4,2
46,2026-04-05,QUITTING,WORDS MEANING STOP,1,1,3
46,2026-04-05,SUSPEND,WORDS MEANING STOP,1,2,3
46,2026-04-05,CATCH,WORDS MEANING STOP,1,2,2
46,2026-04-05,CONSUMERS,ASSOCIATED WITH LOYALTY,2,4,3
46,2026-04-05,CARD,ASSOCIATED WITH LOYALTY,2,1,1
46,2026-04-05,EMPEROR,ASSOCIATED WITH LOYALTY,2,1,2
46,2026-04-05,DEVOTION,ASSOCIATED WITH LOYALTY,2,2,1
46,2026-04-05,COUNT,HEAD ___,3,3,4
46,2026-04-05,MASTER,HEAD ___,3,4,4
46,2026-04-05,STRONG,HEAD ___,3,3,3
46,2026-04-05,GEAR,HEAD ___,3,3,2
47,2026-04-05,TAIL,PARTS OF A SHIP,0,1,2
47,2026-04-05,FRAME,PARTS OF A SHIP,0,1,1
47,2026-04-05,BAY,PARTS OF A SHIP,0,3,2
47,2026-04-05,SKELETON,PARTS OF A SHIP,0,3,3
47,2026-04-05,LEAD,WORDS MEANING LEAVE,1,1,4
47,2026-04-05,DEPART,WORDS MEANING LEAVE,1,1,3
47,2026-04-05,PROVIDE,WORDS MEANING LEAVE,1,2,1
47,2026-04-05,ENTRUST,WORDS MEANING LEAVE,1,3,4
47,2026-04-05,WINDS,GOES WITH RAIN,2,4,2
47,2026-04-05,CROPS,GOES WITH RAIN,2,3,1
47,2026-04-05,DELAY,GOES WITH RAIN,2,2,2
47,2026-04-05,STOPPED,GOES WITH RAIN,2,4,3
47,2026-04-05,WAY,HIGH ___,3,2,4
47,2026-04-05,LIGHT,HIGH ___,3,4,4
47,2026-04-05,LAND,HIGH ___,3,2,3
47,2026-04-05,SCHOOL,HIGH ___,3,4,1
48,2026-04-05,JOLLY,BOATS,0,3,1
48,2026-04-05,SHELL,BOATS,0,3,3
48,2026-04-05,LIGHTER,BOATS,0,4,1
48,2026-04-05,SKIFF,BOATS,0,2,4
48,2026-04-05,BED,WORDS MEANING SLEEP,1,1,1
48,2026-04-05,CRASH,WORDS MEANING SLEEP,1,4,3
48,2026-04-05,SEX,WORDS MEANING SLEEP,1,3,4
48,2026-04-05,SHUTDOWN,WORDS MEANING SLEEP,1,2,2
48,2026-04-05,TURBINE,ASSOCIATED WITH POWER,2,1,4
48,2026-04-05,PLANT,ASSOCIATED WITH POWER,2,1,2
48,2026-04-05,ELECTRICAL,ASSOCIATED WITH POWER,2,4,4
48,2026-04-05,RANGERS,ASSOCIATED WITH POWER,2,1,3
48,2026-04-05,DUMB,WORDS WITH SILENT B,3,2,3
48,2026-04-05,BOMB,WORDS WITH SILENT B,3,3,2
48,2026-04-05,LAMB,WORDS WITH SILENT B,3,2,1
48,2026-04-05,DEBT,WORDS WITH SILENT B,3,4,2
49,2026-04-05,PLANE,TOOLS,0,3,2
49,2026-04-05,BURR,TOOLS,0,1,3
49,2026-04-05,PICK,TOOLS,0,2,3
49,2026-04-05,GANG,TOOLS,0,4,1
49,2026-04-05,TAKE,WORDS MEANING BEGIN,1,3,1
49,2026-04-05,COME,WORDS MEANING BEGIN,1,1,4
49,2026-04-05,THROW,WORDS MEANING BEGIN,1,4,4
49,2026-04-05,MOVE,WORDS MEANING BEGIN,1,4,3
49,2026-04-05,MOSTLY,ASSOCIATED WITH STADIUM,2,2,1
49,2026-04-05,RENOVATED,ASSOCIATED WITH STADIUM,2,2,4
49,2026-04-05,FANS,ASSOCIATED WITH STADIUM,2,1,1
49,2026-04-05,GIANTS,ASSOCIATED WITH STADIUM,2,2,2
49,2026-04-05,DOWN,___ FALL,3,4,2
49,2026-04-05,WIND,___ FALL,3,1,2
49,2026-04-05,SHORT,___ FALL,3,3,4
49,2026-04-05,LAND,___ FALL,3,3,3
50,2026-04-05,QUEEN,INSECTS,0,4,1
50,2026-04-05,FLY,INSECTS,0,1,3
50,2026-04-05,EPHEMERAL,INSECTS,0,1,4
50,2026-04-05,WORKER,INSECTS,0,2,1
50,2026-04-05,ATTAIN,WORDS MEANING HIT,1,4,3
50,2026-04-05,HITTING,WORDS MEANING HIT,1,2,2
50,2026-04-05,SHOOT,WORDS MEANING HIT,1,3,1
50,2026-04-05,COMBAT,WORDS MEANING HIT,1,4,4
50,2026-04-05,RELIGION,WORDS RELATED TO FAITH,2,4,2
50,2026-04-05,FATE,WORDS RELATED TO FAITH,2,3,4
50,2026-04-05,WILL,WORDS RELATED TO FAITH,2,1,2
50,2026-04-05,DOCTRINE,WORDS RELATED TO FAITH,2,3,3
50,2026-04-05,RULE,OVER ___,3,2,3
50,2026-04-05,CAST,OVER ___,3,3,2
50,2026-04-05,RATED,OVER ___,3,1,1
50,2026-04-05,BOARD,OVER ___,3,2,4
51,2026-04-05,GUM,TREES,0,2,1
51,2026-04-05,ACACIA,TREES,0,4,3
51,2026-04-05,SNAG,TREES,0,1,1
51,2026-04-05,COFFEE,TREES,0,3,4
51,2026-04-05,FOLLOW,WORDS MEANING WALK,1,1,3
51,2026-04-05,PASS,WORDS MEANING WALK,1,3,3
51,2026-04-05,DRIVEWAY,WORDS MEANING WALK,1,4,1
51,2026-04-05,JUMP,WORDS MEANING WALK,1,4,4
51,2026-04-05,PIPES,ASSOCIATED WITH STEEL,2,3,1
51,2026-04-05,SHEET,ASSOCIATED WITH STEEL,2,2,2
51,2026-04-05,SPAN,ASSOCIATED WITH STEEL,2,3,2
51,2026-04-05,PLATES,ASSOCIATED WITH STEEL,2,4,2
51,2026-04-05,BATTLE,___ FIELD,3,1,2
51,2026-04-05,WHEAT,___ FIELD,3,1,4
51,2026-04-05,AIR,___ FIELD,3,2,4
51,2026-04-05,PLAY,___ FIELD,3,2,3
52,2026-04-05,SPIKE,FLOWERS,0,1,4
52,2026-04-05,BLOSSOM,FLOWERS,0,3,2
52,2026-04-05,BUD,FLOWERS,0,4,2
52,2026-04-05,CATKIN,FLOWERS,0,4,4
52,2026-04-05,TAILS,WORDS MEANING SHARP,1,4,3
52,2026-04-05,SOUR,WORDS MEANING SHARP,1,1,2
52,2026-04-05,PERCEPTIVE,WORDS MEANING SHARP,1,2,2
52,2026-04-05,ACUTE,WORDS MEANING SHARP,1,1,3
52,2026-04-05,FREEDOM,ASSOCIATED WITH LIBERTY,2,3,3
52,2026-04-05,MEMPHIS,ASSOCIATED WITH LIBERTY,2,1,1
52,2026-04-05,DOLLAR,ASSOCIATED WITH LIBERTY,2,2,1
52,2026-04-05,CONSCIENCE,ASSOCIATED WITH LIBERTY,2,3,1
52,2026-04-05,STREAM,UP ___,3,3,4
52,2026-04-05,KEEP,UP ___,3,4,1
52,2026-04-05,DRAFT,UP ___,3,2,3
52,2026-04-05,DATE,UP ___,3,2,4
53,2026-04-05,WINDOW,CAR PARTS,0,4,3
53,2026-04-05,GUN,CAR PARTS,0,1,4
53,2026-04-05,THIRD,CAR PARTS,0,3,1
53,2026-04-05,GRILLE,CAR PARTS,0,3,2
53,2026-04-05,STOCK,WORDS MEANING TIRED,1,3,4
53,2026-04-05,TRITE,WORDS MEANING TIRED,1,2,3
53,2026-04-05,BANAL,WORDS MEANING TIRED,1,2,1
53,2026-04-05,THREADBARE,WORDS MEANING TIRED,1,2,2
53,2026-04-05,DOCK,GOES WITH HARBOR,2,4,1
53,2026-04-05,MASTER,GOES WITH HARBOR,2,1,3
53,2026-04-05,WHEN,GOES WITH HARBOR,2,1,2
53,2026-04-05,BAY,GOES WITH HARBOR,2,2,4
53,2026-04-05,HOUSE,LONG ___,3,4,4
53,2026-04-05,BOAT,LONG ___,3,1,1
53,2026-04-05,BOW,LONG ___,3,3,3
53,2026-04-05,HAND,LONG ___,3,4,2
54,2026-04-05,ALSATIAN,DOG BREEDS,0,3,3
54,2026-04-05,WATCHDOG,DOG BREEDS,0,1,3
54,2026-04-05,PUPPY,DOG BREEDS,0,2,1
54,2026-04-05,HOUND,DOG BREEDS,0,2,3
54,2026-04-05,LOVING,WORDS MEANING BEAUTIFUL,1,3,2
54,2026-04-05,GLORIOUS,WORDS MEANING BEAUTIFUL,1,4,1
54,2026-04-05,CUTE,WORDS MEANING BEAUTIFUL,1,4,2
54,2026-04-05,MAJESTIC,WORDS MEANING BEAUTIFUL,1,4,4
54,2026-04-05,DEFEAT,ASSOCIATED WITH REVENGE,2,1,1
54,2026-04-05,TRIES,ASSOCIATED WITH REVENGE,2,4,3
54,2026-04-05,TAP,ASSOCIATED WITH REVENGE,2,3,1
54,2026-04-05,TELLING,ASSOCIATED WITH REVENGE,2,1,4
54,2026-04-05,UNKNOWN,STARTS WITH 'UN',3,3,4
54,2026-04-05,UNREAL,STARTS WITH 'UN',3,2,2
54,2026-04-05,UNABLE,STARTS WITH 'UN',3,1,2
54,2026-04-05,UNFIT,STARTS WITH 'UN',3,2,4
55,2026-04-05,SEED,FRUITS,0,2,1
55,2026-04-05,BANANA,FRUITS,0,2,3
55,2026-04-05,PINEAPPLE,FRUITS,0,3,2
55,2026-04-05,JACK,FRUITS,0,4,1
55,2026-04-05,COMPRESSED,WORDS MEANING THIN,1,1,3
55,2026-04-05,SLIM,WORDS MEANING THIN,1,4,3
55,2026-04-05,WISPY,WORDS MEANING THIN,1,2,4
55,2026-04-05,DEPRESSED,WORDS MEANING THIN,1,3,3
55,2026-04-05,TONGUE,ASSOCIATED WITH GLACIER,2,1,1
55,2026-04-05,ICE,ASSOCIATED WITH GLACIER,2,1,4
55,2026-04-05,SLOPES,ASSOCIATED WITH GLACIER,2,4,2
55,2026-04-05,SADDLE,ASSOCIATED WITH GLACIER,2,1,2
55,2026-04-05,CLASS,___ ROOM,3,3,4
55,2026-04-05,GUN,___ ROOM,3,4,4
55,2026-04-05,DARK,___ ROOM,3,3,1
55,2026-04-05,BALL,___ ROOM,3,2,2
56,2026-04-05,PYTHON,SNAKES,0,3,2
56,2026-04-05,SERPENT,SNAKES,0,2,2
56,2026-04-05,COBRA,SNAKES,0,2,4
56,2026-04-05,ANACONDA,SNAKES,0,4,3
56,2026-04-05,STORMY,WORDS MEANING ROUGH,1,4,2
56,2026-04-05,CRUSHED,WORDS MEANING ROUGH,1,2,1
56,2026-04-05,DIFFICULT,WORDS MEANING ROUGH,1,1,3
56,2026-04-05,NOTCHED,WORDS MEANING ROUGH,1,1,2
56,2026-04-05,HATRED,ASSOCIATED WITH ANGER,2,4,1
56,2026-04-05,EMOTIONS,ASSOCIATED WITH ANGER,2,3,4
56,2026-04-05,HAPPINESS,ASSOCIATED WITH ANGER,2,1,4
56,2026-04-05,CONFUSION,ASSOCIATED WITH ANGER,2,2,3
56,2026-04-05,HOUND,BLOOD ___,3,4,4
56,2026-04-05,SHOT,BLOOD ___,3,3,1
56,2026-04-05,STAIN,BLOOD ___,3,3,3
56,2026-04-05,BANK,BLOOD ___,3,1,1
57,2026-04-05,CROWN,PARTS OF A TREE,0,4,1
57,2026-04-05,LIMB,PARTS OF A TREE,0,4,2
57,2026-04-05,TRUNK,PARTS OF A TREE,0,3,4
57,2026-04-05,STUMP,PARTS OF A TREE,0,2,4
57,2026-04-05,APPEAR,WORDS MEANING LOOK,1,4,3
57,2026-04-05,BET,WORDS MEANING LOOK,1,2,3
57,2026-04-05,EXPECT,WORDS MEANING LOOK,1,1,2
57,2026-04-05,SEARCH,WORDS MEANING LOOK,1,1,4
57,2026-04-05,ATMOSPHERE,ASSOCIATED WITH SUN,2,1,3
57,2026-04-05,ARIZONA,ASSOCIATED WITH SUN,2,1,1
57,2026-04-05,THEREBY,ASSOCIATED WITH SUN,2,2,1
57,2026-04-05,DIAMETER,ASSOCIATED WITH SUN,2,4,4
57,2026-04-05,LIFE,___ LINE,3,3,2
57,2026-04-05,BORDER,___ LINE,3,3,3
57,2026-04-05,AIR,___ LINE,3,3,1
57,2026-04-05,HOT,___ LINE,3,2,2
58,2026-04-05,CHESS,BOARD GAMES,0,2,2
58,2026-04-05,DRAUGHTS,BOARD GAMES,0,3,3
58,2026-04-05,MONOPOLY,BOARD GAMES,0,3,1
58,2026-04-05,DIPLOMACY,BOARD GAMES,0,1,3
58,2026-04-05,THROW,WORDS MEANING BEGIN,1,3,4
58,2026-04-05,INITIATE,WORDS MEANING BEGIN,1,4,1
58,2026-04-05,ENGAGE,WORDS MEANING BEGIN,1,1,2
58,2026-04-05,BRING,WORDS MEANING BEGIN,1,3,2
58,2026-04-05,MERCY,ASSOCIATED WITH KINDNESS,2,4,2
58,2026-04-05,WISDOM,ASSOCIATED WITH KINDNESS,2,4,4
58,2026-04-05,MORAL,ASSOCIATED WITH KINDNESS,2,1,4
58,2026-04-05,EVIL,ASSOCIATED WITH KINDNESS,2,2,3
58,2026-04-05,MALE,CONTAINS 'ALE',3,1,1
58,2026-04-05,WHALE,CONTAINS 'ALE',3,2,4
58,2026-04-05,STALE,CONTAINS 'ALE',3,2,1
58,2026-04-05,SALE,CONTAINS 'ALE',3,4,3
59,2026-04-05,STEEL,WEAPONS,0,3,2
59,2026-04-05,ARM,WEAPONS,0,3,1
59,2026-04-05,KNUCKLES,WEAPONS,0,3,3
59,2026-04-05,BRAND,WEAPONS,0,1,3
59,2026-04-05,LADDER,WORDS MEANING RUN,1,1,4
59,2026-04-05,BLEED,WORDS MEANING RUN,1,4,2
59,2026-04-05,FLOW,WORDS MEANING RUN,1,2,1
59,2026-04-05,PASS,WORDS MEANING RUN,1,2,4
59,2026-04-05,BUDDHISM,ASSOCIATED WITH TEMPLE,2,4,3
59,2026-04-05,BUDDHA,ASSOCIATED WITH TEMPLE,2,2,3
59,2026-04-05,MOSQUE,ASSOCIATED WITH TEMPLE,2,4,1
59,2026-04-05,IDOLS,ASSOCIATED WITH TEMPLE,2,2,2
59,2026-04-05,NOTE,___ BOOK,3,4,4
59,2026-04-05,WORK,___ BOOK,3,1,2
59,2026-04-05,GUEST,___ BOOK,3,1,1
59,2026-04-05,GUIDE,___ BOOK,3,3,4
60,2026-04-05,MERCURY,PLANETS,0,2,1
60,2026-04-05,JUPITER,PLANETS,0,3,4
60,2026-04-05,MARS,PLANETS,0,4,2
60,2026-04-05,VENUS,PLANETS,0,1,3
60,2026-04-05,WEIGHTED,WORDS MEANING HEAVY,1,4,4
60,2026-04-05,THICK,WORDS MEANING HEAVY,1,3,2
60,2026-04-05,GREAT,WORDS MEANING HEAVY,1,2,3
60,2026-04-05,SULLEN,WORDS MEANING HEAVY,1,1,1
60,2026-04-05,MIND,ASSOCIATED WITH DOUBT,2,1,4
60,2026-04-05,WHETHER,ASSOCIATED WITH DOUBT,2,1,2
60,2026-04-05,VERACITY,ASSOCIATED WITH DOUBT,2,3,3
60,2026-04-05,VALIDITY,ASSOCIATED WITH DOUBT,2,2,2
60,2026-04-05,FALL,WIND ___,3,2,4
60,2026-04-05,PIPE,WIND ___,3,3,1
60,2026-04-05,SHIELD,WIND ___,3,4,3
60,2026-04-05,WARD,WIND ___,3,4,1
61,2026-04-05,HELM,PARTS OF A SHIP,0,2,2
61,2026-04-05,SKELETON,PARTS OF A SHIP,0,1,4
61,2026-04-05,FRAME,PARTS OF A SHIP,0,3,3
61,2026-04-05,LOG,PARTS OF A SHIP,0,4,2
61,2026-04-05,APT,WORDS MEANING CLEVER,1,2,4
61,2026-04-05,CUNNING,WORDS MEANING CLEVER,1,1,2
61,2026-04-05,INGENIOUS,WORDS MEANING CLEVER,1,4,3
61,2026-04-05,CANNY,WORDS MEANING CLEVER,1,3,1
61,2026-04-05,CIRCLE,ASSOCIATED WITH STONE,2,1,3
61,2026-04-05,STEPS,ASSOCIATED WITH STONE,2,1,1
61,2026-04-05,ROSES,ASSOCIATED WITH STONE,2,3,2
61,2026-04-05,BRICK,ASSOCIATED WITH STONE,2,3,4
61,2026-04-05,WARE,___ HOUSE,3,4,1
61,2026-04-05,COURT,___ HOUSE,3,2,1
61,2026-04-05,TREE,___ HOUSE,3,4,4
61,2026-04-05,CLUB,___ HOUSE,3,2,3
62,2026-04-05,TAOISM,RELIGIONS,0,1,3
62,2026-04-05,BUDDHISM,RELIGIONS,0,1,2
62,2026-04-05,ZEN,RELIGIONS,0,4,2
62,2026-04-05,CULT,RELIGIONS,0,3,2
62,2026-04-05,PRESS,WORDS MEANING PUSH,1,3,4
62,2026-04-05,ADVANCING,WORDS MEANING PUSH,1,1,4
62,2026-04-05,CAMPAIGN,WORDS MEANING PUSH,1,1,1
62,2026-04-05,CRUSH,WORDS MEANING PUSH,1,3,3
62,2026-04-05,RIDERS,ASSOCIATED WITH FREEDOM,2,2,3
62,2026-04-05,AMENDMENT,ASSOCIATED WITH FREEDOM,2,2,4
62,2026-04-05,CENSORSHIP,ASSOCIATED WITH FREEDOM,2,2,1
62,2026-04-05,CHOOSE,ASSOCIATED WITH FREEDOM,2,4,3
62,2026-04-05,RAIL,VOWEL PATTERN AI,3,2,2
62,2026-04-05,BAIL,VOWEL PATTERN AI,3,3,1
62,2026-04-05,TRAIL,VOWEL PATTERN AI,3,4,1
62,2026-04-05,SAIL,VOWEL PATTERN AI,3,4,4
63,2026-04-05,ENVELOPE,TYPES OF BAGS,0,4,1
63,2026-04-05,POCKET,TYPES OF BAGS,0,1,3
63,2026-04-05,SKIN,TYPES OF BAGS,0,2,4
63,2026-04-05,SACK,TYPES OF BAGS,0,3,2
63,2026-04-05,PERCEPTION,WORDS MEANING LOOK,1,2,1
63,2026-04-05,POINT,WORDS MEANING LOOK,1,1,2
63,2026-04-05,STUDYING,WORDS MEANING LOOK,1,4,3
63,2026-04-05,FLAVOR,WORDS MEANING LOOK,1,3,4
63,2026-04-05,POWELL,ASSOCIATED WITH CANYON,2,2,2
63,2026-04-05,FLOWS,ASSOCIATED WITH CANYON,2,3,3
63,2026-04-05,HIKING,ASSOCIATED WITH CANYON,2,3,1
63,2026-04-05,RIM,ASSOCIATED WITH CANYON,2,1,1
63,2026-04-05,TRAFFIC,___ LIGHT,3,2,3
63,2026-04-05,CANDLE,___ LIGHT,3,4,2
63,2026-04-05,HEAD,___ LIGHT,3,1,4
63,2026-04-05,FLASH,___ LIGHT,3,4,4
64,2026-04-05,HUSKY,DOG BREEDS,0,4,3
64,2026-04-05,CHOW,DOG BREEDS,0,4,2
64,2026-04-05,TOY,DOG BREEDS,0,2,4
64,2026-04-05,BARKER,DOG BREEDS,0,3,1
64,2026-04-05,HARDENED,WORDS MEANING HARD,1,4,1
64,2026-04-05,AWKWARD,WORDS MEANING HARD,1,4,4
64,2026-04-05,STUBBORN,WORDS MEANING HARD,1,3,4
64,2026-04-05,STRONG,WORDS MEANING HARD,1,3,3
64,2026-04-05,MORAL,ASSOCIATED WITH KINDNESS,2,1,2
64,2026-04-05,HUMILITY,ASSOCIATED WITH KINDNESS,2,2,3
64,2026-04-05,AFFECTION,ASSOCIATED WITH KINDNESS,2,1,4
64,2026-04-05,BEAUTY,ASSOCIATED WITH KINDNESS,2,1,1
64,2026-04-05,HOUSE,BIRD ___,3,3,2
64,2026-04-05,WATCH,BIRD ___,3,1,3
64,2026-04-05,CALL,BIRD ___,3,2,2
64,2026-04-05,CAGE,BIRD ___,3,2,1
65,2026-04-05,STUMP,TOOTH PARTS,0,1,2
65,2026-04-05,ROOT,TOOTH PARTS,0,2,4
65,2026-04-05,CROWN,TOOTH PARTS,0,4,3
65,2026-04-05,CUSP,TOOTH PARTS,0,2,3
65,2026-04-05,WEAKEN,WORDS MEANING BREAK,1,2,2
65,2026-04-05,BREACH,WORDS MEANING BREAK,1,1,3
65,2026-04-05,BANKRUPT,WORDS MEANING BREAK,1,4,4
65,2026-04-05,EXPOSE,WORDS MEANING BREAK,1,3,1
65,2026-04-05,ISLAND,GOES WITH DESERT,2,3,3
65,2026-04-05,VEGAS,GOES WITH DESERT,2,3,2
65,2026-04-05,RAINFALL,GOES WITH DESERT,2,1,4
65,2026-04-05,PLANTS,GOES WITH DESERT,2,4,1
65,2026-04-05,BALL,EYE ___,3,1,1
65,2026-04-05,LET,EYE ___,3,4,2
65,2026-04-05,DROP,EYE ___,3,3,4
65,2026-04-05,LASH,EYE ___,3,2,1
66,2026-04-05,QUEEN,INSECTS,0,1,2
66,2026-04-05,WASP,INSECTS,0,1,1
66,2026-04-05,EPHEMERAL,INSECTS,0,3,3
66,2026-04-05,BUG,INSECTS,0,2,4
66,2026-04-05,EXHAUSTED,WORDS MEANING TIRED,1,2,1
66,2026-04-05,DEAD,WORDS MEANING TIRED,1,3,2
66,2026-04-05,AWFUL,WORDS MEANING TIRED,1,3,1
66,2026-04-05,DRAWN,WORDS MEANING TIRED,1,4,3
66,2026-04-05,HEIGHT,WORDS RELATED TO PYRAMID,2,4,2
66,2026-04-05,DYNASTY,WORDS RELATED TO PYRAMID,2,1,3
66,2026-04-05,PREMIER,WORDS RELATED TO PYRAMID,2,4,4
66,2026-04-05,CULT,WORDS RELATED TO PYRAMID,2,3,4
66,2026-04-05,RAPE,ANAGRAMS OF EACH OTHER,3,2,3
66,2026-04-05,PEAR,ANAGRAMS OF EACH OTHER,3,4,1
66,2026-04-05,PARE,ANAGRAMS OF EACH OTHER,3,2,2
66,2026-04-05,REAP,ANAGRAMS OF EACH OTHER,3,1,4
67,2026-04-05,HUNTER,CLOUD TYPES,0,2,2
67,2026-04-05,MIST,CLOUD TYPES,0,3,1
67,2026-04-05,SMOKE,CLOUD TYPES,0,3,2
67,2026-04-05,FOG,CLOUD TYPES,0,2,4
67,2026-04-05,KEEP,WORDS MEANING HIDE,1,2,3
67,2026-04-05,SECRET,WORDS MEANING HIDE,1,4,3
67,2026-04-05,DISGUISE,WORDS MEANING HIDE,1,4,2
67,2026-04-05,DENY,WORDS MEANING HIDE,1,2,1
67,2026-04-05,MARS,ASSOCIATED WITH MOON,2,4,1
67,2026-04-05,PLANETS,ASSOCIATED WITH MOON,2,1,4
67,2026-04-05,LANDING,ASSOCIATED WITH MOON,2,3,4
67,2026-04-05,RIM,ASSOCIATED WITH MOON,2,4,4
67,2026-04-05,DOOR,___ MAN,3,1,2
67,2026-04-05,SERVICE,___ MAN,3,1,3
67,2026-04-05,MARKS,___ MAN,3,1,1
67,2026-04-05,PLAY,___ MAN,3,3,3
68,2026-04-05,BARGE,BOATS,0,4,4
68,2026-04-05,TUG,BOATS,0,3,3
68,2026-04-05,SHELL,BOATS,0,2,1
68,2026-04-05,CUTTER,BOATS,0,4,3
68,2026-04-05,OCCLUSION,WORDS MEANING STOP,1,3,1
68,2026-04-05,DIAPHRAGM,WORDS MEANING STOP,1,3,2
68,2026-04-05,CHECK,WORDS MEANING STOP,1,1,3
68,2026-04-05,BREAK,WORDS MEANING STOP,1,2,3
68,2026-04-05,SACRED,ASSOCIATED WITH SACRIFICE,2,2,4
68,2026-04-05,DEITIES,ASSOCIATED WITH SACRIFICE,2,2,2
68,2026-04-05,SAVE,ASSOCIATED WITH SACRIFICE,2,4,2
68,2026-04-05,SINS,ASSOCIATED WITH SACRIFICE,2,1,4
68,2026-04-05,STAND,NIGHT ___,3,1,2
68,2026-04-05,LIFE,NIGHT ___,3,3,4
68,2026-04-05,SHADE,NIGHT ___,3,1,1
68,2026-04-05,FALL,NIGHT ___,3,4,1
69,2026-04-05,BUS,COMPUTER PARTS,0,2,2
69,2026-04-05,PROCESSOR,COMPUTER PARTS,0,4,1
69,2026-04-05,CHIP,COMPUTER PARTS,0,1,1
69,2026-04-05,MONITOR,COMPUTER PARTS,0,3,1
69,2026-04-05,HANDSOME,WORDS MEANING BEAUTIFUL,1,3,3
69,2026-04-05,ELEGANT,WORDS MEANING BEAUTIFUL,1,3,4
69,2026-04-05,LOVING,WORDS MEANING BEAUTIFUL,1,1,2
69,2026-04-05,GORGEOUS,WORDS MEANING BEAUTIFUL,1,4,3
69,2026-04-05,THERE,GOES WITH PALACE,2,4,4
69,2026-04-05,THE,GOES WITH PALACE,2,3,2
69,2026-04-05,GROUNDS,GOES WITH PALACE,2,2,4
69,2026-04-05,THEATRE,GOES WITH PALACE,2,2,3
69,2026-04-05,ANTI,___ FIRE,3,1,4
69,2026-04-05,BACK,___ FIRE,3,4,2
69,2026-04-05,OPEN,___ FIRE,3,1,3
69,2026-04-05,MISS,___ FIRE,3,2,1
70,2026-04-05,ACRYLIC,FABRICS,0,2,4
70,2026-04-05,DUFFEL,FABRICS,0,4,1
70,2026-04-05,WEB,FABRICS,0,3,3
70,2026-04-05,WOOLEN,FABRICS,0,3,2
70,2026-04-05,LUNCH,WORDS MEANING EAT,1,1,2
70,2026-04-05,ABSORB,WORDS MEANING EAT,1,4,2
70,2026-04-05,SUCK,WORDS MEANING EAT,1,4,4
70,2026-04-05,GRAB,WORDS MEANING EAT,1,1,4
70,2026-04-05,RISES,ASSOCIATED WITH SUN,2,1,3
70,2026-04-05,SHINE,ASSOCIATED WITH SUN,2,4,3
70,2026-04-05,VENUS,ASSOCIATED WITH SUN,2,2,2
70,2026-04-05,JUPITER,ASSOCIATED WITH SUN,2,3,1
70,2026-04-05,KAYAK,PALINDROMES,3,1,1
70,2026-04-05,TENET,PALINDROMES,3,2,3
70,2026-04-05,STATS,PALINDROMES,3,3,4
70,2026-04-05,REVIVER,PALINDROMES,3,2,1
71,2026-04-05,BRAZIL,NUTS,0,4,3
71,2026-04-05,CHESTNUT,NUTS,0,1,1
71,2026-04-05,WALNUT,NUTS,0,2,1
71,2026-04-05,MAST,NUTS,0,4,4
71,2026-04-05,PERSIST,WORDS MEANING RUN,1,4,2
71,2026-04-05,INCLINE,WORDS MEANING RUN,1,2,2
71,2026-04-05,BUNK,WORDS MEANING RUN,1,1,4
71,2026-04-05,EXTEND,WORDS MEANING RUN,1,3,2
71,2026-04-05,ENERGY,ASSOCIATED WITH HEAT,2,1,3
71,2026-04-05,INTO,ASSOCIATED WITH HEAT,2,3,4
71,2026-04-05,SINK,ASSOCIATED WITH HEAT,2,4,1
71,2026-04-05,CAPACITY,ASSOCIATED WITH HEAT,2,3,1
71,2026-04-05,COURT,___ HOUSE,3,2,3
71,2026-04-05,OPEN,___ HOUSE,3,1,2
71,2026-04-05,TOWN,___ HOUSE,3,2,4
71,2026-04-05,TREE,___ HOUSE,3,3,3
72,2026-04-05,WILDCAT,CAT BREEDS,0,3,2
72,2026-04-05,MALTESE,CAT BREEDS,0,3,1
72,2026-04-05,SIAMESE,CAT BREEDS,0,4,3
72,2026-04-05,PAINTER,CAT BREEDS,0,4,4
72,2026-04-05,BIND,WORDS MEANING FIX,1,1,2
72,2026-04-05,HOLE,WORDS MEANING FIX,1,2,4
72,2026-04-05,COOK,WORDS MEANING FIX,1,2,1
72,2026-04-05,MAKE,WORDS MEANING FIX,1,4,1
72,2026-04-05,CLASSIC,ASSOCIATED WITH NOSTALGIA,2,2,3
72,2026-04-05,NOSTALGIC,ASSOCIATED WITH NOSTALGIA,2,1,3
72,2026-04-05,REMEMBER,ASSOCIATED WITH NOSTALGIA,2,1,1
72,2026-04-05,PAST,ASSOCIATED WITH NOSTALGIA,2,3,4
72,2026-04-05,BERRY,BLACK ___,3,4,2
72,2026-04-05,BOX,BLACK ___,3,1,4
72,2026-04-05,BOARD,BLACK ___,3,2,2
72,2026-04-05,JACK,BLACK ___,3,3,3
73,2026-04-05,EYEBROW,PARTS OF THE FACE,0,1,1
73,2026-04-05,EYE,PARTS OF THE FACE,0,3,4
73,2026-04-05,FACIAL,PARTS OF THE FACE,0,2,4
73,2026-04-05,BEARD,PARTS OF THE FACE,0,1,2
73,2026-04-05,PLACID,WORDS MEANING QUIET,1,4,1
73,2026-04-05,RESTRAINED,WORDS MEANING QUIET,1,4,2
73,2026-04-05,MUTED,WORDS MEANING QUIET,1,1,3
73,2026-04-05,STILL,WORDS MEANING QUIET,1,3,1
73,2026-04-05,ATHLETICS,ASSOCIATED WITH STADIUM,2,2,3
73,2026-04-05,RENOVATED,ASSOCIATED WITH STADIUM,2,3,2
73,2026-04-05,HOME,ASSOCIATED WITH STADIUM,2,2,2
73,2026-04-05,YANKEES,ASSOCIATED WITH STADIUM,2,2,1
73,2026-04-05,MAIL,BLACK ___,3,3,3
73,2026-04-05,SMITH,BLACK ___,3,1,4
73,2026-04-05,BIRD,BLACK ___,3,4,3
73,2026-04-05,THORN,BLACK ___,3,4,4
74,2026-04-05,LAUNCH,BOATS,0,4,4
74,2026-04-05,FERRY,BOATS,0,4,2
74,2026-04-05,LIFEBOAT,BOATS,0,1,3
74,2026-04-05,LIGHTER,BOATS,0,2,2
74,2026-04-05,EXTREME,WORDS MEANING DEEP,1,1,4
74,2026-04-05,BROAD,WORDS MEANING DEEP,1,1,2
74,2026-04-05,UTTER,WORDS MEANING DEEP,1,4,1
74,2026-04-05,MYSTERIOUS,WORDS MEANING DEEP,1,3,4
74,2026-04-05,GUAM,ASSOCIATED WITH HARBOR,2,1,1
74,2026-04-05,DEPARTED,ASSOCIATED WITH HARBOR,2,3,1
74,2026-04-05,FLEET,ASSOCIATED WITH HARBOR,2,2,1
74,2026-04-05,DOCK,ASSOCIATED WITH HARBOR,2,3,2
74,2026-04-05,SLATE,ANAGRAMS OF EACH OTHER,3,3,3
74,2026-04-05,STEAL,ANAGRAMS OF EACH OTHER,3,4,3
74,2026-04-05,TALES,ANAGRAMS OF EACH OTHER,3,2,3
74,2026-04-05,TEALS,ANAGRAMS OF EACH OTHER,3,2,4
75,2026-04-05,ADAGIO,DANCES,0,3,3
75,2026-04-05,CLOG,DANCES,0,1,3
75,2026-04-05,TANGO,DANCES,0,2,4
75,2026-04-05,VARIATION,DANCES,0,4,2
75,2026-04-05,GAG,WORDS MEANING LAUGH,1,2,1
75,2026-04-05,AMUSEMENT,WORDS MEANING LAUGH,1,4,3
75,2026-04-05,DRILL,WORDS MEANING LAUGH,1,2,2
75,2026-04-05,FARCE,WORDS MEANING LAUGH,1,4,4
75,2026-04-05,THEATRICAL,ASSOCIATED WITH THEATER,2,1,2
75,2026-04-05,ARTISTIC,ASSOCIATED WITH THEATER,2,3,2
75,2026-04-05,OPERATIONS,ASSOCIATED WITH THEATER,2,1,1
75,2026-04-05,HOLLYWOOD,ASSOCIATED WITH THEATER,2,3,1
75,2026-04-05,SERVICE,___ MAN,3,3,4
75,2026-04-05,CHAIR,___ MAN,3,2,3
75,2026-04-05,MARKS,___ MAN,3,1,4
75,2026-04-05,STATES,___ MAN,3,4,1
76,2026-04-05,ANISE,SPICES,0,2,2
76,2026-04-05,PAPRIKA,SPICES,0,2,1
76,2026-04-05,FENNEL,SPICES,0,3,2
76,2026-04-05,CARAWAY,SPICES,0,2,4
76,2026-04-05,OBSCURE,WORDS MEANING DARK,1,1,2
76,2026-04-05,CONCEALED,WORDS MEANING DARK,1,4,1
76,2026-04-05,GRIM,WORDS MEANING DARK,1,3,1
76,2026-04-05,EVIL,WORDS MEANING DARK,1,1,3
76,2026-04-05,COMMITMENT,ASSOCIATED WITH PASSION,2,2,3
76,2026-04-05,EASTER,ASSOCIATED WITH PASSION,2,3,4
76,2026-04-05,GOSPEL,ASSOCIATED WITH PASSION,2,1,4
76,2026-04-05,DESIRE,ASSOCIATED WITH PASSION,2,4,4
76,2026-04-05,DOG,BIRD ___,3,3,3
76,2026-04-05,HOUSE,BIRD ___,3,4,2
76,2026-04-05,CALL,BIRD ___,3,1,1
76,2026-04-05,SEED,BIRD ___,3,4,3
77,2026-04-05,STUDY,PARTS OF A HOUSE,0,2,1
77,2026-04-05,PORCH,PARTS OF A HOUSE,0,1,1
77,2026-04-05,ATTIC,PARTS OF A HOUSE,0,4,4
77,2026-04-05,LIBRARY,PARTS OF A HOUSE,0,3,1
77,2026-04-05,SUBDUED,WORDS MEANING QUIET,1,2,3
77,2026-04-05,SMOOTH,WORDS MEANING QUIET,1,2,2
77,2026-04-05,MUTED,WORDS MEANING QUIET,1,1,4
77,2026-04-05,TRANQUIL,WORDS MEANING QUIET,1,3,3
77,2026-04-05,MARINE,GOES WITH REEF,2,2,4
77,2026-04-05,SHALLOW,GOES WITH REEF,2,1,3
77,2026-04-05,GROWTH,GOES WITH REEF,2,4,2
77,2026-04-05,SHELF,GOES WITH REEF,2,4,3
77,2026-04-05,UNDER,___ GROUND,3,3,4
77,2026-04-05,PLAY,___ GROUND,3,4,1
77,2026-04-05,BATTLE,___ GROUND,3,1,2
77,2026-04-05,FORE,___ GROUND,3,3,2
78,2026-04-05,PAPRIKA,SPICES,0,2,3
78,2026-04-05,NUTMEG,SPICES,0,1,2
78,2026-04-05,PEPPER,SPICES,0,4,4
78,2026-04-05,GINGER,SPICES,0,4,3
78,2026-04-05,WICKEDNESS,WORDS MEANING DARK,1,3,1
78,2026-04-05,INACTIVE,WORDS MEANING DARK,1,2,1
78,2026-04-05,SULLEN,WORDS MEANING DARK,1,1,3
78,2026-04-05,GRIM,WORDS MEANING DARK,1,1,4
78,2026-04-05,SUGAR,ASSOCIATED WITH BLOOD,2,2,4
78,2026-04-05,ORGANS,ASSOCIATED WITH BLOOD,2,2,2
78,2026-04-05,CORD,ASSOCIATED WITH BLOOD,2,4,2
78,2026-04-05,ANTIBODIES,ASSOCIATED WITH BLOOD,2,3,2
78,2026-04-05,MEAT,WORDS THAT SOUND LIKE ANOTHER WORD,3,1,1
78,2026-04-05,NEW,WORDS THAT SOUND LIKE ANOTHER WORD,3,3,4
78,2026-04-05,EYE,WORDS THAT SOUND LIKE ANOTHER WORD,3,4,1
78,2026-04-05,TALE,WORDS THAT SOUND LIKE ANOTHER WORD,3,3,3
79,2026-04-05,MAZURKA,DANCES,0,1,2
79,2026-04-05,TANGO,DANCES,0,4,3
79,2026-04-05,QUICKSTEP,DANCES,0,2,1
79,2026-04-05,SHIMMY,DANCES,0,3,2
79,2026-04-05,COLLAPSE,WORDS MEANING FALL,1,1,3
79,2026-04-05,STRIKE,WORDS MEANING FALL,1,3,4
79,2026-04-05,DUSK,WORDS MEANING FALL,1,4,2
79,2026-04-05,DROPPED,WORDS MEANING FALL,1,1,4
79,2026-04-05,RANCH,ASSOCIATED WITH VALLEY,2,2,4
79,2026-04-05,CANYON,ASSOCIATED WITH VALLEY,2,3,1
79,2026-04-05,MOUNTAINS,ASSOCIATED WITH VALLEY,2,2,2
79,2026-04-05,RANGES,ASSOCIATED WITH VALLEY,2,4,4
79,2026-04-05,BASE,___ BOARD,3,1,1
79,2026-04-05,CARD,___ BOARD,3,2,3
79,2026-04-05,SURF,___ BOARD,3,4,1
79,2026-04-05,SNOW,___ BOARD,3,3,3
80,2026-04-05,TROUT,FISH,0,2,1
80,2026-04-05,RAY,FISH,0,4,1
80,2026-04-05,SALMON,FISH,0,3,1
80,2026-04-05,HERRING,FISH,0,1,4
80,2026-04-05,COURAGEOUS,WORDS MEANING BRAVE,1,2,4
80,2026-04-05,MIGHTY,WORDS MEANING BRAVE,1,1,2
80,2026-04-05,LOVELY,WORDS MEANING BRAVE,1,2,3
80,2026-04-05,DARING,WORDS MEANING BRAVE,1,4,4
80,2026-04-05,RESOLVED,ASSOCIATED WITH TENSION,2,3,2
80,2026-04-05,ROD,ASSOCIATED WITH TENSION,2,4,2
80,2026-04-05,PITCH,ASSOCIATED WITH TENSION,2,1,3
80,2026-04-05,ANXIETY,ASSOCIATED WITH TENSION,2,3,4
80,2026-04-05,CAST,DOWN ___,3,1,1
80,2026-04-05,BEAT,DOWN ___,3,4,3
80,2026-04-05,SWING,DOWN ___,3,3,3
80,2026-04-05,PLAY,DOWN ___,3,2,2
81,2026-04-05,PORCH,PARTS OF A HOUSE,0,1,1
81,2026-04-05,STUDY,PARTS OF A HOUSE,0,3,2
81,2026-04-05,LOFT,PARTS OF A HOUSE,0,4,2
81,2026-04-05,ATTIC,PARTS OF A HOUSE,0,2,2
81,2026-04-05,COURAGEOUS,WORDS MEANING BRAVE,1,2,4
81,2026-04-05,DAUNTLESS,WORDS MEANING BRAVE,1,2,3
81,2026-04-05,HARDY,WORDS MEANING BRAVE,1,4,3
81,2026-04-05,GAY,WORDS MEANING BRAVE,1,1,2
81,2026-04-05,WATERS,ASSOCIATED WITH OCEAN,2,1,3
81,2026-04-05,SHIPPING,ASSOCIATED WITH OCEAN,2,4,1
81,2026-04-05,REEF,ASSOCIATED WITH OCEAN,2,3,1
81,2026-04-05,VOYAGE,ASSOCIATED WITH OCEAN,2,1,4
81,2026-04-05,SHOW,SIDE ___,3,3,3
81,2026-04-05,WALK,SIDE ___,3,3,4
81,2026-04-05,TRACK,SIDE ___,3,2,1
81,2026-04-05,BURNS,SIDE ___,3,4,4
82,2026-04-05,COMMA,BUTTERFLIES,0,1,1
82,2026-04-05,BLUE,BUTTERFLIES,0,2,4
82,2026-04-05,MONARCH,BUTTERFLIES,0,2,3
82,2026-04-05,COPPER,BUTTERFLIES,0,3,2
82,2026-04-05,INHUMANE,WORDS MEANING COLD,1,4,3
82,2026-04-05,WINTRY,WORDS MEANING COLD,1,4,1
82,2026-04-05,FAR,WORDS MEANING COLD,1,2,2
82,2026-04-05,RAW,WORDS MEANING COLD,1,4,2
82,2026-04-05,ROCKY,ASSOCIATED WITH CLIFF,2,1,4
82,2026-04-05,EROSION,ASSOCIATED WITH CLIFF,2,1,2
82,2026-04-05,BEACH,ASSOCIATED WITH CLIFF,2,1,3
82,2026-04-05,RISES,ASSOCIATED WITH CLIFF,2,3,1
82,2026-04-05,UNFAIR,STARTS WITH 'UN',3,3,3
82,2026-04-05,UNKNOWN,STARTS WITH 'UN',3,4,4
82,2026-04-05,UNREAL,STARTS WITH 'UN',3,3,4
82,2026-04-05,UNLOCK,STARTS WITH 'UN',3,2,1
83,2026-04-05,ANISE,SPICES,0,2,4
83,2026-04-05,FENNEL,SPICES,0,3,1
83,2026-04-05,GINGER,SPICES,0,1,2
83,2026-04-05,PEPPER,SPICES,0,4,4
83,2026-04-05,PEACE,WORDS MEANING QUIET,1,1,3
83,2026-04-05,CALMNESS,WORDS MEANING QUIET,1,3,2
83,2026-04-05,PEACEFUL,WORDS MEANING QUIET,1,3,4
83,2026-04-05,SEDATE,WORDS MEANING QUIET,1,1,1
83,2026-04-05,UNOFFICIAL,ASSOCIATED WITH WIND,2,2,1
83,2026-04-05,WILL,ASSOCIATED WITH WIND,2,4,3
83,2026-04-05,WARM,ASSOCIATED WITH WIND,2,2,3
83,2026-04-05,CAME,ASSOCIATED WITH WIND,2,4,1
83,2026-04-05,SKATE,___ BOARD,3,1,4
83,2026-04-05,KEY,___ BOARD,3,3,3
83,2026-04-05,CUP,___ BOARD,3,2,2
83,2026-04-05,PASTE,___ BOARD,3,4,2
84,2026-04-05,RAY,FISH,0,3,2
84,2026-04-05,SOLE,FISH,0,1,1
84,2026-04-05,HERRING,FISH,0,4,2
84,2026-04-05,SALMON,FISH,0,3,4
84,2026-04-05,SMUG,WORDS MEANING HAPPY,1,1,3
84,2026-04-05,PROSPEROUS,WORDS MEANING HAPPY,1,1,4
84,2026-04-05,CONTENT,WORDS MEANING HAPPY,1,4,1
84,2026-04-05,CHEERFUL,WORDS MEANING HAPPY,1,3,1
84,2026-04-05,RIVALRY,ASSOCIATED WITH TENSION,2,2,3
84,2026-04-05,LIQUID,ASSOCIATED WITH TENSION,2,4,4
84,2026-04-05,ROPE,ASSOCIATED WITH TENSION,2,2,2
84,2026-04-05,STRESS,ASSOCIATED WITH TENSION,2,1,2
84,2026-04-05,BIRD,BLUE ___,3,2,1
84,2026-04-05,TOOTH,BLUE ___,3,2,4
84,2026-04-05,BOTTLE,BLUE ___,3,4,3
84,2026-04-05,BERRY,BLUE ___,3,3,3
85,2026-04-05,TRUNK,PARTS OF A TREE,0,3,1
85,2026-04-05,CROWN,PARTS OF A TREE,0,1,2
85,2026-04-05,LIMB,PARTS OF A TREE,0,4,1
85,2026-04-05,BURL,PARTS OF A TREE,0,1,4
85,2026-04-05,WARM,WORDS MEANING HOT,1,4,2
85,2026-04-05,SIZZLING,WORDS MEANING HOT,1,2,1
85,2026-04-05,NEAR,WORDS MEANING HOT,1,3,2
85,2026-04-05,WANTED,WORDS MEANING HOT,1,1,3
85,2026-04-05,SANTA,GOES WITH RANCH,2,3,4
85,2026-04-05,OUTSIDE,GOES WITH RANCH,2,1,1
85,2026-04-05,SCOUT,GOES WITH RANCH,2,2,2
85,2026-04-05,COUNTRY,GOES WITH RANCH,2,2,3
85,2026-04-05,PORT,AIR ___,3,3,3
85,2026-04-05,BRUSH,AIR ___,3,4,3
85,2026-04-05,LIFT,AIR ___,3,4,4
85,2026-04-05,SHIP,AIR ___,3,2,4
86,2026-04-05,FIN,TYPES OF SHOES,0,4,2
86,2026-04-05,SNEAKER,TYPES OF SHOES,0,3,4
86,2026-04-05,SPECTATOR,TYPES OF SHOES,0,1,1
86,2026-04-05,PUMP,TYPES OF SHOES,0,4,4
86,2026-04-05,COOL,WORDS MEANING COLD,1,2,4
86,2026-04-05,INHUMAN,WORDS MEANING COLD,1,3,1
86,2026-04-05,FAR,WORDS MEANING COLD,1,3,2
86,2026-04-05,OLD,WORDS MEANING COLD,1,1,3
86,2026-04-05,WASTELAND,WORDS RELATED TO DESERT,2,4,3
86,2026-04-05,IRAQ,WORDS RELATED TO DESERT,2,3,3
86,2026-04-05,STRAND,WORDS RELATED TO DESERT,2,4,1
86,2026-04-05,DESSERT,WORDS RELATED TO DESERT,2,1,2
86,2026-04-05,COEDIT,STARTS WITH 'CO',3,2,3
86,2026-04-05,COSTAR,STARTS WITH 'CO',3,2,2
86,2026-04-05,COEXIST,STARTS WITH 'CO',3,1,4
86,2026-04-05,COPILOT,STARTS WITH 'CO',3,2,1
87,2026-04-05,SOLE,FISH,0,4,1
87,2026-04-05,SALMON,FISH,0,2,3
87,2026-04-05,HERRING,FISH,0,4,3
87,2026-04-05,TROUT,FISH,0,2,1
87,2026-04-05,CONFUSE,WORDS MEANING DECEIVE,1,4,4
87,2026-04-05,FOX,WORDS MEANING DECEIVE,1,2,2
87,2026-04-05,CON,WORDS MEANING DECEIVE,1,2,4
87,2026-04-05,BLUFF,WORDS MEANING DECEIVE,1,3,2
87,2026-04-05,PIPE,ASSOCIATED WITH STEEL,2,1,4
87,2026-04-05,DOOR,ASSOCIATED WITH STEEL,2,1,3
87,2026-04-05,COMPANY,ASSOCIATED WITH STEEL,2,3,1
87,2026-04-05,THE,ASSOCIATED WITH STEEL,2,3,3
87,2026-04-05,LONG,___ TIME,3,3,4
87,2026-04-05,ANY,___ TIME,3,1,1
87,2026-04-05,DOWN,___ TIME,3,1,2
87,2026-04-05,WAR,___ TIME,3,4,2
88,2026-04-05,STETSON,HATS,0,4,1
88,2026-04-05,PANAMA,HATS,0,3,4
88,2026-04-05,SAILOR,HATS,0,4,4
88,2026-04-05,LID,HATS,0,4,2
88,2026-04-05,BLANKET,WORDS MEANING WIDE,1,2,4
88,2026-04-05,BROAD,WORDS MEANING WIDE,1,3,1
88,2026-04-05,STRETCHING,WORDS MEANING WIDE,1,3,2
88,2026-04-05,WIDESPREAD,WORDS MEANING WIDE,1,1,1
88,2026-04-05,CONSCIENCE,ASSOCIATED WITH COURAGE,2,2,2
88,2026-04-05,ODDS,ASSOCIATED WITH COURAGE,2,4,3
88,2026-04-05,DISPLAYED,ASSOCIATED WITH COURAGE,2,1,4
88,2026-04-05,DOG,ASSOCIATED WITH COURAGE,2,1,3
88,2026-04-05,LONG,HEAD ___,3,3,3
88,2026-04-05,MASTER,HEAD ___,3,2,3
88,2026-04-05,BAND,HEAD ___,3,2,1
88,2026-04-05,DRESS,HEAD ___,3,1,2
89,2026-04-05,HELM,PARTS OF A SHIP,0,3,3
89,2026-04-05,QUARTER,PARTS OF A SHIP,0,1,4
89,2026-04-05,TOP,PARTS OF A SHIP,0,3,1
89,2026-04-05,SHEET,PARTS OF A SHIP,0,3,2
89,2026-04-05,INCISIVE,WORDS MEANING SHARP,1,4,2
89,2026-04-05,TART,WORDS MEANING SHARP,1,1,1
89,2026-04-05,SHREWD,WORDS MEANING SHARP,1,2,3
89,2026-04-05,ABRUPT,WORDS MEANING SHARP,1,2,2
89,2026-04-05,CRYSTALS,ASSOCIATED WITH ICE,2,2,1
89,2026-04-05,WINTER,ASSOCIATED WITH ICE,2,1,2
89,2026-04-05,DRAFTED,ASSOCIATED WITH ICE,2,4,1
89,2026-04-05,CAP,ASSOCIATED WITH ICE,2,2,4
89,2026-04-05,BERRY,BLACK ___,3,1,3
89,2026-04-05,THORN,BLACK ___,3,4,4
89,2026-04-05,BOOK,BLACK ___,3,3,4
89,2026-04-05,BIRD,BLACK ___,3,4,3
90,2026-04-05,TOM,CAT BREEDS,0,1,1
90,2026-04-05,QUEEN,CAT BREEDS,0,2,4
90,2026-04-05,PAINTER,CAT BREEDS,0,3,2
90,2026-04-05,PUSSY,CAT BREEDS,0,1,4
90,2026-04-05,LAUGHTER,WORDS MEANING LAUGH,1,4,3
90,2026-04-05,HOWL,WORDS MEANING LAUGH,1,4,2
90,2026-04-05,AMUSEMENT,WORDS MEANING LAUGH,1,1,2
90,2026-04-05,COMEDY,WORDS MEANING LAUGH,1,2,2
90,2026-04-05,BONDS,ASSOCIATED WITH LIBERTY,2,4,1
90,2026-04-05,STATUE,ASSOCIATED WITH LIBERTY,2,1,3
90,2026-04-05,EQUALITY,ASSOCIATED WITH LIBERTY,2,2,3
90,2026-04-05,SHIP,ASSOCIATED WITH LIBERTY,2,3,3
90,2026-04-05,KNIFE,ALL END WITH 'E',3,3,1
90,2026-04-05,DROME,ALL END WITH 'E',3,4,4
90,2026-04-05,BRAVE,ALL END WITH 'E',3,2,1
90,2026-04-05,RIDGE,ALL END WITH 'E',3,3,4
91,2026-04-05,PIGMENT,VEHICLES,0,4,1
91,2026-04-05,ACRYLIC,VEHICLES,0,2,1
91,2026-04-05,OIL,VEHICLES,0,1,4
91,2026-04-05,WATERCOLOR,VEHICLES,0,2,4
91,2026-04-05,NOVEL,WORDS MEANING NEW,1,1,3
91,2026-04-05,NEWLY,WORDS MEANING NEW,1,2,2
91,2026-04-05,GREEN,WORDS MEANING NEW,1,4,4
91,2026-04-05,FRESH,WORDS MEANING NEW,1,1,2
91,2026-04-05,VISION,ASSOCIATED WITH NIGHT,2,4,3
91,2026-04-05,RAW,ASSOCIATED WITH NIGHT,2,3,1
91,2026-04-05,SKY,ASSOCIATED WITH NIGHT,2,3,4
91,2026-04-05,MIDNIGHT,ASSOCIATED WITH NIGHT,2,1,1
91,2026-04-05,SOURCE,___ BOOK,3,2,3
91,2026-04-05,PAY,___ BOOK,3,4,2
91,2026-04-05,GUEST,___ BOOK,3,3,3
91,2026-04-05,RULE,___ BOOK,3,3,2
92,2026-04-05,TROUT,FISH,0,2,1
92,2026-04-05,HERRING,FISH,0,2,3
92,2026-04-05,SOLE,FISH,0,3,2
92,2026-04-05,RAY,FISH,0,3,4
92,2026-04-05,CHEERFUL,WORDS MEANING HAPPY,1,1,2
92,2026-04-05,PLEASURE,WORDS MEANING HAPPY,1,2,2
92,2026-04-05,PROUD,WORDS MEANING HAPPY,1,4,1
92,2026-04-05,SMUG,WORDS MEANING HAPPY,1,2,4
92,2026-04-05,TRUSTEES,WORDS RELATED TO TRUST,2,1,1
92,2026-04-05,AIMS,WORDS RELATED TO TRUST,2,3,3
92,2026-04-05,WILDLIFE,WORDS RELATED TO TRUST,2,1,3
92,2026-04-05,CREDIT,WORDS RELATED TO TRUST,2,3,1
92,2026-04-05,BRUSH,AIR ___,3,4,4
92,2026-04-05,FARE,AIR ___,3,4,3
92,2026-04-05,WAVES,AIR ___,3,1,4
92,2026-04-05,GUN,AIR ___,3,4,2
93,2026-04-05,QUARTER,PARTS OF A SHIP,0,3,3
93,2026-04-05,BAY,PARTS OF A SHIP,0,3,1
93,2026-04-05,TAIL,PARTS OF A SHIP,0,2,2
93,2026-04-05,LOG,PARTS OF A SHIP,0,1,3
93,2026-04-05,UPSET,WORDS MEANING DESTROY,1,4,3
93,2026-04-05,DAMAGE,WORDS MEANING DESTROY,1,2,3
93,2026-04-05,TEAR,WORDS MEANING DESTROY,1,1,4
93,2026-04-05,ERADICATE,WORDS MEANING DESTROY,1,3,4
93,2026-04-05,CHAIN,GOES WITH GOLD,2,1,1
93,2026-04-05,DISC,GOES WITH GOLD,2,3,2
93,2026-04-05,COINS,GOES WITH GOLD,2,4,1
93,2026-04-05,WHICH,GOES WITH GOLD,2,4,2
93,2026-04-05,CHAIR,HIGH ___,3,2,1
93,2026-04-05,ROAD,HIGH ___,3,1,2
93,2026-04-05,RISE,HIGH ___,3,4,4
93,2026-04-05,LIGHT,HIGH ___,3,2,4
94,2026-04-05,EMERALD,GEMS,0,3,2
94,2026-04-05,ADAMANT,GEMS,0,2,3
94,2026-04-05,DIAMOND,GEMS,0,1,2
94,2026-04-05,PLASMA,GEMS,0,1,4
94,2026-04-05,HITTING,WORDS MEANING HIT,1,4,1
94,2026-04-05,RAP,WORDS MEANING HIT,1,2,4
94,2026-04-05,STRIKE,WORDS MEANING HIT,1,2,1
94,2026-04-05,BANG,WORDS MEANING HIT,1,2,2
94,2026-04-05,BENEVOLENT,WORDS RELATED TO KINDNESS,2,4,2
94,2026-04-05,HARMONY,WORDS RELATED TO KINDNESS,2,1,1
94,2026-04-05,HUMANITY,WORDS RELATED TO KINDNESS,2,1,3
94,2026-04-05,FLOWER,WORDS RELATED TO KINDNESS,2,3,3
94,2026-04-05,HATCH,ALL START WITH 'H',3,3,4
94,2026-04-05,HEAVY,ALL START WITH 'H',3,3,1
94,2026-04-05,HILLS,ALL START WITH 'H',3,4,4
94,2026-04-05,HONOR,ALL START WITH 'H',3,4,3
95,2026-04-05,HEN,BIRDS,0,4,3
95,2026-04-05,NESTER,BIRDS,0,4,1
95,2026-04-05,OWL,BIRDS,0,4,2
95,2026-04-05,AMAZON,BIRDS,0,2,4
95,2026-04-05,SPIKE,WORDS MEANING STEAL,1,4,4
95,2026-04-05,GET,WORDS MEANING STEAL,1,3,4
95,2026-04-05,FLIER,WORDS MEANING STEAL,1,2,3
95,2026-04-05,AWAY,WORDS MEANING STEAL,1,2,1
95,2026-04-05,JESSICA,ASSOCIATED WITH DUNE,2,3,3
95,2026-04-05,FORMS,ASSOCIATED WITH DUNE,2,3,1
95,2026-04-05,SPICE,ASSOCIATED WITH DUNE,2,1,3
95,2026-04-05,EROSION,ASSOCIATED WITH DUNE,2,2,2
95,2026-04-05,PASTE,___ BOARD,3,1,4
95,2026-04-05,SIDE,___ BOARD,3,1,1
95,2026-04-05,DART,___ BOARD,3,1,2
95,2026-04-05,CHECK,___ BOARD,3,3,2
96,2026-04-05,CHESS,BOARD GAMES,0,2,4
96,2026-04-05,DRAUGHTS,BOARD GAMES,0,3,4
96,2026-04-05,RISK,BOARD GAMES,0,4,3
96,2026-04-05,MONOPOLY,BOARD GAMES,0,1,4
96,2026-04-05,SEE,WORDS MEANING THINK,1,2,2
96,2026-04-05,APPEAR,WORDS MEANING THINK,1,4,2
96,2026-04-05,INDICATE,WORDS MEANING THINK,1,3,3
96,2026-04-05,SUGGEST,WORDS MEANING THINK,1,2,3
96,2026-04-05,REEF,ASSOCIATED WITH RESILIENCE,2,3,1
96,2026-04-05,ADAPTATION,ASSOCIATED WITH RESILIENCE,2,3,2
96,2026-04-05,FACTORS,ASSOCIATED WITH RESILIENCE,2,1,3
96,2026-04-05,RECOVER,ASSOCIATED WITH RESILIENCE,2,4,4
96,2026-04-05,LINE,HEAD ___,3,1,2
96,2026-04-05,ACHE,HEAD ___,3,4,1
96,2026-04-05,GEAR,HEAD ___,3,1,1
96,2026-04-05,STRONG,HEAD ___,3,2,1
97,2026-04-05,STUMP,PARTS OF A TREE,0,2,3
97,2026-04-05,TRUNK,PARTS OF A TREE,0,4,4
97,2026-04-05,CROWN,PARTS OF A TREE,0,3,3
97,2026-04-05,BURL,PARTS OF A TREE,0,2,4
97,2026-04-05,WEAKLY,WORDS MEANING WEAK,1,3,4
97,2026-04-05,FAINT,WORDS MEANING WEAK,1,2,2
97,2026-04-05,FRAIL,WORDS MEANING WEAK,1,1,3
97,2026-04-05,LIGHT,WORDS MEANING WEAK,1,3,1
97,2026-04-05,SAILING,ASSOCIATED WITH PIRATE,2,1,2
97,2026-04-05,REVENGE,ASSOCIATED WITH PIRATE,2,4,3
97,2026-04-05,VESSEL,ASSOCIATED WITH PIRATE,2,3,2
97,2026-04-05,SEAS,ASSOCIATED WITH PIRATE,2,1,1
97,2026-04-05,HOT,___ LINE,3,1,4
97,2026-04-05,DEAD,___ LINE,3,4,1
97,2026-04-05,STORY,___ LINE,3,4,2
97,2026-04-05,BORDER,___ LINE,3,2,1
98,2026-04-05,BALL,WEAPONS,0,4,1
98,2026-04-05,SABRE,WEAPONS,0,2,3
98,2026-04-05,STEEL,WEAPONS,0,1,2
98,2026-04-05,KNUCKLES,WEAPONS,0,4,3
98,2026-04-05,LIVE,WORDS MEANING HOT,1,2,1
98,2026-04-05,NEAR,WORDS MEANING HOT,1,1,3
98,2026-04-05,SEXY,WORDS MEANING HOT,1,3,2
98,2026-04-05,ACTIVE,WORDS MEANING HOT,1,1,4
98,2026-04-05,HOOK,WORDS RELATED TO PIRATE,2,1,1
98,2026-04-05,SHIP,WORDS RELATED TO PIRATE,2,2,4
98,2026-04-05,ATTACKER,WORDS RELATED TO PIRATE,2,3,1
98,2026-04-05,SLAVE,WORDS RELATED TO PIRATE,2,4,4
98,2026-04-05,NOON,PALINDROMES,3,4,2
98,2026-04-05,TENET,PALINDROMES,3,3,3
98,2026-04-05,REDDER,PALINDROMES,3,3,4
98,2026-04-05,ROTATOR,PALINDROMES,3,2,2
99,2026-04-05,ROLLER,BIRDS,0,1,3
99,2026-04-05,SWIFT,BIRDS,0,1,4
99,2026-04-05,POULTRY,BIRDS,0,3,2
99,2026-04-05,SWAN,BIRDS,0,2,1
99,2026-04-05,GRIM,WORDS MEANING DARK,1,4,3
99,2026-04-05,MOODY,WORDS MEANING DARK,1,2,2
99,2026-04-05,CONCEALED,WORDS MEANING DARK,1,1,1
99,2026-04-05,DARKENED,WORDS MEANING DARK,1,3,4
99,2026-04-05,WATERFALL,ASSOCIATED WITH CANYON,2,2,4
99,2026-04-05,WATERSHED,ASSOCIATED WITH CANYON,2,3,3
99,2026-04-05,WYOMING,ASSOCIATED WITH CANYON,2,3,1
99,2026-04-05,RECREATION,ASSOCIATED WITH CANYON,2,4,1
99,2026-04-05,UNDER,___ LINE,3,1,2
99,2026-04-05,STORY,___ LINE,3,2,3
99,2026-04-05,TIME,___ LINE,3,4,4
99,2026-04-05,AIR,___ LINE,3,4,2
100,2026-04-05,MARS,PLANETS,0,2,4
100,2026-04-05,VENUS,PLANETS,0,3,4
100,2026-04-05,SATURN,PLANETS,0,3,2
100,2026-04-05,JUPITER,PLANETS,0,4,1
100,2026-04-05,AMPLITUDE,WORDS MEANING WIDE,1,4,2
100,2026-04-05,STRETCHING,WORDS MEANING WIDE,1,3,3
100,2026-04-05,SPREADING,WORDS MEANING WIDE,1,1,1
100,2026-04-05,FULL,WORDS MEANING WIDE,1,1,2
100,2026-04-05,DIVINE,WORDS RELATED TO TRUTH,2,1,3
100,2026-04-05,ASKS,WORDS RELATED TO TRUTH,2,2,1
100,2026-04-05,GOD,WORDS RELATED TO TRUTH,2,2,2
100,2026-04-05,SINCERELY,WORDS RELATED TO TRUTH,2,3,1
100,2026-04-05,TAKE,OVER ___,3,4,3
100,2026-04-05,CAST,OVER ___,3,4,4
100,2026-04-05,COAT,OVER ___,3,1,4
100,2026-04-05,COME,OVER ___,3,2,3
101,2026-04-05,STUMP,PARTS OF A TREE,0,3,2
101,2026-04-05,BURL,PARTS OF A TREE,0,4,2
101,2026-04-05,LIMB,PARTS OF A TREE,0,4,3
101,2026-04-05,CROWN,PARTS OF A TREE,0,2,1
101,2026-04-05,NOTICE,WORDS MEANING FIND,1,1,2
101,2026-04-05,ENCOUNTER,WORDS MEANING FIND,1,4,1
101,2026-04-05,RULE,WORDS MEANING FIND,1,2,4
101,2026-04-05,SEE,WORDS MEANING FIND,1,1,1
101,2026-04-05,STEEP,ASSOCIATED WITH MOUNTAIN,2,2,2
101,2026-04-05,ALTITUDE,ASSOCIATED WITH MOUNTAIN,2,1,4
101,2026-04-05,SLOPE,ASSOCIATED WITH MOUNTAIN,2,3,1
101,2026-04-05,HIKING,ASSOCIATED WITH MOUNTAIN,2,3,3
101,2026-04-05,LASH,BACK ___,3,2,3
101,2026-04-05,GROUND,BACK ___,3,4,4
101,2026-04-05,STAGE,BACK ___,3,3,4
101,2026-04-05,BONE,BACK ___,3,1,3
102,2026-04-05,LEGUME,VEGETABLES,0,1,1
102,2026-04-05,CELERY,VEGETABLES,0,1,4
102,2026-04-05,CHIPS,VEGETABLES,0,4,4
102,2026-04-05,MURPHY,VEGETABLES,0,2,3
102,2026-04-05,RUNNING,WORDS MEANING RUN,1,3,3
102,2026-04-05,CARRY,WORDS MEANING RUN,1,3,2
102,2026-04-05,BUNK,WORDS MEANING RUN,1,4,1
102,2026-04-05,RACE,WORDS MEANING RUN,1,4,2
102,2026-04-05,MYSTERY,ASSOCIATED WITH FATE,2,2,2
102,2026-04-05,WORSE,ASSOCIATED WITH FATE,2,3,1
102,2026-04-05,UNCERTAIN,ASSOCIATED WITH FATE,2,2,4
102,2026-04-05,HANDS,ASSOCIATED WITH FATE,2,4,3
102,2026-04-05,HUMAN,ALL END WITH 'N',3,1,2
102,2026-04-05,PLAIN,ALL END WITH 'N',3,3,4
102,2026-04-05,CABIN,ALL END WITH 'N',3,1,3
102,2026-04-05,GRAIN,ALL END WITH 'N',3,2,1
103,2026-04-05,ANACONDA,SNAKES,0,3,4
103,2026-04-05,BOA,SNAKES,0,3,1
103,2026-04-05,COBRA,SNAKES,0,2,1
103,2026-04-05,SERPENT,SNAKES,0,1,2
103,2026-04-05,OUTLINE,WORDS MEANING ROUGH,1,1,3
103,2026-04-05,UNSKILLED,WORDS MEANING ROUGH,1,1,1
103,2026-04-05,LINED,WORDS MEANING ROUGH,1,4,3
103,2026-04-05,HARSH,WORDS MEANING ROUGH,1,2,4
103,2026-04-05,SANCTUARY,ASSOCIATED WITH REEF,2,2,3
103,2026-04-05,DIVE,ASSOCIATED WITH REEF,2,4,2
103,2026-04-05,TURTLE,ASSOCIATED WITH REEF,2,2,2
103,2026-04-05,DEPTHS,ASSOCIATED WITH REEF,2,3,2
103,2026-04-05,PLAY,___ MAN,3,1,4
103,2026-04-05,HORSE,___ MAN,3,4,1
103,2026-04-05,SERVICE,___ MAN,3,3,3
103,2026-04-05,POLICE,___ MAN,3,4,4
104,2026-04-05,PLASMA,GEMS,0,2,3
104,2026-04-05,TURQUOISE,GEMS,0,4,4
104,2026-04-05,ADAMANT,GEMS,0,2,1
104,2026-04-05,STONE,GEMS,0,4,3
104,2026-04-05,VIVID,WORDS MEANING LOUD,1,1,1
104,2026-04-05,LOUDLY,WORDS MEANING LOUD,1,3,2
104,2026-04-05,YELLED,WORDS MEANING LOUD,1,3,3
104,2026-04-05,TAWDRY,WORDS MEANING LOUD,1,1,4
104,2026-04-05,ALLOCATION,WORDS RELATED TO TRUST,2,1,2
104,2026-04-05,DEPENDABLE,WORDS RELATED TO TRUST,2,4,1
104,2026-04-05,LOYALTY,WORDS RELATED TO TRUST,2,2,4
104,2026-04-05,HONESTY,WORDS RELATED TO TRUST,2,1,3
104,2026-04-05,LET,EYE ___,3,3,4
104,2026-04-05,PIECE,EYE ___,3,3,1
104,2026-04-05,SIGHT,EYE ___,3,2,2
104,2026-04-05,DROP,EYE ___,3,4,2
105,2026-04-05,CUSP,TOOTH PARTS,0,3,2
105,2026-04-05,CROWN,TOOTH PARTS,0,2,2
105,2026-04-05,ROOT,TOOTH PARTS,0,1,4
105,2026-04-05,PULP,TOOTH PARTS,0,3,4
105,2026-04-05,FRUSTRATED,WORDS MEANING ANGRY,1,4,3
105,2026-04-05,DISGUSTED,WORDS MEANING ANGRY,1,1,2
105,2026-04-05,UPSET,WORDS MEANING ANGRY,1,4,1
105,2026-04-05,HEATED,WORDS MEANING ANGRY,1,4,4
105,2026-04-05,FIREPLACE,ASSOCIATED WITH KITCHEN,2,2,4
105,2026-04-05,CEILING,ASSOCIATED WITH KITCHEN,2,1,1
105,2026-04-05,PORCH,ASSOCIATED WITH KITCHEN,2,2,1
105,2026-04-05,STAIRCASE,ASSOCIATED WITH KITCHEN,2,1,3
105,2026-04-05,TAG,___ LINE,3,3,3
105,2026-04-05,GUIDE,___ LINE,3,4,2
105,2026-04-05,DEAD,___ LINE,3,2,3
105,2026-04-05,BORDER,___ LINE,3,3,1
106,2026-04-05,BUNK,FURNITURE,0,2,4
106,2026-04-05,CABINET,FURNITURE,0,4,1
106,2026-04-05,STAND,FURNITURE,0,1,2
106,2026-04-05,BOARD,FURNITURE,0,3,2
106,2026-04-05,DEPARTURE,WORDS MEANING LEAVE,1,1,1
106,2026-04-05,ALLOW,WORDS MEANING LEAVE,1,4,4
106,2026-04-05,IMPART,WORDS MEANING LEAVE,1,2,3
106,2026-04-05,FAREWELL,WORDS MEANING LEAVE,1,4,3
106,2026-04-05,COST,WORDS RELATED TO SACRIFICE,2,3,3
106,2026-04-05,JESUS,WORDS RELATED TO SACRIFICE,2,1,4
106,2026-04-05,HONOR,WORDS RELATED TO SACRIFICE,2,2,1
106,2026-04-05,HEROISM,WORDS RELATED TO SACRIFICE,2,2,2
106,2026-04-05,SAINT,ANAGRAMS OF EACH OTHER,3,3,4
106,2026-04-05,ANTIS,ANAGRAMS OF EACH OTHER,3,4,2
106,2026-04-05,TAINS,ANAGRAMS OF EACH OTHER,3,3,1
106,2026-04-05,SATIN,ANAGRAMS OF EACH OTHER,3,1,3
107,2026-04-05,CASTOR,HATS,0,4,1
107,2026-04-05,SAILOR,HATS,0,1,3
107,2026-04-05,PANAMA,HATS,0,3,4
107,2026-04-05,BEAVER,HATS,0,4,4
107,2026-04-05,CRUSADE,WORDS MEANING PUSH,1,2,1
107,2026-04-05,LABOR,WORDS MEANING PUSH,1,4,3
107,2026-04-05,THROW,WORDS MEANING PUSH,1,1,1
107,2026-04-05,NUDGE,WORDS MEANING PUSH,1,2,4
107,2026-04-05,OLYMPICS,ASSOCIATED WITH ICE,2,3,1
107,2026-04-05,DANCING,ASSOCIATED WITH ICE,2,3,2
107,2026-04-05,TOURNAMENT,ASSOCIATED WITH ICE,2,4,2
107,2026-04-05,SHEET,ASSOCIATED WITH ICE,2,2,3
107,2026-04-05,PLAY,___ FIELD,3,2,2
107,2026-04-05,MINE,___ FIELD,3,1,2
107,2026-04-05,GOLD,___ FIELD,3,3,3
107,2026-04-05,WHEAT,___ FIELD,3,1,4
108,2026-04-05,CEREAL,GRAINS,0,4,4
108,2026-04-05,GRIST,GRAINS,0,1,3
108,2026-04-05,BARLEY,GRAINS,0,4,1
108,2026-04-05,RICE,GRAINS,0,2,3
108,2026-04-05,UNDERGO,WORDS MEANING MOVE,1,3,4
108,2026-04-05,RUN,WORDS MEANING MOVE,1,1,2
108,2026-04-05,INCITE,WORDS MEANING MOVE,1,4,2
108,2026-04-05,FORWARD,WORDS MEANING MOVE,1,1,4
108,2026-04-05,MOMENT,WORDS RELATED TO GLORY,2,2,4
108,2026-04-05,VANITY,WORDS RELATED TO GLORY,2,2,2
108,2026-04-05,SPLENDOR,WORDS RELATED TO GLORY,2,2,1
108,2026-04-05,SUN,WORDS RELATED TO GLORY,2,4,3
108,2026-04-05,BAG,HAND ___,3,3,2
108,2026-04-05,MADE,HAND ___,3,3,3
108,2026-04-05,PICKED,HAND ___,3,1,1
108,2026-04-05,WORK,HAND ___,3,3,1
109,2026-04-05,TORSO,BODY PARTS,0,2,1
109,2026-04-05,CAVITY,BODY PARTS,0,2,2
109,2026-04-05,LEG,BODY PARTS,0,2,4
109,2026-04-05,TRUNK,BODY PARTS,0,4,3
109,2026-04-05,SPARSE,WORDS MEANING THIN,1,3,2
109,2026-04-05,SLENDER,WORDS MEANING THIN,1,1,1
109,2026-04-05,SLIGHT,WORDS MEANING THIN,1,4,1
109,2026-04-05,TENUOUS,WORDS MEANING THIN,1,4,4
109,2026-04-05,CORD,ASSOCIATED WITH BLOOD,2,3,1
109,2026-04-05,INFECTED,ASSOCIATED WITH BLOOD,2,1,4
109,2026-04-05,OXYGEN,ASSOCIATED WITH BLOOD,2,3,4
109,2026-04-05,ARTERIES,ASSOCIATED WITH BLOOD,2,2,3
109,2026-04-05,LINE,BLOOD ___,3,1,2
109,2026-04-05,BANK,BLOOD ___,3,3,3
109,2026-04-05,BATH,BLOOD ___,3,1,3
109,2026-04-05,SHED,BLOOD ___,3,4,2
110,2026-04-05,BUCKSKIN,HORSE BREEDS,0,2,1
110,2026-04-05,POSTER,HORSE BREEDS,0,2,4
110,2026-04-05,STUD,HORSE BREEDS,0,1,2
110,2026-04-05,ENTIRE,HORSE BREEDS,0,4,3
110,2026-04-05,PROPER,WORDS MEANING HONEST,1,3,3
110,2026-04-05,VIRTUOUS,WORDS MEANING HONEST,1,1,1
110,2026-04-05,EQUITABLE,WORDS MEANING HONEST,1,3,4
110,2026-04-05,FAIRLY,WORDS MEANING HONEST,1,1,3
110,2026-04-05,GENERATOR,ASSOCIATED WITH POWER,2,3,1
110,2026-04-05,TURBINE,ASSOCIATED WITH POWER,2,4,1
110,2026-04-05,ELECTRICAL,ASSOCIATED WITH POWER,2,3,2
110,2026-04-05,VETO,ASSOCIATED WITH POWER,2,2,3
110,2026-04-05,MIGHT,DIFFER BY ONE LETTER FROM 'NIGHT',3,4,4
110,2026-04-05,BIGHT,DIFFER BY ONE LETTER FROM 'NIGHT',3,1,4
110,2026-04-05,RIGHT,DIFFER BY ONE LETTER FROM 'NIGHT',3,2,2
110,2026-04-05,SIGHT,DIFFER BY ONE LETTER FROM 'NIGHT',3,4,2
111,2026-04-05,PLATFORM,TYPES OF SHOES,0,1,3
111,2026-04-05,SNEAKER,TYPES OF SHOES,0,4,1
111,2026-04-05,WALKER,TYPES OF SHOES,0,4,3
111,2026-04-05,SPECTATOR,TYPES OF SHOES,0,2,3
111,2026-04-05,LANKY,WORDS MEANING THIN,1,4,2
111,2026-04-05,LEAN,WORDS MEANING THIN,1,3,2
111,2026-04-05,TENUOUS,WORDS MEANING THIN,1,2,1
111,2026-04-05,PALE,WORDS MEANING THIN,1,3,3
111,2026-04-05,THAT,ASSOCIATED WITH DUNE,2,2,2
111,2026-04-05,ANDERSON,ASSOCIATED WITH DUNE,2,4,4
111,2026-04-05,CREST,ASSOCIATED WITH DUNE,2,1,2
111,2026-04-05,EROSION,ASSOCIATED WITH DUNE,2,3,1
111,2026-04-05,SKY,___ WALK,3,1,1
111,2026-04-05,BOARD,___ WALK,3,2,4
111,2026-04-05,CAT,___ WALK,3,3,4
111,2026-04-05,JAY,___ WALK,3,1,4
112,2026-04-05,SIAMESE,CAT BREEDS,0,4,1
112,2026-04-05,QUEEN,CAT BREEDS,0,4,3
112,2026-04-05,KITTY,CAT BREEDS,0,2,1
112,2026-04-05,PUSSY,CAT BREEDS,0,1,1
112,2026-04-05,REFER,WORDS MEANING LOOK,1,1,3
112,2026-04-05,THINKING,WORDS MEANING LOOK,1,4,2
112,2026-04-05,TONE,WORDS MEANING LOOK,1,3,1
112,2026-04-05,NOTICE,WORDS MEANING LOOK,1,2,4
112,2026-04-05,SHOP,ASSOCIATED WITH BEAUTY,2,1,4
112,2026-04-05,UNIVERSE,ASSOCIATED WITH BEAUTY,2,1,2
112,2026-04-05,FASHION,ASSOCIATED WITH BEAUTY,2,3,2
112,2026-04-05,PAGEANT,ASSOCIATED WITH BEAUTY,2,3,4
112,2026-04-05,BOTTLE,BLUE ___,3,4,4
112,2026-04-05,TOOTH,BLUE ___,3,2,3
112,2026-04-05,PRINT,BLUE ___,3,3,3
112,2026-04-05,BELL,BLUE ___,3,2,2
113,2026-04-05,SCREW,PARTS OF A SHIP,0,2,1
113,2026-04-05,FIN,PARTS OF A SHIP,0,2,2
113,2026-04-05,SHEET,PARTS OF A SHIP,0,4,3
113,2026-04-05,LOG,PARTS OF A SHIP,0,4,2
113,2026-04-05,INCITE,WORDS MEANING MOVE,1,3,1
113,2026-04-05,STRIKE,WORDS MEANING MOVE,1,2,4
113,2026-04-05,RUN,WORDS MEANING MOVE,1,1,3
113,2026-04-05,PROMPT,WORDS MEANING MOVE,1,1,1
113,2026-04-05,COLORADO,ASSOCIATED WITH RANCH,2,4,1
113,2026-04-05,OWNED,ASSOCIATED WITH RANCH,2,1,4
113,2026-04-05,PROPERTY,ASSOCIATED WITH RANCH,2,2,3
113,2026-04-05,LAS,ASSOCIATED WITH RANCH,2,3,3
113,2026-04-05,SHED,WATER ___,3,4,4
113,2026-04-05,MARK,WATER ___,3,3,4
113,2026-04-05,MELON,WATER ___,3,1,2
113,2026-04-05,FRONT,WATER ___,3,3,2
114,2026-04-05,ACRYLIC,FABRICS,0,4,4
114,2026-04-05,SATIN,FABRICS,0,3,3
114,2026-04-05,SERGE,FABRICS,0,4,2
114,2026-04-05,TERRY,FABRICS,0,1,4
114,2026-04-05,GET,WORDS MEANING FIX,1,4,1
114,2026-04-05,PREPARE,WORDS MEANING FIX,1,2,2
114,2026-04-05,HOOK,WORDS MEANING FIX,1,1,1
114,2026-04-05,PATCH,WORDS MEANING FIX,1,3,4
114,2026-04-05,SABLE,WORDS RELATED TO BEACH,2,1,2
114,2026-04-05,RANGE,WORDS RELATED TO BEACH,2,2,4
114,2026-04-05,FIELD,WORDS RELATED TO BEACH,2,1,3
114,2026-04-05,STRIKE,WORDS RELATED TO BEACH,2,2,3
114,2026-04-05,REDDER,PALINDROMES,3,2,1
114,2026-04-05,REPAPER,PALINDROMES,3,3,1
114,2026-04-05,NOON,PALINDROMES,3,4,3
114,2026-04-05,STATS,PALINDROMES,3,3,2
115,2026-04-05,BEAVER,HATS,0,1,2
115,2026-04-05,PANAMA,HATS,0,2,4
115,2026-04-05,TURBAN,HATS,0,3,1
115,2026-04-05,LID,HATS,0,4,3
115,2026-04-05,GRAVID,WORDS MEANING HEAVY,1,1,1
115,2026-04-05,HEAVILY,WORDS MEANING HEAVY,1,2,1
115,2026-04-05,FULL,WORDS MEANING HEAVY,1,3,4
115,2026-04-05,HARSH,WORDS MEANING HEAVY,1,2,2
115,2026-04-05,HAWAII,ASSOCIATED WITH OCEAN,2,4,2
115,2026-04-05,EARTHQUAKE,ASSOCIATED WITH OCEAN,2,3,2
115,2026-04-05,LATITUDE,ASSOCIATED WITH OCEAN,2,3,3
115,2026-04-05,ESCORT,ASSOCIATED WITH OCEAN,2,4,1
115,2026-04-05,TURN,___ GATE,3,4,4
115,2026-04-05,IRON,___ GATE,3,1,3
115,2026-04-05,TOLL,___ GATE,3,2,3
115,2026-04-05,FLAP,___ GATE,3,1,4
116,2026-04-05,MINIATURE,PAINTING STYLES,0,1,1
116,2026-04-05,WATERCOLOR,PAINTING STYLES,0,1,2
116,2026-04-05,CANVAS,PAINTING STYLES,0,2,2
116,2026-04-05,WASH,PAINTING STYLES,0,3,2
116,2026-04-05,LURE,WORDS MEANING DECEIVE,1,3,3
116,2026-04-05,TRICK,WORDS MEANING DECEIVE,1,4,3
116,2026-04-05,BETRAY,WORDS MEANING DECEIVE,1,3,4
116,2026-04-05,BLUFF,WORDS MEANING DECEIVE,1,1,3
116,2026-04-05,BRAND,ASSOCIATED WITH LOYALTY,2,4,1
116,2026-04-05,BETRAYAL,ASSOCIATED WITH LOYALTY,2,2,1
116,2026-04-05,EMPEROR,ASSOCIATED WITH LOYALTY,2,3,1
116,2026-04-05,CROWN,ASSOCIATED WITH LOYALTY,2,2,4
116,2026-04-05,HOUSE,LONG ___,3,2,3
116,2026-04-05,BOW,LONG ___,3,4,2
116,2026-04-05,SHORE,LONG ___,3,4,4
116,2026-04-05,BOAT,LONG ___,3,1,4
117,2026-04-05,HIGH,CAR PARTS,0,4,4
117,2026-04-05,LOW,CAR PARTS,0,2,3
117,2026-04-05,GUN,CAR PARTS,0,2,4
117,2026-04-05,WING,CAR PARTS,0,1,2
117,2026-04-05,INCISIVE,WORDS MEANING SHARP,1,1,3
117,2026-04-05,PIERCING,WORDS MEANING SHARP,1,4,3
117,2026-04-05,SHREWD,WORDS MEANING SHARP,1,2,2
117,2026-04-05,KEEN,WORDS MEANING SHARP,1,3,1
117,2026-04-05,TROUPE,GOES WITH CIRCUS,2,1,1
117,2026-04-05,CASINO,GOES WITH CIRCUS,2,3,3
117,2026-04-05,MOVEMENT,GOES WITH CIRCUS,2,4,2
117,2026-04-05,HORSE,GOES WITH CIRCUS,2,2,1
117,2026-04-05,ROUND,___ HOUSE,3,1,4
117,2026-04-05,ALE,___ HOUSE,3,4,1
117,2026-04-05,STORE,___ HOUSE,3,3,2
117,2026-04-05,WARE,___ HOUSE,3,3,4
118,2026-04-05,CHESTNUT,NUTS,0,1,1
118,2026-04-05,WALNUT,NUTS,0,2,2
118,2026-04-05,PEANUT,NUTS,0,4,3
118,2026-04-05,MAST,NUTS,0,3,1
118,2026-04-05,CONTENT,WORDS MEANING HAPPY,1,4,2
118,2026-04-05,BRIGHT,WORDS MEANING HAPPY,1,3,3
118,2026-04-05,EXCELLENT,WORDS MEANING HAPPY,1,4,4
118,2026-04-05,ENJOYABLE,WORDS MEANING HAPPY,1,2,1
118,2026-04-05,ASSET,ASSOCIATED WITH WEALTH,2,2,3
118,2026-04-05,INHERITED,ASSOCIATED WITH WEALTH,2,1,3
118,2026-04-05,PROSPERITY,ASSOCIATED WITH WEALTH,2,3,4
118,2026-04-05,ESTATES,ASSOCIATED WITH WEALTH,2,2,4
118,2026-04-05,UPDATE,STARTS WITH 'UP',3,1,2
118,2026-04-05,UPLIFT,STARTS WITH 'UP',3,1,4
118,2026-04-05,UPGRADE,STARTS WITH 'UP',3,3,2
118,2026-04-05,UPKEEP,STARTS WITH 'UP',3,4,1
119,2026-04-05,ADAGIO,DANCES,0,2,1
119,2026-04-05,COTILLION,DANCES,0,2,2
119,2026-04-05,TANGO,DANCES,0,4,3
119,2026-04-05,STRIP,DANCES,0,1,2
119,2026-04-05,SHADOW,WORDS MEANING DARK,1,2,4
119,2026-04-05,MOROSE,WORDS MEANING DARK,1,2,3
119,2026-04-05,BLACK,WORDS MEANING DARK,1,4,2
119,2026-04-05,DUSKY,WORDS MEANING DARK,1,1,1
119,2026-04-05,AND,ASSOCIATED WITH PYRAMID,2,3,4
119,2026-04-05,EGYPT,ASSOCIATED WITH PYRAMID,2,3,3
119,2026-04-05,FRANCHISE,ASSOCIATED WITH PYRAMID,2,4,1
119,2026-04-05,CLUBS,ASSOCIATED WITH PYRAMID,2,3,2
119,2026-04-05,LAND,___ FALL,3,4,4
119,2026-04-05,WIND,___ FALL,3,1,4
119,2026-04-05,WATER,___ FALL,3,3,1
119,2026-04-05,DOWN,___ FALL,3,1,3
120,2026-04-05,LID,HATS,0,1,1
120,2026-04-05,DERBY,HATS,0,2,3
120,2026-04-05,BONNET,HATS,0,1,4
120,2026-04-05,TURBAN,HATS,0,4,4
120,2026-04-05,TRENCHANT,WORDS MEANING SHARP,1,1,3
120,2026-04-05,EDGED,WORDS MEANING SHARP,1,2,1
120,2026-04-05,FORCEFUL,WORDS MEANING SHARP,1,4,2
120,2026-04-05,PERCEPTIVE,WORDS MEANING SHARP,1,4,3
120,2026-04-05,PITCH,WORDS RELATED TO TENSION,2,3,4
120,2026-04-05,STRINGS,WORDS RELATED TO TENSION,2,3,3
120,2026-04-05,RESISTANCE,WORDS RELATED TO TENSION,2,4,1
120,2026-04-05,TENSE,WORDS RELATED TO TENSION,2,3,2
120,2026-04-05,STOOL,FOOT ___,3,3,1
120,2026-04-05,HOLD,FOOT ___,3,1,2
120,2026-04-05,STEP,FOOT ___,3,2,4
120,2026-04-05,BOARD,FOOT ___,3,2,2
121,2026-04-05,CAVITY,BODY PARTS,0,1,1
121,2026-04-05,TORSO,BODY PARTS,0,2,2
121,2026-04-05,LEG,BODY PARTS,0,4,4
121,2026-04-05,HEAD,BODY PARTS,0,2,4
121,2026-04-05,RIP,WORDS MEANING PULL,1,3,4
121,2026-04-05,ATTRACT,WORDS MEANING PULL,1,2,3
121,2026-04-05,PLUCK,WORDS MEANING PULL,1,4,3
121,2026-04-05,DRAW,WORDS MEANING PULL,1,1,3
121,2026-04-05,WITH,GOES WITH FIRE,2,1,2
121,2026-04-05,REBUILT,GOES WITH FIRE,2,2,1
121,2026-04-05,FROM,GOES WITH FIRE,2,1,4
121,2026-04-05,TANKS,GOES WITH FIRE,2,3,2
121,2026-04-05,STILL,___ WATER,3,3,1
121,2026-04-05,BLACK,___ WATER,3,3,3
121,2026-04-05,CLEAR,___ WATER,3,4,1
121,2026-04-05,UNDER,___ WATER,3,4,2
122,2026-04-05,BRONZE,METALS,0,3,4
122,2026-04-05,BABBITT,METALS,0,2,4
122,2026-04-05,STEEL,METALS,0,4,2
122,2026-04-05,STAINLESS,METALS,0,4,4
122,2026-04-05,SUPPER,WORDS MEANING EAT,1,3,1
122,2026-04-05,SLICE,WORDS MEANING EAT,1,2,1
122,2026-04-05,LUNCH,WORDS MEANING EAT,1,3,3
122,2026-04-05,DINE,WORDS MEANING EAT,1,4,3
122,2026-04-05,EQUALITY,ASSOCIATED WITH PRIDE,2,4,1
122,2026-04-05,DERBY,ASSOCIATED WITH PRIDE,2,2,3
122,2026-04-05,PRIX,ASSOCIATED WITH PRIDE,2,1,4
122,2026-04-05,PREJUDICE,ASSOCIATED WITH PRIDE,2,2,2
122,2026-04-05,ILL,MEANINGS OF 'COLD',3,1,1
122,2026-04-05,STALE,MEANINGS OF 'COLD',3,3,2
122,2026-04-05,DISTANT,MEANINGS OF 'COLD',3,1,3
122,2026-04-05,CHILLY,MEANINGS OF 'COLD',3,1,2
123,2026-04-05,PICTURE,PAINTING STYLES,0,3,2
123,2026-04-05,WATERCOLOR,PAINTING STYLES,0,3,1
123,2026-04-05,FRESCO,PAINTING STYLES,0,3,3
123,2026-04-05,LANDSCAPE,PAINTING STYLES,0,1,4
123,2026-04-05,REDUCED,WORDS MEANING SMALL,1,1,2
123,2026-04-05,FINE,WORDS MEANING SMALL,1,2,3
123,2026-04-05,DIMINISHED,WORDS MEANING SMALL,1,2,4
123,2026-04-05,MEAN,WORDS MEANING SMALL,1,3,4
123,2026-04-05,TELESCOPE,ASSOCIATED WITH SPACE,2,2,2
123,2026-04-05,VECTOR,ASSOCIATED WITH SPACE,2,1,3
123,2026-04-05,LAUNCH,ASSOCIATED WITH SPACE,2,2,1
123,2026-04-05,MISSIONS,ASSOCIATED WITH SPACE,2,4,1
123,2026-04-05,LAND,___ MARK,3,4,2
123,2026-04-05,TRADE,___ MARK,3,4,4
123,2026-04-05,POST,___ MARK,3,1,1
123,2026-04-05,BENCH,___ MARK,3,4,3
124,2026-04-05,MERCURY,PLANETS,0,2,4
124,2026-04-05,JUPITER,PLANETS,0,4,3
124,2026-04-05,VENUS,PLANETS,0,1,3
124,2026-04-05,NEPTUNE,PLANETS,0,4,1
124,2026-04-05,REDUCE,WORDS MEANING THIN,1,4,2
124,2026-04-05,WASTED,WORDS MEANING THIN,1,4,4
124,2026-04-05,PINCHED,WORDS MEANING THIN,1,3,3
124,2026-04-05,SLIGHT,WORDS MEANING THIN,1,2,3
124,2026-04-05,CHOOSE,ASSOCIATED WITH FREEDOM,2,3,2
124,2026-04-05,PRIVACY,ASSOCIATED WITH FREEDOM,2,1,2
124,2026-04-05,DEPLOYED,ASSOCIATED WITH FREEDOM,2,3,4
124,2026-04-05,EXPRESSION,ASSOCIATED WITH FREEDOM,2,1,1
124,2026-04-05,SIDE,UNDER ___,3,3,1
124,2026-04-05,RATE,UNDER ___,3,2,2
124,2026-04-05,WORLD,UNDER ___,3,1,4
124,2026-04-05,PASS,UNDER ___,3,2,1
125,2026-04-05,THROTTLE,CAR PARTS,0,1,1
125,2026-04-05,WINDOW,CAR PARTS,0,1,3
125,2026-04-05,BUFFER,CAR PARTS,0,4,4
125,2026-04-05,FENDER,CAR PARTS,0,4,3
125,2026-04-05,GRAVID,WORDS MEANING LARGE,1,2,4
125,2026-04-05,PROMINENT,WORDS MEANING LARGE,1,4,1
125,2026-04-05,EXPECTANT,WORDS MEANING LARGE,1,1,2
125,2026-04-05,BIGGER,WORDS MEANING LARGE,1,4,2
125,2026-04-05,NATIONS,GOES WITH PEACE,2,2,1
125,2026-04-05,THAT,GOES WITH PEACE,2,3,4
125,2026-04-05,HAD,GOES WITH PEACE,2,3,2
125,2026-04-05,INITIATIVE,GOES WITH PEACE,2,2,3
125,2026-04-05,VOLLEY,___ BALL,3,3,1
125,2026-04-05,SOFT,___ BALL,3,3,3
125,2026-04-05,BASKET,___ BALL,3,1,4
125,2026-04-05,PAINT,___ BALL,3,2,2
126,2026-04-05,WILDCAT,CAT BREEDS,0,1,1
126,2026-04-05,PAINTER,CAT BREEDS,0,2,2
126,2026-04-05,QUEEN,CAT BREEDS,0,4,2
126,2026-04-05,MALTESE,CAT BREEDS,0,3,3
126,2026-04-05,LENIENT,WORDS MEANING SOFT,1,3,1
126,2026-04-05,MUTED,WORDS MEANING SOFT,1,1,2
126,2026-04-05,MURMURING,WORDS MEANING SOFT,1,3,4
126,2026-04-05,DULL,WORDS MEANING SOFT,1,3,2
126,2026-04-05,OVERCOME,ASSOCIATED WITH RESILIENCE,2,4,3
126,2026-04-05,DISASTER,ASSOCIATED WITH RESILIENCE,2,4,1
126,2026-04-05,ECOLOGICAL,ASSOCIATED WITH RESILIENCE,2,2,1
126,2026-04-05,CLIMATE,ASSOCIATED WITH RESILIENCE,2,2,3
126,2026-04-05,FOLD,DIFFER BY ONE LETTER FROM 'COLD',3,1,3
126,2026-04-05,TOLD,DIFFER BY ONE LETTER FROM 'COLD',3,2,4
126,2026-04-05,SOLD,DIFFER BY ONE LETTER FROM 'COLD',3,4,4
126,2026-04-05,HOLD,DIFFER BY ONE LETTER FROM 'COLD',3,1,4
127,2026-04-05,DIPLOMACY,BOARD GAMES,0,2,4
127,2026-04-05,DRAUGHTS,BOARD GAMES,0,1,4
127,2026-04-05,MONOPOLY,BOARD GAMES,0,4,2
127,2026-04-05,RISK,BOARD GAMES,0,2,2
127,2026-04-05,STUPID,WORDS MEANING THICK,1,1,1
127,2026-04-05,BROAD,WORDS MEANING THICK,1,4,3
127,2026-04-05,STOCKY,WORDS MEANING THICK,1,3,4
127,2026-04-05,CREAM,WORDS MEANING THICK,1,2,3
127,2026-04-05,ALPS,ASSOCIATED WITH PLATEAU,2,1,2
127,2026-04-05,STEEP,ASSOCIATED WITH PLATEAU,2,3,2
127,2026-04-05,BASIN,ASSOCIATED WITH PLATEAU,2,2,1
127,2026-04-05,ALTITUDE,ASSOCIATED WITH PLATEAU,2,3,1
127,2026-04-05,TWI,___ LIGHT,3,4,4
127,2026-04-05,SPOT,___ LIGHT,3,4,1
127,2026-04-05,STREET,___ LIGHT,3,3,3
127,2026-04-05,STAR,___ LIGHT,3,1,3
128,2026-04-05,BLOSSOM,FLOWERS,0,4,3
128,2026-04-05,BUD,FLOWERS,0,4,2
128,2026-04-05,CATKIN,FLOWERS,0,2,3
128,2026-04-05,BLOOM,FLOWERS,0,4,1
128,2026-04-05,GIFTED,WORDS MEANING CLEVER,1,2,1
128,2026-04-05,INVENTIVE,WORDS MEANING CLEVER,1,4,4
128,2026-04-05,SOUND,WORDS MEANING CLEVER,1,3,1
128,2026-04-05,DISCERNING,WORDS MEANING CLEVER,1,1,4
128,2026-04-05,PRESS,ASSOCIATED WITH FREEDOM,2,1,2
128,2026-04-05,GUARANTEED,ASSOCIATED WITH FREEDOM,2,3,2
128,2026-04-05,IRAQ,ASSOCIATED WITH FREEDOM,2,1,3
128,2026-04-05,LIBERTY,ASSOCIATED WITH FREEDOM,2,3,4
128,2026-04-05,PROOF,FIRE ___,3,3,3
128,2026-04-05,BRAND,FIRE ___,3,1,1
128,2026-04-05,CRACKER,FIRE ___,3,2,4
128,2026-04-05,MAN,FIRE ___,3,2,2
129,2026-04-05,LOFT,PARTS OF A HOUSE,0,2,4
129,2026-04-05,PORCH,PARTS OF A HOUSE,0,1,3
129,2026-04-05,ATTIC,PARTS OF A HOUSE,0,4,1
129,2026-04-05,LIBRARY,PARTS OF A HOUSE,0,1,4
129,2026-04-05,PETTY,WORDS MEANING SHALLOW,1,3,3
129,2026-04-05,TRIFLING,WORDS MEANING SHALLOW,1,4,4
129,2026-04-05,MINOR,WORDS MEANING SHALLOW,1,4,2
129,2026-04-05,SLIM,WORDS MEANING SHALLOW,1,2,2
129,2026-04-05,RESOURCE,GOES WITH LIBRARY,2,4,3
129,2026-04-05,BULLETIN,GOES WITH LIBRARY,2,1,2
129,2026-04-05,WAS,GOES WITH LIBRARY,2,3,2
129,2026-04-05,DOCUMENTS,GOES WITH LIBRARY,2,3,4
129,2026-04-05,BLACK,___ BOARD,3,3,1
129,2026-04-05,SNOW,___ BOARD,3,2,1
129,2026-04-05,FLAP,___ BOARD,3,1,1
129,2026-04-05,CHECK,___ BOARD,3,2,3
130,2026-04-05,SENTENCE,LANGUAGES,0,2,1
130,2026-04-05,ATHABASCAN,LANGUAGES,0,3,4
130,2026-04-05,SIGNING,LANGUAGES,0,4,4
130,2026-04-05,GEORGIAN,LANGUAGES,0,2,2
130,2026-04-05,MINUTE,WORDS MEANING NARROW,1,3,1
130,2026-04-05,DOGMATIC,WORDS MEANING NARROW,1,4,1
130,2026-04-05,LITTLE,WORDS MEANING NARROW,1,1,1
130,2026-04-05,SHORTEN,WORDS MEANING NARROW,1,4,3
130,2026-04-05,MEDIUM,ASSOCIATED WITH LIGHT,2,3,3
130,2026-04-05,OPTICAL,ASSOCIATED WITH LIGHT,2,1,4
130,2026-04-05,TRANSIT,ASSOCIATED WITH LIGHT,2,1,2
130,2026-04-05,WAVES,ASSOCIATED WITH LIGHT,2,1,3
130,2026-04-05,PERIOD,MEANINGS OF 'SPELL',3,2,3
130,2026-04-05,WRITE,MEANINGS OF 'SPELL',3,3,2
130,2026-04-05,CURSE,MEANINGS OF 'SPELL',3,4,2
130,2026-04-05,CHARM,MEANINGS OF 'SPELL',3,2,4
131,2026-04-05,PIKE,FISH,0,4,3
131,2026-04-05,SALMON,FISH,0,2,2
131,2026-04-05,COD,FISH,0,3,4
131,2026-04-05,TROUT,FISH,0,3,2
131,2026-04-05,ROAR,WORDS MEANING LAUGH,1,2,3
131,2026-04-05,GRIN,WORDS MEANING LAUGH,1,4,1
131,2026-04-05,SNORT,WORDS MEANING LAUGH,1,2,1
131,2026-04-05,BLOOM,WORDS MEANING LAUGH,1,3,3
131,2026-04-05,ELEPHANT,ASSOCIATED WITH JUNGLE,2,2,4
131,2026-04-05,BROAD,ASSOCIATED WITH JUNGLE,2,4,2
131,2026-04-05,ADVENTURE,ASSOCIATED WITH JUNGLE,2,1,1
131,2026-04-05,TARZAN,ASSOCIATED WITH JUNGLE,2,1,3
131,2026-04-05,SHORT,___ FALL,3,4,4
131,2026-04-05,LAND,___ FALL,3,1,2
131,2026-04-05,NIGHT,___ FALL,3,3,1
131,2026-04-05,FREE,___ FALL,3,1,4
132,2026-04-05,DRAUGHTS,BOARD GAMES,0,2,1
132,2026-04-05,CHESS,BOARD GAMES,0,4,4
132,2026-04-05,RISK,BOARD GAMES,0,1,4
132,2026-04-05,DIPLOMACY,BOARD GAMES,0,2,3
132,2026-04-05,VALUABLE,WORDS MEANING RICH,1,3,2
132,2026-04-05,WEALTHY,WORDS MEANING RICH,1,4,1
132,2026-04-05,PRODUCTIVE,WORDS MEANING RICH,1,2,4
132,2026-04-05,LUSH,WORDS MEANING RICH,1,1,2
132,2026-04-05,SINGING,ASSOCIATED WITH PASSION,2,2,2
132,2026-04-05,MATTHEW,ASSOCIATED WITH PASSION,2,4,3
132,2026-04-05,COOKING,ASSOCIATED WITH PASSION,2,1,3
132,2026-04-05,LOVE,ASSOCIATED WITH PASSION,2,4,2
132,2026-04-05,BIRD,BLUE ___,3,3,3
132,2026-04-05,BOTTLE,BLUE ___,3,1,1
132,2026-04-05,BELL,BLUE ___,3,3,1
132,2026-04-05,TOOTH,BLUE ___,3,3,4
133,2026-04-05,SHEET,PARTS OF A SHIP,0,4,1
133,2026-04-05,TOP,PARTS OF A SHIP,0,3,2
133,2026-04-05,GALLEY,PARTS OF A SHIP,0,1,3
133,2026-04-05,QUARTER,PARTS OF A SHIP,0,1,1
133,2026-04-05,TUG,WORDS MEANING PUSH,1,4,4
133,2026-04-05,CRUSADE,WORDS MEANING PUSH,1,2,3
133,2026-04-05,DRIVE,WORDS MEANING PUSH,1,1,4
133,2026-04-05,LABOUR,WORDS MEANING PUSH,1,2,2
133,2026-04-05,PLAINS,ASSOCIATED WITH DESERT,2,3,1
133,2026-04-05,DISCS,ASSOCIATED WITH DESERT,2,1,2
133,2026-04-05,DUNES,ASSOCIATED WITH DESERT,2,2,4
133,2026-04-05,TERRAIN,ASSOCIATED WITH DESERT,2,2,1
133,2026-04-05,COAST,SEA ___,3,3,3
133,2026-04-05,FARE,SEA ___,3,3,4
133,2026-04-05,BIRD,SEA ___,3,4,3
133,2026-04-05,SHORE,SEA ___,3,4,2
134,2026-04-05,ARAB,HORSE BREEDS,0,4,4
134,2026-04-05,MORGAN,HORSE BREEDS,0,3,2
134,2026-04-05,MOUNT,HORSE BREEDS,0,4,1
134,2026-04-05,PALFREY,HORSE BREEDS,0,3,1
134,2026-04-05,OUTCRY,WORDS MEANING SHOUT,1,2,1
134,2026-04-05,CALL,WORDS MEANING SHOUT,1,1,4
134,2026-04-05,HOWL,WORDS MEANING SHOUT,1,4,3
134,2026-04-05,CRY,WORDS MEANING SHOUT,1,1,2
134,2026-04-05,WORN,ASSOCIATED WITH WEDDING,2,1,1
134,2026-04-05,PRINCE,ASSOCIATED WITH WEDDING,2,3,4
134,2026-04-05,PLANNER,ASSOCIATED WITH WEDDING,2,3,3
134,2026-04-05,TRIES,ASSOCIATED WITH WEDDING,2,4,2
134,2026-04-05,TOUGH,MEANINGS OF 'HARD',3,1,3
134,2026-04-05,HEAVY,MEANINGS OF 'HARD',3,2,2
134,2026-04-05,STRICT,MEANINGS OF 'HARD',3,2,3
134,2026-04-05,FIRM,MEANINGS OF 'HARD',3,2,4
135,2026-04-05,GUN,WEAPONS,0,4,2
135,2026-04-05,BAYONET,WEAPONS,0,4,3
135,2026-04-05,STEEL,WEAPONS,0,1,1
135,2026-04-05,SLUG,WEAPONS,0,1,4
135,2026-04-05,IMPOTENT,WORDS MEANING WEAK,1,1,3
135,2026-04-05,SLIGHT,WORDS MEANING WEAK,1,4,1
135,2026-04-05,SLACK,WORDS MEANING WEAK,1,3,1
135,2026-04-05,WEAKENED,WORDS MEANING WEAK,1,3,4
135,2026-04-05,HAS,ASSOCIATED WITH OCEAN,2,2,3
135,2026-04-05,RIDGES,ASSOCIATED WITH OCEAN,2,4,4
135,2026-04-05,INLAND,ASSOCIATED WITH OCEAN,2,2,4
135,2026-04-05,SEAS,ASSOCIATED WITH OCEAN,2,1,2
135,2026-04-05,FLOOD,___ GATE,3,3,3
135,2026-04-05,IRON,___ GATE,3,2,2
135,2026-04-05,TOLL,___ GATE,3,2,1
135,2026-04-05,WATER,___ GATE,3,3,2
136,2026-04-05,BLEAK,FISH,0,1,2
136,2026-04-05,BASS,FISH,0,4,1
136,2026-04-05,SALMON,FISH,0,3,2
136,2026-04-05,ROACH,FISH,0,4,3
136,2026-04-05,DINE,WORDS MEANING EAT,1,1,3
136,2026-04-05,DRINK,WORDS MEANING EAT,1,2,4
136,2026-04-05,SPIT,WORDS MEANING EAT,1,4,4
136,2026-04-05,CHOW,WORDS MEANING EAT,1,2,1
136,2026-04-05,CREDIT,WORDS RELATED TO TRUST,2,3,1
136,2026-04-05,FOUNDATION,WORDS RELATED TO TRUST,2,1,1
136,2026-04-05,RELIANCE,WORDS RELATED TO TRUST,2,1,4
136,2026-04-05,HOSPITAL,WORDS RELATED TO TRUST,2,3,4
136,2026-04-05,TOOTH,BLUE ___,3,2,2
136,2026-04-05,PRINT,BLUE ___,3,4,2
136,2026-04-05,BOTTLE,BLUE ___,3,2,3
136,2026-04-05,BIRD,BLUE ___,3,3,3
137,2026-04-05,CROWN,TOOTH PARTS,0,4,1
137,2026-04-05,PULP,TOOTH PARTS,0,4,2
137,2026-04-05,CUSP,TOOTH PARTS,0,1,4
137,2026-04-05,STUMP,TOOTH PARTS,0,3,4
137,2026-04-05,SHORT,WORDS MEANING LIGHT,1,3,1
137,2026-04-05,TRIPPING,WORDS MEANING LIGHT,1,1,2
137,2026-04-05,CLEAN,WORDS MEANING LIGHT,1,1,1
137,2026-04-05,UNCLOUDED,WORDS MEANING LIGHT,1,2,3
137,2026-04-05,ORBITAL,ASSOCIATED WITH MOON,2,4,3
137,2026-04-05,ORBIT,ASSOCIATED WITH MOON,2,3,3
137,2026-04-05,LANDING,ASSOCIATED WITH MOON,2,4,4
137,2026-04-05,JUPITER,ASSOCIATED WITH MOON,2,1,3
137,2026-04-05,SHORE,LONG ___,3,2,1
137,2026-04-05,HOUSE,LONG ___,3,2,2
137,2026-04-05,BOW,LONG ___,3,2,4
137,2026-04-05,HAND,LONG ___,3,3,2
138,2026-04-05,POKER,CARD GAMES,0,3,4
138,2026-04-05,RUM,CARD GAMES,0,3,2
138,2026-04-05,NAP,CARD GAMES,0,1,1
138,2026-04-05,STOPS,CARD GAMES,0,3,1
138,2026-04-05,POSE,WORDS MEANING FIX,1,2,4
138,2026-04-05,FILL,WORDS MEANING FIX,1,3,3
138,2026-04-05,TIE,WORDS MEANING FIX,1,4,4
138,2026-04-05,SECURE,WORDS MEANING FIX,1,1,4
138,2026-04-05,ASH,ASSOCIATED WITH VOLCANO,2,4,1
138,2026-04-05,FLANK,ASSOCIATED WITH VOLCANO,2,1,3
138,2026-04-05,EXPLOSIVE,ASSOCIATED WITH VOLCANO,2,2,2
138,2026-04-05,HAWAIIAN,ASSOCIATED WITH VOLCANO,2,4,2
138,2026-04-05,ETNA,ANAGRAMS OF EACH OTHER,3,2,3
138,2026-04-05,LANE,ANAGRAMS OF EACH OTHER,3,1,2
138,2026-04-05,NEAT,ANAGRAMS OF EACH OTHER,3,2,1
138,2026-04-05,ELAN,ANAGRAMS OF EACH OTHER,3,4,3
139,2026-04-05,BOA,SNAKES,0,3,2
139,2026-04-05,COBRA,SNAKES,0,3,3
139,2026-04-05,ANACONDA,SNAKES,0,1,1
139,2026-04-05,PYTHON,SNAKES,0,3,4
139,2026-04-05,TOUGH,WORDS MEANING BRAVE,1,2,3
139,2026-04-05,DESPERATE,WORDS MEANING BRAVE,1,2,1
139,2026-04-05,FEARLESS,WORDS MEANING BRAVE,1,2,2
139,2026-04-05,DEFY,WORDS MEANING BRAVE,1,2,4
139,2026-04-05,DESCENDING,ASSOCIATED WITH GLACIER,2,4,2
139,2026-04-05,EXPEDITION,ASSOCIATED WITH GLACIER,2,4,4
139,2026-04-05,EXTREMITY,ASSOCIATED WITH GLACIER,2,1,4
139,2026-04-05,TIDEWATER,ASSOCIATED WITH GLACIER,2,1,3
139,2026-04-05,BOARD,___ WALK,3,1,2
139,2026-04-05,CAT,___ WALK,3,4,3
139,2026-04-05,MOON,___ WALK,3,4,1
139,2026-04-05,JAY,___ WALK,3,3,1
140,2026-04-05,TEXTILE,FABRICS,0,4,3
140,2026-04-05,COATING,FABRICS,0,2,2
140,2026-04-05,VELVET,FABRICS,0,2,4
140,2026-04-05,GINGHAM,FABRICS,0,4,2
140,2026-04-05,SMACK,WORDS MEANING HIT,1,1,3
140,2026-04-05,CRUSH,WORDS MEANING HIT,1,3,1
140,2026-04-05,REMOVE,WORDS MEANING HIT,1,3,2
140,2026-04-05,POUNDED,WORDS MEANING HIT,1,3,4
140,2026-04-05,LINEUP,ASSOCIATED WITH ENVY,2,2,3
140,2026-04-05,DESTROY,ASSOCIATED WITH ENVY,2,1,2
140,2026-04-05,BREAST,ASSOCIATED WITH ENVY,2,1,1
140,2026-04-05,FORTUNE,ASSOCIATED WITH ENVY,2,3,3
140,2026-04-05,CRACKER,FIRE ___,3,2,1
140,2026-04-05,SIDE,FIRE ___,3,1,4
140,2026-04-05,BRAND,FIRE ___,3,4,1
140,2026-04-05,FIGHTER,FIRE ___,3,4,4
141,2026-04-05,EYE,PARTS OF THE FACE,0,3,2
141,2026-04-05,BROW,PARTS OF THE FACE,0,2,3
141,2026-04-05,FEATURE,PARTS OF THE FACE,0,4,4
141,2026-04-05,JAW,PARTS OF THE FACE,0,2,4
141,2026-04-05,SULLEN,WORDS MEANING HEAVY,1,3,1
141,2026-04-05,OVERWEIGHT,WORDS MEANING HEAVY,1,2,2
141,2026-04-05,EXPECTANT,WORDS MEANING HEAVY,1,1,1
141,2026-04-05,GRAVE,WORDS MEANING HEAVY,1,1,4
141,2026-04-05,PORTRAIT,ASSOCIATED WITH MUSEUM,2,1,3
141,2026-04-05,HERITAGE,ASSOCIATED WITH MUSEUM,2,3,4
141,2026-04-05,SPECIMENS,ASSOCIATED WITH MUSEUM,2,4,1
141,2026-04-05,DISPLAYS,ASSOCIATED WITH MUSEUM,2,3,3
141,2026-04-05,FINCH,GOLD ___,3,2,1
141,2026-04-05,MINE,GOLD ___,3,1,2
141,2026-04-05,FIELD,GOLD ___,3,4,3
141,2026-04-05,FISH,GOLD ___,3,4,2
142,2026-04-05,MOUNT,HORSE BREEDS,0,4,2
142,2026-04-05,ARABIAN,HORSE BREEDS,0,4,3
142,2026-04-05,POSTER,HORSE BREEDS,0,1,1
142,2026-04-05,GRAY,HORSE BREEDS,0,3,1
142,2026-04-05,PEACEFUL,WORDS MEANING QUIET,1,1,3
142,2026-04-05,CALM,WORDS MEANING QUIET,1,1,2
142,2026-04-05,SERENITY,WORDS MEANING QUIET,1,2,2
142,2026-04-05,PLACID,WORDS MEANING QUIET,1,3,2
142,2026-04-05,FAITH,ASSOCIATED WITH WISDOM,2,4,4
142,2026-04-05,ADVICE,ASSOCIATED WITH WISDOM,2,4,1
142,2026-04-05,JESUS,ASSOCIATED WITH WISDOM,2,3,3
142,2026-04-05,KNOWLEDGE,ASSOCIATED WITH WISDOM,2,1,4
142,2026-04-05,MISREAD,STARTS WITH 'MIS',3,3,4
142,2026-04-05,MISUSE,STARTS WITH 'MIS',3,2,3
142,2026-04-05,MISTAKE,STARTS WITH 'MIS',3,2,1
142,2026-04-05,MISFIT,STARTS WITH 'MIS',3,2,4
143,2026-04-05,SNAG,TREES,0,4,2
143,2026-04-05,BIRCH,TREES,0,1,1
143,2026-04-05,WILLOW,TREES,0,4,3
143,2026-04-05,BEECH,TREES,0,3,3
143,2026-04-05,THICK,WORDS MEANING WIDE,1,3,4
143,2026-04-05,EXTENDED,WORDS MEANING WIDE,1,3,2
143,2026-04-05,BROAD,WORDS MEANING WIDE,1,1,3
143,2026-04-05,BLANKET,WORDS MEANING WIDE,1,4,4
143,2026-04-05,HIKING,ASSOCIATED WITH MOUNTAIN,2,2,2
143,2026-04-05,MEADOWS,ASSOCIATED WITH MOUNTAIN,2,4,1
143,2026-04-05,RESORT,ASSOCIATED WITH MOUNTAIN,2,2,1
143,2026-04-05,RIDGES,ASSOCIATED WITH MOUNTAIN,2,1,4
143,2026-04-05,BOARD,___ WALK,3,2,4
143,2026-04-05,MOON,___ WALK,3,2,3
143,2026-04-05,JAY,___ WALK,3,3,1
143,2026-04-05,SKY,___ WALK,3,1,2
144,2026-04-05,JUNK,BOATS,0,4,4
144,2026-04-05,TUG,BOATS,0,2,4
144,2026-04-05,LAUNCH,BOATS,0,4,1
144,2026-04-05,LIGHTER,BOATS,0,4,3
144,2026-04-05,OPENING,WORDS MEANING BEGIN,1,3,4
144,2026-04-05,SELECT,WORDS MEANING BEGIN,1,2,3
144,2026-04-05,MOVE,WORDS MEANING BEGIN,1,2,2
144,2026-04-05,SET,WORDS MEANING BEGIN,1,1,3
144,2026-04-05,RIVALRY,WORDS RELATED TO ENVY,2,3,3
144,2026-04-05,VAGINA,WORDS RELATED TO ENVY,2,1,4
144,2026-04-05,APPETITE,WORDS RELATED TO ENVY,2,1,2
144,2026-04-05,ANXIETY,WORDS RELATED TO ENVY,2,3,1
144,2026-04-05,LOAD,UP ___,3,3,2
144,2026-04-05,STREAM,UP ___,3,4,2
144,2026-04-05,BRING,UP ___,3,1,1
144,2026-04-05,CAST,UP ___,3,2,1
145,2026-04-05,BUMPER,CAR PARTS,0,2,1
145,2026-04-05,HIGH,CAR PARTS,0,4,2
145,2026-04-05,GRILLE,CAR PARTS,0,3,3
145,2026-04-05,HOOD,CAR PARTS,0,4,4
145,2026-04-05,WEAKLY,WORDS MEANING WEAK,1,4,3
145,2026-04-05,WATERY,WORDS MEANING WEAK,1,4,1
145,2026-04-05,FEEBLE,WORDS MEANING WEAK,1,1,1
145,2026-04-05,LIGHT,WORDS MEANING WEAK,1,2,2
145,2026-04-05,MERIT,ASSOCIATED WITH GARDEN,2,1,2
145,2026-04-05,PAVILION,ASSOCIATED WITH GARDEN,2,2,3
145,2026-04-05,KITCHEN,ASSOCIATED WITH GARDEN,2,1,4
145,2026-04-05,SHRUBS,ASSOCIATED WITH GARDEN,2,3,2
145,2026-04-05,BELL,BLUE ___,3,2,4
145,2026-04-05,BOTTLE,BLUE ___,3,1,3
145,2026-04-05,TOOTH,BLUE ___,3,3,4
145,2026-04-05,BERRY,BLUE ___,3,3,1
146,2026-04-05,RUM,CARD GAMES,0,1,4
146,2026-04-05,STOPS,CARD GAMES,0,2,2
146,2026-04-05,MONTE,CARD GAMES,0,3,3
146,2026-04-05,NAP,CARD GAMES,0,4,3
146,2026-04-05,BRING,WORDS MEANING HELP,1,1,2
146,2026-04-05,USING,WORDS MEANING HELP,1,4,1
146,2026-04-05,CONDUCIVE,WORDS MEANING HELP,1,3,1
146,2026-04-05,USE,WORDS MEANING HELP,1,3,4
146,2026-04-05,RISES,WORDS RELATED TO VOLCANO,2,2,4
146,2026-04-05,LAMBERT,WORDS RELATED TO VOLCANO,2,1,3
146,2026-04-05,PEAKS,WORDS RELATED TO VOLCANO,2,2,3
146,2026-04-05,SLOPES,WORDS RELATED TO VOLCANO,2,4,2
146,2026-04-05,BOUND,ALL END WITH 'D',3,1,1
146,2026-04-05,GRAND,ALL END WITH 'D',3,3,2
146,2026-04-05,ROUND,ALL END WITH 'D',3,4,4
146,2026-04-05,WORLD,ALL END WITH 'D',3,2,1
147,2026-04-05,DERBY,HATS,0,1,1
147,2026-04-05,BEAVER,HATS,0,3,3
147,2026-04-05,FEDORA,HATS,0,2,2
147,2026-04-05,STETSON,HATS,0,4,3
147,2026-04-05,DRAG,WORDS MEANING PULL,1,2,4
147,2026-04-05,REMOVING,WORDS MEANING PULL,1,3,1
147,2026-04-05,HIKE,WORDS MEANING PULL,1,2,1
147,2026-04-05,FETCH,WORDS MEANING PULL,1,3,2
147,2026-04-05,AND,ASSOCIATED WITH CAVE,2,1,3
147,2026-04-05,EXCAVATION,ASSOCIATED WITH CAVE,2,4,4
147,2026-04-05,BEAR,ASSOCIATED WITH CAVE,2,4,1
147,2026-04-05,SITES,ASSOCIATED WITH CAVE,2,1,4
147,2026-04-05,MOON,___ WALK,3,2,3
147,2026-04-05,CAT,___ WALK,3,3,4
147,2026-04-05,SKY,___ WALK,3,4,2
147,2026-04-05,BOARD,___ WALK,3,1,2
148,2026-04-05,PANAMA,HATS,0,1,1
148,2026-04-05,LID,HATS,0,3,3
148,2026-04-05,TURBAN,HATS,0,2,2
148,2026-04-05,STETSON,HATS,0,3,1
148,2026-04-05,SUNSET,WORDS MEANING OLD,1,2,1
148,2026-04-05,EARLY,WORDS MEANING OLD,1,2,3
148,2026-04-05,ANTIQUATED,WORDS MEANING OLD,1,3,4
148,2026-04-05,COLD,WORDS MEANING OLD,1,1,2
148,2026-04-05,HAPPINESS,WORDS RELATED TO LIBERTY,2,1,3
148,2026-04-05,PROSPERITY,WORDS RELATED TO LIBERTY,2,2,4
148,2026-04-05,DISCRETION,WORDS RELATED TO LIBERTY,2,4,4
148,2026-04-05,MUTUAL,WORDS RELATED TO LIBERTY,2,3,2
148,2026-04-05,BOX,BLACK ___,3,1,4
148,2026-04-05,MAIL,BLACK ___,3,4,3
148,2026-04-05,JACK,BLACK ___,3,4,2
148,2026-04-05,LIST,BLACK ___,3,4,1
149,2026-04-05,MEMORY,COMPUTER PARTS,0,2,3
149,2026-04-05,STORE,COMPUTER PARTS,0,4,4
149,2026-04-05,PERIPHERAL,COMPUTER PARTS,0,1,1
149,2026-04-05,PROCESSOR,COMPUTER PARTS,0,4,1
149,2026-04-05,CALCULATE,WORDS MEANING LOOK,1,4,3
149,2026-04-05,COUNT,WORDS MEANING LOOK,1,3,4
149,2026-04-05,SEEM,WORDS MEANING LOOK,1,3,1
149,2026-04-05,EXPECT,WORDS MEANING LOOK,1,1,3
149,2026-04-05,SCOUT,ASSOCIATED WITH RANCH,2,1,2
149,2026-04-05,BEND,ASSOCIATED WITH RANCH,2,2,2
149,2026-04-05,ARIZONA,ASSOCIATED WITH RANCH,2,3,2
149,2026-04-05,WILDLIFE,ASSOCIATED WITH RANCH,2,1,4
149,2026-04-05,GENE,___ POOL,3,2,4
149,2026-04-05,WHIRL,___ POOL,3,4,2
149,2026-04-05,CAR,___ POOL,3,3,3
149,2026-04-05,SWIMMING,___ POOL,3,2,1
150,2026-04-05,POUCH,TYPES OF BAGS,0,1,3
150,2026-04-05,DUFFEL,TYPES OF BAGS,0,4,2
150,2026-04-05,PURSE,TYPES OF BAGS,0,2,3
150,2026-04-05,POCKET,TYPES OF BAGS,0,3,2
150,2026-04-05,PITIFUL,WORDS MEANING SAD,1,2,1
150,2026-04-05,DESPONDENT,WORDS MEANING SAD,1,3,4
150,2026-04-05,PATHETIC,WORDS MEANING SAD,1,3,1
150,2026-04-05,DEPLORABLE,WORDS MEANING SAD,1,1,2
150,2026-04-05,BEEF,ASSOCIATED WITH RANCH,2,2,4
150,2026-04-05,RANCHER,ASSOCIATED WITH RANCH,2,3,3
150,2026-04-05,LODGE,ASSOCIATED WITH RANCH,2,2,2
150,2026-04-05,ARIZONA,ASSOCIATED WITH RANCH,2,1,4
150,2026-04-05,LARK,DIFFER BY ONE LETTER FROM 'MARK',3,1,1
150,2026-04-05,BARK,DIFFER BY ONE LETTER FROM 'MARK',3,4,1
150,2026-04-05,SHARK,DIFFER BY ONE LETTER FROM 'MARK',3,4,3
150,2026-04-05,PARK,DIFFER BY ONE LETTER FROM 'MARK',3,4,4
151,2026-04-05,MULLER,TOOLS,0,2,1
151,2026-04-05,STARTER,TOOLS,0,2,4
151,2026-04-05,BURR,TOOLS,0,4,4
151,2026-04-05,SQUARE,TOOLS,0,2,2
151,2026-04-05,POINTED,WORDS MEANING SHARP,1,2,3
151,2026-04-05,STRIKING,WORDS MEANING SHARP,1,4,3
151,2026-04-05,UNPLEASANT,WORDS MEANING SHARP,1,1,1
151,2026-04-05,SMART,WORDS MEANING SHARP,1,3,3
151,2026-04-05,INMATES,ASSOCIATED WITH PRISON,2,4,1
151,2026-04-05,CRIME,ASSOCIATED WITH PRISON,2,3,2
151,2026-04-05,EXECUTION,ASSOCIATED WITH PRISON,2,3,1
151,2026-04-05,ROBBERY,ASSOCIATED WITH PRISON,2,1,4
151,2026-04-05,BENCH,___ MARK,3,1,3
151,2026-04-05,HALL,___ MARK,3,3,4
151,2026-04-05,TRADE,___ MARK,3,1,2
151,2026-04-05,BIRTH,___ MARK,3,4,2
152,2026-04-05,PEANUT,NUTS,0,1,2
152,2026-04-05,MAST,NUTS,0,4,2
152,2026-04-05,WALNUT,NUTS,0,3,2
152,2026-04-05,COCONUT,NUTS,0,2,1
152,2026-04-05,DEPENDABLE,WORDS MEANING HONEST,1,3,3
152,2026-04-05,FRANKNESS,WORDS MEANING HONEST,1,3,1
152,2026-04-05,OPEN,WORDS MEANING HONEST,1,1,1
152,2026-04-05,JUST,WORDS MEANING HONEST,1,3,4
152,2026-04-05,SINCERITY,WORDS RELATED TO TRUTH,2,4,1
152,2026-04-05,CASE,WORDS RELATED TO TRUTH,2,1,4
152,2026-04-05,EARNEST,WORDS RELATED TO TRUTH,2,4,4
152,2026-04-05,BELIEF,WORDS RELATED TO TRUTH,2,2,3
152,2026-04-05,PLOW,SNOW ___,3,1,3
152,2026-04-05,DROP,SNOW ___,3,2,2
152,2026-04-05,MAN,SNOW ___,3,2,4
152,2026-04-05,FLAKE,SNOW ___,3,4,3
153,2026-04-05,PORCH,PARTS OF A HOUSE,0,2,2
153,2026-04-05,STUDY,PARTS OF A HOUSE,0,3,1
153,2026-04-05,LIBRARY,PARTS OF A HOUSE,0,4,4
153,2026-04-05,LOFT,PARTS OF A HOUSE,0,1,3
153,2026-04-05,HANDSOME,WORDS MEANING BEAUTIFUL,1,1,4
153,2026-04-05,ATTRACTIVE,WORDS MEANING BEAUTIFUL,1,4,3
153,2026-04-05,PRETTY,WORDS MEANING BEAUTIFUL,1,1,2
153,2026-04-05,PLEASANT,WORDS MEANING BEAUTIFUL,1,2,3
153,2026-04-05,ERODED,ASSOCIATED WITH VOLCANO,2,3,3
153,2026-04-05,RISES,ASSOCIATED WITH VOLCANO,2,4,1
153,2026-04-05,LAGUNA,ASSOCIATED WITH VOLCANO,2,3,2
153,2026-04-05,SUMMIT,ASSOCIATED WITH VOLCANO,2,1,1
153,2026-04-05,PATH,FOOT ___,3,3,4
153,2026-04-05,STEP,FOOT ___,3,4,2
153,2026-04-05,REST,FOOT ___,3,2,4
153,2026-04-05,BOARD,FOOT ___,3,2,1
154,2026-04-05,MARS,PLANETS,0,3,2
154,2026-04-05,NEPTUNE,PLANETS,0,3,1
154,2026-04-05,JUPITER,PLANETS,0,4,4
154,2026-04-05,SATURN,PLANETS,0,3,3
154,2026-04-05,FASTEN,WORDS MEANING FIX,1,1,1
154,2026-04-05,HOLE,WORDS MEANING FIX,1,3,4
154,2026-04-05,HIT,WORDS MEANING FIX,1,2,1
154,2026-04-05,TIGHTEN,WORDS MEANING FIX,1,4,2
154,2026-04-05,FILED,WORDS RELATED TO JUSTICE,2,1,2
154,2026-04-05,SYSTEM,WORDS RELATED TO JUSTICE,2,4,3
154,2026-04-05,CRIMES,WORDS RELATED TO JUSTICE,2,4,1
154,2026-04-05,RIGHT,WORDS RELATED TO JUSTICE,2,2,2
154,2026-04-05,LARK,DIFFER BY ONE LETTER FROM 'MARK',3,2,4
154,2026-04-05,DARK,DIFFER BY ONE LETTER FROM 'MARK',3,1,4
154,2026-04-05,BARK,DIFFER BY ONE LETTER FROM 'MARK',3,2,3
154,2026-04-05,PARK,DIFFER BY ONE LETTER FROM 'MARK',3,1,3
155,2026-04-05,GRAY,HORSE BREEDS,0,1,3
155,2026-04-05,MARE,HORSE BREEDS,0,3,2
155,2026-04-05,POSTER,HORSE BREEDS,0,2,1
155,2026-04-05,SORREL,HORSE BREEDS,0,4,2
155,2026-04-05,CRACKED,WORDS MEANING ROUGH,1,4,1
155,2026-04-05,CRUSHED,WORDS MEANING ROUGH,1,3,4
155,2026-04-05,ROCKY,WORDS MEANING ROUGH,1,1,4
155,2026-04-05,OUTLINE,WORDS MEANING ROUGH,1,4,3
155,2026-04-05,CONVECTION,ASSOCIATED WITH WIND,2,3,3
155,2026-04-05,STORM,ASSOCIATED WITH WIND,2,2,4
155,2026-04-05,ENERGY,ASSOCIATED WITH WIND,2,2,3
155,2026-04-05,SAILS,ASSOCIATED WITH WIND,2,3,1
155,2026-04-05,BROAD,___ SIDE,3,1,2
155,2026-04-05,SEA,___ SIDE,3,1,1
155,2026-04-05,FLIP,___ SIDE,3,4,4
155,2026-04-05,BLIND,___ SIDE,3,2,2
156,2026-04-05,ANISE,SPICES,0,3,1
156,2026-04-05,PEPPER,SPICES,0,1,2
156,2026-04-05,GINGER,SPICES,0,1,1
156,2026-04-05,NUTMEG,SPICES,0,4,1
156,2026-04-05,BUY,WORDS MEANING STEAL,1,2,2
156,2026-04-05,GET,WORDS MEANING STEAL,1,3,2
156,2026-04-05,HOOK,WORDS MEANING STEAL,1,1,4
156,2026-04-05,SPIKE,WORDS MEANING STEAL,1,2,3
156,2026-04-05,ATMOSPHERE,ASSOCIATED WITH CURIOSITY,2,2,4
156,2026-04-05,PLANET,ASSOCIATED WITH CURIOSITY,2,3,3
156,2026-04-05,DESIRE,ASSOCIATED WITH CURIOSITY,2,4,4
156,2026-04-05,EXPLORING,ASSOCIATED WITH CURIOSITY,2,3,4
156,2026-04-05,BORN,AIR ___,3,4,3
156,2026-04-05,SHIP,AIR ___,3,2,1
156,2026-04-05,TIGHT,AIR ___,3,4,2
156,2026-04-05,GUN,AIR ___,3,1,3
157,2026-04-05,HIGH,CAR PARTS,0,3,3
157,2026-04-05,FENDER,CAR PARTS,0,1,3
157,2026-04-05,GRILLE,CAR PARTS,0,4,4
157,2026-04-05,THIRD,CAR PARTS,0,4,1
157,2026-04-05,TRITE,WORDS MEANING TIRED,1,1,1
157,2026-04-05,BANAL,WORDS MEANING TIRED,1,2,1
157,2026-04-05,HACKNEYED,WORDS MEANING TIRED,1,2,4
157,2026-04-05,STOCK,WORDS MEANING TIRED,1,2,3
157,2026-04-05,CRICKET,ASSOCIATED WITH STADIUM,2,2,2
157,2026-04-05,FOOTBALL,ASSOCIATED WITH STADIUM,2,1,2
157,2026-04-05,FANS,ASSOCIATED WITH STADIUM,2,3,4
157,2026-04-05,SEATING,ASSOCIATED WITH STADIUM,2,1,4
157,2026-04-05,ANY,___ TIME,3,3,1
157,2026-04-05,SPRING,___ TIME,3,4,3
157,2026-04-05,LIFE,___ TIME,3,4,2
157,2026-04-05,NIGHT,___ TIME,3,3,2
158,2026-04-05,SLUG,METALS,0,1,3
158,2026-04-05,CARBOLOY,METALS,0,1,1
158,2026-04-05,STAINLESS,METALS,0,3,3
158,2026-04-05,BRONZE,METALS,0,3,2
158,2026-04-05,OFF,WORDS MEANING SLEEP,1,3,4
158,2026-04-05,RECESS,WORDS MEANING SLEEP,1,2,1
158,2026-04-05,DREAM,WORDS MEANING SLEEP,1,2,4
158,2026-04-05,INACTIVE,WORDS MEANING SLEEP,1,4,2
158,2026-04-05,MOUSE,ASSOCIATED WITH DANGER,2,2,3
158,2026-04-05,FALLING,ASSOCIATED WITH DANGER,2,1,4
158,2026-04-05,POSED,ASSOCIATED WITH DANGER,2,1,2
158,2026-04-05,COLLAPSE,ASSOCIATED WITH DANGER,2,3,1
158,2026-04-05,EXTEND,CONTAINS 'END',3,2,2
158,2026-04-05,RENDER,CONTAINS 'END',3,4,1
158,2026-04-05,TREND,CONTAINS 'END',3,4,4
158,2026-04-05,BLEND,CONTAINS 'END',3,4,3
159,2026-04-05,WATERCOLOR,VEHICLES,0,1,1
159,2026-04-05,OIL,VEHICLES,0,2,3
159,2026-04-05,COUCH,VEHICLES,0,3,3
159,2026-04-05,PRIMING,VEHICLES,0,4,3
159,2026-04-05,WISPY,WORDS MEANING THIN,1,3,4
159,2026-04-05,SKELETAL,WORDS MEANING THIN,1,2,2
159,2026-04-05,SCRAWNY,WORDS MEANING THIN,1,4,4
159,2026-04-05,LIGHT,WORDS MEANING THIN,1,3,2
159,2026-04-05,MAPLE,ASSOCIATED WITH SWAMP,2,1,2
159,2026-04-05,GRASS,ASSOCIATED WITH SWAMP,2,4,1
159,2026-04-05,FOX,ASSOCIATED WITH SWAMP,2,3,1
159,2026-04-05,MONSTER,ASSOCIATED WITH SWAMP,2,2,1
159,2026-04-05,TWI,___ LIGHT,3,2,4
159,2026-04-05,STREET,___ LIGHT,3,1,4
159,2026-04-05,CANDLE,___ LIGHT,3,1,3
159,2026-04-05,LIME,___ LIGHT,3,4,2
160,2026-04-05,ANT,INSECTS,0,2,1
160,2026-04-05,CRICKET,INSECTS,0,4,4
160,2026-04-05,QUEEN,INSECTS,0,4,3
160,2026-04-05,LOUSE,INSECTS,0,1,4
160,2026-04-05,MINUTE,WORDS MEANING SMALL,1,1,1
160,2026-04-05,FINE,WORDS MEANING SMALL,1,3,3
160,2026-04-05,DWARF,WORDS MEANING SMALL,1,3,1
160,2026-04-05,DIMINISHED,WORDS MEANING SMALL,1,4,1
160,2026-04-05,FRIENDSHIP,ASSOCIATED WITH FORGIVENESS,2,1,3
160,2026-04-05,REDEMPTION,ASSOCIATED WITH FORGIVENESS,2,3,2
160,2026-04-05,GRACE,ASSOCIATED WITH FORGIVENESS,2,2,3
160,2026-04-05,APOLOGY,ASSOCIATED WITH FORGIVENESS,2,3,4
160,2026-04-05,FALL,WATER ___,3,4,2
160,2026-04-05,SHED,WATER ___,3,2,4
160,2026-04-05,PROOF,WATER ___,3,2,2
160,2026-04-05,MARK,WATER ___,3,1,2
161,2026-04-05,STORE,COMPUTER PARTS,0,4,2
161,2026-04-05,KEYBOARD,COMPUTER PARTS,0,4,3
161,2026-04-05,CHIP,COMPUTER PARTS,0,3,1
161,2026-04-05,HARDWARE,COMPUTER PARTS,0,1,4
161,2026-04-05,SEXY,WORDS MEANING HOT,1,1,2
161,2026-04-05,RAGING,WORDS MEANING HOT,1,4,4
161,2026-04-05,STIFLING,WORDS MEANING HOT,1,1,1
161,2026-04-05,TROPICAL,WORDS MEANING HOT,1,3,2
161,2026-04-05,REALIZED,ASSOCIATED WITH DREAM,2,2,3
161,2026-04-05,TRUE,ASSOCIATED WITH DREAM,2,4,1
161,2026-04-05,COME,ASSOCIATED WITH DREAM,2,3,3
161,2026-04-05,SLEEP,ASSOCIATED WITH DREAM,2,3,4
161,2026-04-05,REST,FOOT ___,3,2,1
161,2026-04-05,STEP,FOOT ___,3,1,3
161,2026-04-05,PATH,FOOT ___,3,2,2
161,2026-04-05,WEAR,FOOT ___,3,2,4
162,2026-04-05,MAST,NUTS,0,2,4
162,2026-04-05,CHESTNUT,NUTS,0,1,1
162,2026-04-05,COCONUT,NUTS,0,3,4
162,2026-04-05,PEANUT,NUTS,0,1,3
162,2026-04-05,LUMBERING,WORDS MEANING HEAVY,1,4,2
162,2026-04-05,WORRISOME,WORDS MEANING HEAVY,1,3,2
162,2026-04-05,SULLEN,WORDS MEANING HEAVY,1,4,1
162,2026-04-05,PONDEROUS,WORDS MEANING HEAVY,1,2,2
162,2026-04-05,ENSEMBLE,WORDS RELATED TO THEATER,2,2,3
162,2026-04-05,STUDIO,WORDS RELATED TO THEATER,2,4,4
162,2026-04-05,HOUSE,WORDS RELATED TO THEATER,2,1,4
162,2026-04-05,DRAMA,WORDS RELATED TO THEATER,2,3,3
162,2026-04-05,SLOPE,MEANINGS OF 'BANK',3,1,2
162,2026-04-05,TILT,MEANINGS OF 'BANK',3,4,3
162,2026-04-05,STORE,MEANINGS OF 'BANK',3,2,1
162,2026-04-05,RELY,MEANINGS OF 'BANK',3,3,1
163,2026-04-05,PACKET,BOATS,0,4,1
163,2026-04-05,TENDER,BOATS,0,4,3
163,2026-04-05,JOLLY,BOATS,0,2,1
163,2026-04-05,SHELL,BOATS,0,1,4
163,2026-04-05,HEAVY,WORDS MEANING DEEP,1,3,1
163,2026-04-05,LOW,WORDS MEANING DEEP,1,3,4
163,2026-04-05,DEEPLY,WORDS MEANING DEEP,1,1,1
163,2026-04-05,BIG,WORDS MEANING DEEP,1,1,2
163,2026-04-05,FOR,ASSOCIATED WITH GOLD,2,4,4
163,2026-04-05,CAN,ASSOCIATED WITH GOLD,2,2,4
163,2026-04-05,HAD,ASSOCIATED WITH GOLD,2,3,3
163,2026-04-05,PRODUCTION,ASSOCIATED WITH GOLD,2,3,2
163,2026-04-05,TORCH,___ LIGHT,3,4,2
163,2026-04-05,CANDLE,___ LIGHT,3,1,3
163,2026-04-05,MOON,___ LIGHT,3,2,2
163,2026-04-05,SKY,___ LIGHT,3,2,3
164,2026-04-05,BEAVER,HATS,0,3,2
164,2026-04-05,FEDORA,HATS,0,4,1
164,2026-04-05,PANAMA,HATS,0,2,4
164,2026-04-05,LID,HATS,0,4,3
164,2026-04-05,TAPERED,WORDS MEANING NARROW,1,3,3
164,2026-04-05,MARGINAL,WORDS MEANING NARROW,1,3,1
164,2026-04-05,THIN,WORDS MEANING NARROW,1,4,4
164,2026-04-05,CAREFUL,WORDS MEANING NARROW,1,2,3
164,2026-04-05,INSIGHT,ASSOCIATED WITH WISDOM,2,3,4
164,2026-04-05,SPIRITUAL,ASSOCIATED WITH WISDOM,2,2,1
164,2026-04-05,COURAGE,ASSOCIATED WITH WISDOM,2,1,4
164,2026-04-05,ADVICE,ASSOCIATED WITH WISDOM,2,4,2
164,2026-04-05,WOOD,WILD ___,3,1,2
164,2026-04-05,LIFE,WILD ___,3,1,3
164,2026-04-05,FLOWER,WILD ___,3,1,1
164,2026-04-05,CAT,WILD ___,3,2,2
165,2026-04-05,MEMORY,COMPUTER PARTS,0,4,2
165,2026-04-05,STORE,COMPUTER PARTS,0,3,1
165,2026-04-05,PERIPHERAL,COMPUTER PARTS,0,1,2
165,2026-04-05,CHIP,COMPUTER PARTS,0,2,4
165,2026-04-05,STILL,WORDS MEANING SMOOTH,1,3,3
165,2026-04-05,SUAVE,WORDS MEANING SMOOTH,1,3,4
165,2026-04-05,FLUID,WORDS MEANING SMOOTH,1,4,3
165,2026-04-05,POLITIC,WORDS MEANING SMOOTH,1,1,3
165,2026-04-05,EXHIBITS,ASSOCIATED WITH MUSEUM,2,2,2
165,2026-04-05,MODERN,ASSOCIATED WITH MUSEUM,2,2,1
165,2026-04-05,PORTRAIT,ASSOCIATED WITH MUSEUM,2,4,1
165,2026-04-05,DONATED,ASSOCIATED WITH MUSEUM,2,4,4
165,2026-04-05,BOOK,___ MARK,3,2,3
165,2026-04-05,TRADE,___ MARK,3,1,1
165,2026-04-05,LAND,___ MARK,3,1,4
165,2026-04-05,BENCH,___ MARK,3,3,2
166,2026-04-05,PIKE,FISH,0,1,1
166,2026-04-05,SALMON,FISH,0,2,4
166,2026-04-05,ROACH,FISH,0,2,1
166,2026-04-05,BLEAK,FISH,0,3,3
166,2026-04-05,JOYOUS,WORDS MEANING HAPPY,1,4,2
166,2026-04-05,BRIGHT,WORDS MEANING HAPPY,1,4,4
166,2026-04-05,ENJOYMENT,WORDS MEANING HAPPY,1,1,2
166,2026-04-05,BEAUTIFUL,WORDS MEANING HAPPY,1,2,2
166,2026-04-05,GRADUATED,WORDS RELATED TO SCHOOL,2,2,3
166,2026-04-05,ECONOMICS,WORDS RELATED TO SCHOOL,2,3,1
166,2026-04-05,CULTIVATE,WORDS RELATED TO SCHOOL,2,4,1
166,2026-04-05,EDUCATE,WORDS RELATED TO SCHOOL,2,1,4
166,2026-04-05,TERRIBLE,ENDS WITH 'IBLE',3,4,3
166,2026-04-05,SENSIBLE,ENDS WITH 'IBLE',3,3,4
166,2026-04-05,VISIBLE,ENDS WITH 'IBLE',3,3,2
166,2026-04-05,POSSIBLE,ENDS WITH 'IBLE',3,1,3
167,2026-04-05,POLL,BIRDS,0,2,3
167,2026-04-05,HAWK,BIRDS,0,4,2
167,2026-04-05,ROLLER,BIRDS,0,3,1
167,2026-04-05,SWIFT,BIRDS,0,3,3
167,2026-04-05,SEMBLANCE,WORDS MEANING LOOK,1,4,1
167,2026-04-05,POINT,WORDS MEANING LOOK,1,1,2
167,2026-04-05,PERCEPTION,WORDS MEANING LOOK,1,3,4
167,2026-04-05,TONE,WORDS MEANING LOOK,1,1,4
167,2026-04-05,SUBMERGED,ASSOCIATED WITH REEF,2,4,4
167,2026-04-05,KEYS,ASSOCIATED WITH REEF,2,2,1
167,2026-04-05,TIDE,ASSOCIATED WITH REEF,2,4,3
167,2026-04-05,KNOT,ASSOCIATED WITH REEF,2,1,3
167,2026-04-05,DEAD,___ POOL,3,3,2
167,2026-04-05,WHIRL,___ POOL,3,2,2
167,2026-04-05,SWIMMING,___ POOL,3,1,1
167,2026-04-05,CAR,___ POOL,3,2,4
168,2026-04-05,LAUNCH,BOATS,0,1,1
168,2026-04-05,LIFEBOAT,BOATS,0,2,1
168,2026-04-05,STEAMBOAT,BOATS,0,3,1
168,2026-04-05,FERRY,BOATS,0,1,4
168,2026-04-05,MUCH,WORDS MEANING DEEP,1,2,2
168,2026-04-05,BROAD,WORDS MEANING DEEP,1,4,1
168,2026-04-05,GRAVELY,WORDS MEANING DEEP,1,4,3
168,2026-04-05,ESOTERIC,WORDS MEANING DEEP,1,4,4
168,2026-04-05,AGREEMENT,ASSOCIATED WITH PEACE,2,3,3
168,2026-04-05,TREATY,ASSOCIATED WITH PEACE,2,1,2
168,2026-04-05,ISRAEL,ASSOCIATED WITH PEACE,2,3,2
168,2026-04-05,FRIENDSHIP,ASSOCIATED WITH PEACE,2,4,2
168,2026-04-05,BOOK,HAND ___,3,3,4
168,2026-04-05,SHAKE,HAND ___,3,1,3
168,2026-04-05,WRITING,HAND ___,3,2,4
168,2026-04-05,HOLD,HAND ___,3,2,3
169,2026-04-05,TORSO,BODY PARTS,0,1,4
169,2026-04-05,FORK,BODY PARTS,0,2,3
169,2026-04-05,TRUNK,BODY PARTS,0,2,2
169,2026-04-05,LEG,BODY PARTS,0,3,4
169,2026-04-05,WEAK,WORDS MEANING LIGHT,1,3,3
169,2026-04-05,WAKEFUL,WORDS MEANING LIGHT,1,4,3
169,2026-04-05,EASY,WORDS MEANING LIGHT,1,1,2
169,2026-04-05,FAINT,WORDS MEANING LIGHT,1,1,1
169,2026-04-05,FORMULA,ASSOCIATED WITH SPACE,2,2,1
169,2026-04-05,ORBIT,ASSOCIATED WITH SPACE,2,1,3
169,2026-04-05,LAUNCH,ASSOCIATED WITH SPACE,2,3,1
169,2026-04-05,MARS,ASSOCIATED WITH SPACE,2,4,4
169,2026-04-05,RAIN,___ FALL,3,2,4
169,2026-04-05,NIGHT,___ FALL,3,3,2
169,2026-04-05,DOWN,___ FALL,3,4,2
169,2026-04-05,FREE,___ FALL,3,4,1
170,2026-04-05,BRASS,METALS,0,4,4
170,2026-04-05,SLUG,METALS,0,2,4
170,2026-04-05,SOLDER,METALS,0,3,3
170,2026-04-05,ALLOY,METALS,0,3,1
170,2026-04-05,SPINELESS,WORDS MEANING WEAK,1,1,4
170,2026-04-05,HELPLESS,WORDS MEANING WEAK,1,1,1
170,2026-04-05,FLIMSY,WORDS MEANING WEAK,1,1,2
170,2026-04-05,UNSTRESSED,WORDS MEANING WEAK,1,2,2
170,2026-04-05,COME,ASSOCIATED WITH DREAM,2,1,3
170,2026-04-05,REALITY,ASSOCIATED WITH DREAM,2,2,1
170,2026-04-05,DREAMER,ASSOCIATED WITH DREAM,2,2,3
170,2026-04-05,THEATER,ASSOCIATED WITH DREAM,2,4,3
170,2026-04-05,ENLIST,ANAGRAMS OF EACH OTHER,3,3,4
170,2026-04-05,TINSEL,ANAGRAMS OF EACH OTHER,3,3,2
170,2026-04-05,LISTEN,ANAGRAMS OF EACH OTHER,3,4,2
170,2026-04-05,SILENT,ANAGRAMS OF EACH OTHER,3,4,1
171,2026-04-05,LANCE,INSTRUMENTS,0,4,3
171,2026-04-05,METER,INSTRUMENTS,0,2,2
171,2026-04-05,LOG,INSTRUMENTS,0,4,1
171,2026-04-05,GALLOWS,INSTRUMENTS,0,2,4
171,2026-04-05,HITCH,WORDS MEANING STOP,1,4,2
171,2026-04-05,QUIT,WORDS MEANING STOP,1,1,4
171,2026-04-05,CATCH,WORDS MEANING STOP,1,2,1
171,2026-04-05,SHUT,WORDS MEANING STOP,1,3,1
171,2026-04-05,VISION,ASSOCIATED WITH DREAM,2,3,3
171,2026-04-05,SLEEP,ASSOCIATED WITH DREAM,2,1,1
171,2026-04-05,SEQUENCE,ASSOCIATED WITH DREAM,2,4,4
171,2026-04-05,HOME,ASSOCIATED WITH DREAM,2,1,2
171,2026-04-05,STATES,___ MAN,3,2,3
171,2026-04-05,POLICE,___ MAN,3,3,2
171,2026-04-05,SALES,___ MAN,3,1,3
171,2026-04-05,GUN,___ MAN,3,3,4
172,2026-04-05,MAST,NUTS,0,3,2
172,2026-04-05,COCONUT,NUTS,0,1,4
172,2026-04-05,WALNUT,NUTS,0,2,3
172,2026-04-05,CHESTNUT,NUTS,0,2,4
172,2026-04-05,DISCUSS,WORDS MEANING SPEAK,1,3,4
172,2026-04-05,SHARE,WORDS MEANING SPEAK,1,4,2
172,2026-04-05,WORD,WORDS MEANING SPEAK,1,1,1
172,2026-04-05,REASON,WORDS MEANING SPEAK,1,4,4
172,2026-04-05,DARE,ASSOCIATED WITH TRUTH,2,4,3
172,2026-04-05,HAPPENED,ASSOCIATED WITH TRUTH,2,2,2
172,2026-04-05,FALSE,ASSOCIATED WITH TRUTH,2,1,2
172,2026-04-05,FAITH,ASSOCIATED WITH TRUTH,2,1,3
172,2026-04-05,WATCH,BIRD ___,3,3,3
172,2026-04-05,SEED,BIRD ___,3,4,1
172,2026-04-05,CALL,BIRD ___,3,2,1
172,2026-04-05,CAGE,BIRD ___,3,3,1
173,2026-04-05,GALLEY,PARTS OF A SHIP,0,2,3
173,2026-04-05,TAIL,PARTS OF A SHIP,0,3,1
173,2026-04-05,QUARTER,PARTS OF A SHIP,0,3,4
173,2026-04-05,BAY,PARTS OF A SHIP,0,4,3
173,2026-04-05,BENIGHTED,WORDS MEANING DARK,1,4,1
173,2026-04-05,MOODY,WORDS MEANING DARK,1,1,3
173,2026-04-05,GLOOMY,WORDS MEANING DARK,1,1,1
173,2026-04-05,DRAB,WORDS MEANING DARK,1,2,4
173,2026-04-05,SHEET,ASSOCIATED WITH STEEL,2,1,4
173,2026-04-05,INDUSTRIES,ASSOCIATED WITH STEEL,2,4,4
173,2026-04-05,PANELS,ASSOCIATED WITH STEEL,2,3,2
173,2026-04-05,ALLOYS,ASSOCIATED WITH STEEL,2,2,1
173,2026-04-05,DROP,BACK ___,3,1,2
173,2026-04-05,HANDED,BACK ___,3,2,2
173,2026-04-05,GROUND,BACK ___,3,4,2
173,2026-04-05,STAGE,BACK ___,3,3,3
174,2026-04-05,EMPEROR,BUTTERFLIES,0,1,2
174,2026-04-05,MONARCH,BUTTERFLIES,0,3,2
174,2026-04-05,COPPER,BUTTERFLIES,0,4,1
174,2026-04-05,BLUE,BUTTERFLIES,0,2,3
174,2026-04-05,WARMING,WORDS MEANING HOT,1,1,3
174,2026-04-05,BAKING,WORDS MEANING HOT,1,2,4
174,2026-04-05,WANTED,WORDS MEANING HOT,1,4,4
174,2026-04-05,FLAMING,WORDS MEANING HOT,1,2,1
174,2026-04-05,SUPPORTIVE,WORDS RELATED TO SOLIDARITY,2,4,3
174,2026-04-05,WARSAW,WORDS RELATED TO SOLIDARITY,2,3,1
174,2026-04-05,PROTEST,WORDS RELATED TO SOLIDARITY,2,3,3
174,2026-04-05,FELLOWSHIP,WORDS RELATED TO SOLIDARITY,2,1,1
174,2026-04-05,MADAM,PALINDROMES,3,2,2
174,2026-04-05,DEED,PALINDROMES,3,1,4
174,2026-04-05,REVIVER,PALINDROMES,3,3,4
174,2026-04-05,NOON,PALINDROMES,3,4,2
175,2026-04-05,CANVASS,PAINTING STYLES,0,3,3
175,2026-04-05,MINIATURE,PAINTING STYLES,0,3,1
175,2026-04-05,CANVAS,PAINTING STYLES,0,2,1
175,2026-04-05,NUDE,PAINTING STYLES,0,1,4
175,2026-04-05,TIGHT,WORDS MEANING SMALL,1,1,1
175,2026-04-05,TINY,WORDS MEANING SMALL,1,1,2
175,2026-04-05,MINUTE,WORDS MEANING SMALL,1,2,2
175,2026-04-05,MINOR,WORDS MEANING SMALL,1,4,1
175,2026-04-05,FLUID,ASSOCIATED WITH BLOOD,2,3,4
175,2026-04-05,ARTERIES,ASSOCIATED WITH BLOOD,2,2,4
175,2026-04-05,LUNGS,ASSOCIATED WITH BLOOD,2,2,3
175,2026-04-05,BARRIER,ASSOCIATED WITH BLOOD,2,4,2
175,2026-04-05,OPEN,___ HOUSE,3,1,3
175,2026-04-05,TREE,___ HOUSE,3,4,4
175,2026-04-05,STORE,___ HOUSE,3,4,3
175,2026-04-05,POWER,___ HOUSE,3,3,2
176,2026-04-05,TWEED,FABRICS,0,2,3
176,2026-04-05,METALLIC,FABRICS,0,4,1
176,2026-04-05,DRAPERY,FABRICS,0,3,4
176,2026-04-05,WOOL,FABRICS,0,4,3
176,2026-04-05,UPSET,WORDS MEANING DESTROY,1,1,2
176,2026-04-05,THWART,WORDS MEANING DESTROY,1,2,1
176,2026-04-05,CRUSH,WORDS MEANING DESTROY,1,3,1
176,2026-04-05,IMPAIR,WORDS MEANING DESTROY,1,4,2
176,2026-04-05,PATRON,ASSOCIATED WITH HONOR,2,3,3
176,2026-04-05,BESTOWED,ASSOCIATED WITH HONOR,2,1,3
176,2026-04-05,CEREMONY,ASSOCIATED WITH HONOR,2,2,2
176,2026-04-05,HEROISM,ASSOCIATED WITH HONOR,2,2,4
176,2026-04-05,CUT,UNDER ___,3,1,1
176,2026-04-05,DONE,UNDER ___,3,1,4
176,2026-04-05,WEAR,UNDER ___,3,3,2
176,2026-04-05,TAKE,UNDER ___,3,4,4
177,2026-04-05,BUMPER,CAR PARTS,0,2,4
177,2026-04-05,HIGH,CAR PARTS,0,3,2
177,2026-04-05,TRUNK,CAR PARTS,0,4,3
177,2026-04-05,WINDOW,CAR PARTS,0,2,1
177,2026-04-05,DRAW,WORDS MEANING PULL,1,1,4
177,2026-04-05,COMMIT,WORDS MEANING PULL,1,3,1
177,2026-04-05,FORCE,WORDS MEANING PULL,1,4,1
177,2026-04-05,EXTRACT,WORDS MEANING PULL,1,3,3
177,2026-04-05,VELOCITY,GOES WITH WIND,2,3,4
177,2026-04-05,WEAKENED,GOES WITH WIND,2,2,2
177,2026-04-05,ENERGY,GOES WITH WIND,2,4,4
177,2026-04-05,CONVECTION,GOES WITH WIND,2,1,3
177,2026-04-05,DOWN,___ FALL,3,1,1
177,2026-04-05,SHORT,___ FALL,3,1,2
177,2026-04-05,FREE,___ FALL,3,4,2
177,2026-04-05,NIGHT,___ FALL,3,2,3
178,2026-04-05,JUPITER,PLANETS,0,4,1
178,2026-04-05,SATURN,PLANETS,0,3,2
178,2026-04-05,NEPTUNE,PLANETS,0,4,2
178,2026-04-05,MERCURY,PLANETS,0,1,2
178,2026-04-05,HONESTY,WORDS MEANING HONEST,1,1,1
178,2026-04-05,LEGITIMATE,WORDS MEANING HONEST,1,1,3
178,2026-04-05,JUST,WORDS MEANING HONEST,1,1,4
178,2026-04-05,TRUTH,WORDS MEANING HONEST,1,4,4
178,2026-04-05,ZONE,ASSOCIATED WITH DANGER,2,2,3
178,2026-04-05,MOUSE,ASSOCIATED WITH DANGER,2,4,3
178,2026-04-05,WARNING,ASSOCIATED WITH DANGER,2,3,1
178,2026-04-05,THREAT,ASSOCIATED WITH DANGER,2,3,3
178,2026-04-05,BATTLE,ALL START WITH 'B',3,2,1
178,2026-04-05,BRAVE,ALL START WITH 'B',3,3,4
178,2026-04-05,BRAND,ALL START WITH 'B',3,2,2
178,2026-04-05,BUILD,ALL START WITH 'B',3,2,4
179,2026-04-05,JUNK,BOATS,0,2,1
179,2026-04-05,BARGE,BOATS,0,4,3
179,2026-04-05,OUTBOARD,BOATS,0,1,4
179,2026-04-05,TOWER,BOATS,0,4,2
179,2026-04-05,TIGHT,WORDS MEANING SMOOTH,1,1,2
179,2026-04-05,VELVET,WORDS MEANING SMOOTH,1,3,4
179,2026-04-05,SLEEK,WORDS MEANING SMOOTH,1,3,1
179,2026-04-05,FLUID,WORDS MEANING SMOOTH,1,2,3
179,2026-04-05,REVENGE,ASSOCIATED WITH PIRATE,2,2,2
179,2026-04-05,BAY,ASSOCIATED WITH PIRATE,2,3,3
179,2026-04-05,ADVENTURE,ASSOCIATED WITH PIRATE,2,3,2
179,2026-04-05,CREW,ASSOCIATED WITH PIRATE,2,4,4
179,2026-04-05,COURT,___ SIDE,3,4,1
179,2026-04-05,RING,___ SIDE,3,1,1
179,2026-04-05,TOP,___ SIDE,3,2,4
179,2026-04-05,BED,___ SIDE,3,1,3
180,2026-04-05,MILK,SNAKES,0,2,4
180,2026-04-05,ANACONDA,SNAKES,0,3,3
180,2026-04-05,COBRA,SNAKES,0,1,4
180,2026-04-05,PYTHON,SNAKES,0,2,3
180,2026-04-05,FLUSH,WORDS MEANING RICH,1,4,3
180,2026-04-05,FAT,WORDS MEANING RICH,1,2,2
180,2026-04-05,PRODUCTIVE,WORDS MEANING RICH,1,4,2
180,2026-04-05,DEEP,WORDS MEANING RICH,1,4,4
180,2026-04-05,VICTORY,WORDS RELATED TO GLORY,2,1,3
180,2026-04-05,DOG,WORDS RELATED TO GLORY,2,3,2
180,2026-04-05,HONOR,WORDS RELATED TO GLORY,2,1,1
180,2026-04-05,HERO,WORDS RELATED TO GLORY,2,2,1
180,2026-04-05,PORT,AIR ___,3,3,1
180,2026-04-05,LIFT,AIR ___,3,1,2
180,2026-04-05,LINE,AIR ___,3,3,4
180,2026-04-05,PLANE,AIR ___,3,4,1
181,2026-04-05,LOG,PARTS OF A SHIP,0,2,4
181,2026-04-05,STERN,PARTS OF A SHIP,0,4,3
181,2026-04-05,FRAME,PARTS OF A SHIP,0,1,2
181,2026-04-05,QUARTER,PARTS OF A SHIP,0,2,2
181,2026-04-05,EXTEND,WORDS MEANING RUN,1,2,1
181,2026-04-05,ESCAPE,WORDS MEANING RUN,1,2,3
181,2026-04-05,INCLINE,WORDS MEANING RUN,1,3,2
181,2026-04-05,ENDURE,WORDS MEANING RUN,1,3,1
181,2026-04-05,SYSTEM,GOES WITH DUNE,2,1,3
181,2026-04-05,GRASS,GOES WITH DUNE,2,1,4
181,2026-04-05,HAS,GOES WITH DUNE,2,3,4
181,2026-04-05,DUNCAN,GOES WITH DUNE,2,4,2
181,2026-04-05,FLAP,___ GATE,3,4,4
181,2026-04-05,WATER,___ GATE,3,4,1
181,2026-04-05,IRON,___ GATE,3,1,1
181,2026-04-05,FLOOD,___ GATE,3,3,3
182,2026-04-05,MONKEY,MAMMALS,0,3,1
182,2026-04-05,BEAR,MAMMALS,0,2,1
182,2026-04-05,APE,MAMMALS,0,1,2
182,2026-04-05,BAT,MAMMALS,0,4,1
182,2026-04-05,RUSTY,WORDS MEANING OLD,1,4,4
182,2026-04-05,STALE,WORDS MEANING OLD,1,1,4
182,2026-04-05,PATCHED,WORDS MEANING OLD,1,2,4
182,2026-04-05,AGED,WORDS MEANING OLD,1,3,2
182,2026-04-05,LANDSCAPE,ASSOCIATED WITH GARDEN,2,1,1
182,2026-04-05,GROUNDS,ASSOCIATED WITH GARDEN,2,2,3
182,2026-04-05,OUTDOOR,ASSOCIATED WITH GARDEN,2,3,4
182,2026-04-05,EDEN,ASSOCIATED WITH GARDEN,2,2,2
182,2026-04-05,STATS,PALINDROMES,3,3,3
182,2026-04-05,MADAM,PALINDROMES,3,1,3
182,2026-04-05,DEED,PALINDROMES,3,4,3
182,2026-04-05,REPAPER,PALINDROMES,3,4,2
183,2026-04-05,CORD,FABRICS,0,3,1
183,2026-04-05,CANVASS,FABRICS,0,1,4
183,2026-04-05,METALLIC,FABRICS,0,4,1
183,2026-04-05,WEB,FABRICS,0,3,2
183,2026-04-05,LENGTHEN,WORDS MEANING INCREASE,1,4,4
183,2026-04-05,EXTEND,WORDS MEANING INCREASE,1,1,1
183,2026-04-05,AUGMENTED,WORDS MEANING INCREASE,1,2,3
183,2026-04-05,STRENGTHEN,WORDS MEANING INCREASE,1,3,3
183,2026-04-05,ARE,ASSOCIATED WITH SCHOOL,2,4,2
183,2026-04-05,TEACHER,ASSOCIATED WITH SCHOOL,2,4,3
183,2026-04-05,BECAME,ASSOCIATED WITH SCHOOL,2,3,4
183,2026-04-05,HIGH,ASSOCIATED WITH SCHOOL,2,1,2
183,2026-04-05,BENCH,___ MARK,3,2,4
183,2026-04-05,HALL,___ MARK,3,2,2
183,2026-04-05,BIRTH,___ MARK,3,2,1
183,2026-04-05,LAND,___ MARK,3,1,3
184,2026-04-05,DANCING,DANCES,0,4,1
184,2026-04-05,JIG,DANCES,0,1,2
184,2026-04-05,COTILLION,DANCES,0,3,4
184,2026-04-05,CHARLESTON,DANCES,0,1,3
184,2026-04-05,GENEROUS,WORDS MEANING BRAVE,1,1,1
184,2026-04-05,DESPERATE,WORDS MEANING BRAVE,1,2,1
184,2026-04-05,BOLD,WORDS MEANING BRAVE,1,3,3
184,2026-04-05,COURAGEOUS,WORDS MEANING BRAVE,1,4,2
184,2026-04-05,MADONNA,ASSOCIATED WITH AMBITION,2,4,4
184,2026-04-05,DESIRE,ASSOCIATED WITH AMBITION,2,3,1
184,2026-04-05,AMBITIOUS,ASSOCIATED WITH AMBITION,2,4,3
184,2026-04-05,SUCCEED,ASSOCIATED WITH AMBITION,2,2,3
184,2026-04-05,FARE,SEA ___,3,3,2
184,2026-04-05,FOOD,SEA ___,3,2,4
184,2026-04-05,SHORE,SEA ___,3,1,4
184,2026-04-05,HORSE,SEA ___,3,2,2
185,2026-04-05,MEMORY,COMPUTER PARTS,0,1,2
185,2026-04-05,CHIP,COMPUTER PARTS,0,4,1
185,2026-04-05,PERIPHERAL,COMPUTER PARTS,0,4,3
185,2026-04-05,PROCESSOR,COMPUTER PARTS,0,2,4
185,2026-04-05,DAUNTLESS,WORDS MEANING BRAVE,1,3,1
185,2026-04-05,COURAGEOUS,WORDS MEANING BRAVE,1,3,3
185,2026-04-05,FEARLESS,WORDS MEANING BRAVE,1,1,4
185,2026-04-05,GAY,WORDS MEANING BRAVE,1,4,4
185,2026-04-05,COLLEGIATE,GOES WITH ICE,2,2,3
185,2026-04-05,AGO,GOES WITH ICE,2,2,2
185,2026-04-05,AND,GOES WITH ICE,2,1,1
185,2026-04-05,ARCTIC,GOES WITH ICE,2,1,3
185,2026-04-05,BACK,___ YARD,3,3,4
185,2026-04-05,RAIL,___ YARD,3,3,2
185,2026-04-05,DOOR,___ YARD,3,2,1
185,2026-04-05,SHIP,___ YARD,3,4,2
186,2026-04-05,BLACKJACK,CARD GAMES,0,1,3
186,2026-04-05,PATIENCE,CARD GAMES,0,3,4
186,2026-04-05,STOPS,CARD GAMES,0,4,4
186,2026-04-05,CRIB,CARD GAMES,0,1,2
186,2026-04-05,AWFUL,WORDS MEANING TIRED,1,2,3
186,2026-04-05,TRITE,WORDS MEANING TIRED,1,2,1
186,2026-04-05,FRUSTRATED,WORDS MEANING TIRED,1,3,1
186,2026-04-05,ASLEEP,WORDS MEANING TIRED,1,4,2
186,2026-04-05,BROOK,ASSOCIATED WITH SWAMP,2,2,2
186,2026-04-05,DRAINED,ASSOCIATED WITH SWAMP,2,4,3
186,2026-04-05,WILDLIFE,ASSOCIATED WITH SWAMP,2,3,3
186,2026-04-05,EEL,ASSOCIATED WITH SWAMP,2,1,4
186,2026-04-05,BING,DIFFER BY ONE LETTER FROM 'RING',3,4,1
186,2026-04-05,DING,DIFFER BY ONE LETTER FROM 'RING',3,2,4
186,2026-04-05,KING,DIFFER BY ONE LETTER FROM 'RING',3,3,2
186,2026-04-05,ZING,DIFFER BY ONE LETTER FROM 'RING',3,1,1
187,2026-04-05,WATERCOLOR,PAINTING STYLES,0,1,4
187,2026-04-05,MINIATURE,PAINTING STYLES,0,4,4
187,2026-04-05,PICTURE,PAINTING STYLES,0,3,1
187,2026-04-05,FRESCO,PAINTING STYLES,0,3,4
187,2026-04-05,TRITE,WORDS MEANING TIRED,1,4,2
187,2026-04-05,STOCK,WORDS MEANING TIRED,1,2,2
187,2026-04-05,FATIGUED,WORDS MEANING TIRED,1,3,3
187,2026-04-05,HAGGARD,WORDS MEANING TIRED,1,4,3
187,2026-04-05,RELAY,ASSOCIATED WITH GOLD,2,2,4
187,2026-04-05,COINS,ASSOCIATED WITH GOLD,2,3,2
187,2026-04-05,WITH,ASSOCIATED WITH GOLD,2,1,2
187,2026-04-05,OLYMPICS,ASSOCIATED WITH GOLD,2,2,1
187,2026-04-05,GROUND,___ WATER,3,1,3
187,2026-04-05,HOT,___ WATER,3,1,1
187,2026-04-05,DEEP,___ WATER,3,2,3
187,2026-04-05,BACK,___ WATER,3,4,1
188,2026-04-05,BEE,INSECTS,0,2,3
188,2026-04-05,FLEA,INSECTS,0,4,2
188,2026-04-05,QUEEN,INSECTS,0,1,2
188,2026-04-05,HOPPER,INSECTS,0,4,4
188,2026-04-05,CREATIVE,WORDS MEANING CLEVER,1,4,3
188,2026-04-05,GENIUS,WORDS MEANING CLEVER,1,4,1
188,2026-04-05,RATIONAL,WORDS MEANING CLEVER,1,3,2
188,2026-04-05,SKILLFUL,WORDS MEANING CLEVER,1,2,2
188,2026-04-05,INSPECTION,ASSOCIATED WITH DISCIPLINE,2,3,3
188,2026-04-05,ECONOMICS,ASSOCIATED WITH DISCIPLINE,2,3,1
188,2026-04-05,CLERGY,ASSOCIATED WITH DISCIPLINE,2,2,4
188,2026-04-05,PSYCHOLOGY,ASSOCIATED WITH DISCIPLINE,2,3,4
188,2026-04-05,LAND,HIGH ___,3,1,3
188,2026-04-05,CHAIR,HIGH ___,3,2,1
188,2026-04-05,SCHOOL,HIGH ___,3,1,4
188,2026-04-05,ROAD,HIGH ___,3,1,1
189,2026-04-05,WHISKERS,PARTS OF THE FACE,0,1,1
189,2026-04-05,BEARD,PARTS OF THE FACE,0,2,3
189,2026-04-05,BROW,PARTS OF THE FACE,0,4,2
189,2026-04-05,FEATURE,PARTS OF THE FACE,0,4,3
189,2026-04-05,STILL,WORDS MEANING SMOOTH,1,3,3
189,2026-04-05,LIQUID,WORDS MEANING SMOOTH,1,1,2
189,2026-04-05,FLUENT,WORDS MEANING SMOOTH,1,2,4
189,2026-04-05,PLACID,WORDS MEANING SMOOTH,1,4,4
189,2026-04-05,BREEDING,ASSOCIATED WITH FARM,2,3,4
189,2026-04-05,CATTLE,ASSOCIATED WITH FARM,2,3,2
189,2026-04-05,FARMING,ASSOCIATED WITH FARM,2,3,1
189,2026-04-05,HISTORIC,ASSOCIATED WITH FARM,2,1,4
189,2026-04-05,CAKE,SHORT ___,3,1,3
189,2026-04-05,CUT,SHORT ___,3,2,2
189,2026-04-05,FALL,SHORT ___,3,2,1
189,2026-04-05,CHANGE,SHORT ___,3,4,1
190,2026-04-05,ACRYLIC,VEHICLES,0,3,2
190,2026-04-05,LATEX,VEHICLES,0,1,4
190,2026-04-05,PRIMING,VEHICLES,0,2,1
190,2026-04-05,COUCH,VEHICLES,0,2,3
190,2026-04-05,STUBBORN,WORDS MEANING HARD,1,1,3
190,2026-04-05,ROUGH,WORDS MEANING HARD,1,4,3
190,2026-04-05,SERIOUS,WORDS MEANING HARD,1,4,1
190,2026-04-05,TALL,WORDS MEANING HARD,1,4,4
190,2026-04-05,LAMP,ASSOCIATED WITH LIGHT,2,3,3
190,2026-04-05,BATTERY,ASSOCIATED WITH LIGHT,2,2,2
190,2026-04-05,BRIGHT,ASSOCIATED WITH LIGHT,2,3,4
190,2026-04-05,CRUISER,ASSOCIATED WITH LIGHT,2,3,1
190,2026-04-05,WEEK,WORDS THAT SOUND LIKE ANOTHER WORD,3,1,1
190,2026-04-05,WRITE,WORDS THAT SOUND LIKE ANOTHER WORD,3,1,2
190,2026-04-05,SON,WORDS THAT SOUND LIKE ANOTHER WORD,3,4,2
190,2026-04-05,TWO,WORDS THAT SOUND LIKE ANOTHER WORD,3,2,4
191,2026-04-05,PANAMA,HATS,0,3,3
191,2026-04-05,DERBY,HATS,0,2,4
191,2026-04-05,CASTOR,HATS,0,3,1
191,2026-04-05,LID,HATS,0,2,3
191,2026-04-05,SCREAM,WORDS MEANING SHOUT,1,3,4
191,2026-04-05,OUTCRY,WORDS MEANING SHOUT,1,1,3
191,2026-04-05,CHEER,WORDS MEANING SHOUT,1,4,4
191,2026-04-05,SHRIEK,WORDS MEANING SHOUT,1,1,2
191,2026-04-05,THERE,ASSOCIATED WITH CHURCH,2,4,3
191,2026-04-05,FROM,ASSOCIATED WITH CHURCH,2,4,2
191,2026-04-05,WITH,ASSOCIATED WITH CHURCH,2,1,4
191,2026-04-05,TRINITY,ASSOCIATED WITH CHURCH,2,2,2
191,2026-04-05,HORSE,___ MAN,3,2,1
191,2026-04-05,DOOR,___ MAN,3,4,1
191,2026-04-05,GENTLE,___ MAN,3,1,1
191,2026-04-05,CHAIR,___ MAN,3,3,2
192,2026-04-05,FLEA,INSECTS,0,1,4
192,2026-04-05,BEE,INSECTS,0,1,2
192,2026-04-05,ANT,INSECTS,0,3,2
192,2026-04-05,QUEEN,INSECTS,0,1,1
192,2026-04-05,THUNDEROUS,WORDS MEANING LOUD,1,4,3
192,2026-04-05,BLASTING,WORDS MEANING LOUD,1,2,1
192,2026-04-05,FIERCE,WORDS MEANING LOUD,1,3,1
192,2026-04-05,HEATED,WORDS MEANING LOUD,1,3,3
192,2026-04-05,PRESERVE,ASSOCIATED WITH TRUST,2,2,3
192,2026-04-05,TRUSTEE,ASSOCIATED WITH TRUST,2,4,2
192,2026-04-05,TRUSTEES,ASSOCIATED WITH TRUST,2,2,4
192,2026-04-05,BENEFIT,ASSOCIATED WITH TRUST,2,3,4
192,2026-04-05,BONE,BACK ___,3,2,2
192,2026-04-05,BENCH,BACK ___,3,4,1
192,2026-04-05,GROUND,BACK ___,3,1,3
192,2026-04-05,SPACE,BACK ___,3,4,4
193,2026-04-05,JOWL,PARTS OF THE FACE,0,2,2
193,2026-04-05,JAW,PARTS OF THE FACE,0,2,4
193,2026-04-05,FOREHEAD,PARTS OF THE FACE,0,1,3
193,2026-04-05,FEATURE,PARTS OF THE FACE,0,2,1
193,2026-04-05,PRESS,WORDS MEANING PUSH,1,4,3
193,2026-04-05,TUG,WORDS MEANING PUSH,1,3,2
193,2026-04-05,PROMOTE,WORDS MEANING PUSH,1,4,4
193,2026-04-05,FIGHT,WORDS MEANING PUSH,1,1,4
193,2026-04-05,ECLIPSE,ASSOCIATED WITH MOON,2,4,2
193,2026-04-05,SATURN,ASSOCIATED WITH MOON,2,3,4
193,2026-04-05,PASSES,ASSOCIATED WITH MOON,2,4,1
193,2026-04-05,GODDESS,ASSOCIATED WITH MOON,2,1,2
193,2026-04-05,MUSIC,___ BOX,3,3,1
193,2026-04-05,POST,___ BOX,3,2,3
193,2026-04-05,SAND,___ BOX,3,3,3
193,2026-04-05,THUNDER,___ BOX,3,1,1
194,2026-04-05,BAT,MAMMALS,0,4,1
194,2026-04-05,BULL,MAMMALS,0,2,2
194,2026-04-05,DAS,MAMMALS,0,1,1
194,2026-04-05,LIVESTOCK,MAMMALS,0,2,1
194,2026-04-05,INTENSE,WORDS MEANING SHARP,1,1,3
194,2026-04-05,KEEN,WORDS MEANING SHARP,1,1,2
194,2026-04-05,UNPLEASANT,WORDS MEANING SHARP,1,4,2
194,2026-04-05,BRIGHT,WORDS MEANING SHARP,1,4,4
194,2026-04-05,PARLOR,ASSOCIATED WITH BEAUTY,2,3,2
194,2026-04-05,COSMETICS,ASSOCIATED WITH BEAUTY,2,2,3
194,2026-04-05,IDEAL,ASSOCIATED WITH BEAUTY,2,3,4
194,2026-04-05,QUEEN,ASSOCIATED WITH BEAUTY,2,3,3
194,2026-04-05,DINE,DIFFER BY ONE LETTER FROM 'FINE',3,3,1
194,2026-04-05,VINE,DIFFER BY ONE LETTER FROM 'FINE',3,1,4
194,2026-04-05,LINE,DIFFER BY ONE LETTER FROM 'FINE',3,2,4
194,2026-04-05,MINE,DIFFER BY ONE LETTER FROM 'FINE',3,4,3
195,2026-04-05,JUPITER,PLANETS,0,4,2
195,2026-04-05,MERCURY,PLANETS,0,1,3
195,2026-04-05,NEPTUNE,PLANETS,0,3,3
195,2026-04-05,MARS,PLANETS,0,3,4
195,2026-04-05,FAINT,WORDS MEANING LIGHT,1,1,1
195,2026-04-05,ALIGHT,WORDS MEANING LIGHT,1,3,2
195,2026-04-05,BUOYANT,WORDS MEANING LIGHT,1,2,2
195,2026-04-05,FLIMSY,WORDS MEANING LIGHT,1,3,1
195,2026-04-05,PEAKS,ASSOCIATED WITH VOLCANO,2,2,1
195,2026-04-05,ICELAND,ASSOCIATED WITH VOLCANO,2,1,2
195,2026-04-05,RIM,ASSOCIATED WITH VOLCANO,2,2,3
195,2026-04-05,HAWAIIAN,ASSOCIATED WITH VOLCANO,2,1,4
195,2026-04-05,FELLOW,___ SHIP,3,4,1
195,2026-04-05,FRIEND,___ SHIP,3,2,4
195,2026-04-05,STEAM,___ SHIP,3,4,4
195,2026-04-05,GUN,___ SHIP,3,4,3
196,2026-04-05,CARAWAY,SPICES,0,2,3
196,2026-04-05,FENNEL,SPICES,0,2,4
196,2026-04-05,NUTMEG,SPICES,0,1,2
196,2026-04-05,ANISE,SPICES,0,4,4
196,2026-04-05,SWORN,WORDS MEANING HONEST,1,1,1
196,2026-04-05,REPUTABLE,WORDS MEANING HONEST,1,3,2
196,2026-04-05,JUST,WORDS MEANING HONEST,1,4,3
196,2026-04-05,TRUTH,WORDS MEANING HONEST,1,4,2
196,2026-04-05,WORSE,ASSOCIATED WITH FATE,2,2,2
196,2026-04-05,JEWS,ASSOCIATED WITH FATE,2,3,1
196,2026-04-05,UNKNOWN,ASSOCIATED WITH FATE,2,2,1
196,2026-04-05,UNIVERSE,ASSOCIATED WITH FATE,2,4,1
196,2026-04-05,STAIRS,UP ___,3,3,4
196,2026-04-05,BEAT,UP ___,3,1,4
196,2026-04-05,KEEP,UP ___,3,1,3
196,2026-04-05,SWING,UP ___,3,3,3
197,2026-04-05,HELM,PARTS OF A SHIP,0,1,2
197,2026-04-05,TACK,PARTS OF A SHIP,0,2,3
197,2026-04-05,QUARTER,PARTS OF A SHIP,0,4,2
197,2026-04-05,TAIL,PARTS OF A SHIP,0,1,4
197,2026-04-05,RAGING,WORDS MEANING ANGRY,1,2,1
197,2026-04-05,INDIGNANT,WORDS MEANING ANGRY,1,4,4
197,2026-04-05,OUTRAGEOUS,WORDS MEANING ANGRY,1,1,1
197,2026-04-05,HATRED,WORDS MEANING ANGRY,1,3,2
197,2026-04-05,RAINS,ASSOCIATED WITH STORM,2,2,4
197,2026-04-05,TIDES,ASSOCIATED WITH STORM,2,4,3
197,2026-04-05,INLAND,ASSOCIATED WITH STORM,2,2,2
197,2026-04-05,ATTAINED,ASSOCIATED WITH STORM,2,1,3
197,2026-04-05,HOLD,FOOT ___,3,3,1
197,2026-04-05,BOARD,FOOT ___,3,4,1
197,2026-04-05,PATH,FOOT ___,3,3,3
197,2026-04-05,STOOL,FOOT ___,3,3,4
198,2026-04-05,FISHING,SPORTS,0,4,3
198,2026-04-05,RIDING,SPORTS,0,1,2
198,2026-04-05,SKIING,SPORTS,0,3,2
198,2026-04-05,TENNIS,SPORTS,0,4,2
198,2026-04-05,MINUTE,WORDS MEANING NARROW,1,1,4
198,2026-04-05,THIN,WORDS MEANING NARROW,1,1,3
198,2026-04-05,SPECIALIZE,WORDS MEANING NARROW,1,2,1
198,2026-04-05,SMALL,WORDS MEANING NARROW,1,1,1
198,2026-04-05,RENOVATED,WORDS RELATED TO STADIUM,2,4,1
198,2026-04-05,PITCH,WORDS RELATED TO STADIUM,2,4,4
198,2026-04-05,HOLDS,WORDS RELATED TO STADIUM,2,3,1
198,2026-04-05,SATURDAY,WORDS RELATED TO STADIUM,2,2,4
198,2026-04-05,LAKE,DIFFER BY ONE LETTER FROM 'CAKE',3,3,3
198,2026-04-05,FAKE,DIFFER BY ONE LETTER FROM 'CAKE',3,2,3
198,2026-04-05,SAKE,DIFFER BY ONE LETTER FROM 'CAKE',3,3,4
198,2026-04-05,WAKE,DIFFER BY ONE LETTER FROM 'CAKE',3,2,2
199,2026-04-05,CHESTNUT,NUTS,0,1,3
199,2026-04-05,WALNUT,NUTS,0,2,2
199,2026-04-05,COCONUT,NUTS,0,1,4
199,2026-04-05,PEANUT,NUTS,0,1,2
199,2026-04-05,ABRUPT,WORDS MEANING SHARP,1,4,1
199,2026-04-05,SCRATCHING,WORDS MEANING SHARP,1,4,2
199,2026-04-05,INTENSE,WORDS MEANING SHARP,1,4,3
199,2026-04-05,STACK,WORDS MEANING SHARP,1,1,1
199,2026-04-05,HAVE,ASSOCIATED WITH VALLEY,2,2,4
199,2026-04-05,WAS,ASSOCIATED WITH VALLEY,2,3,4
199,2026-04-05,SLOPES,ASSOCIATED WITH VALLEY,2,3,1
199,2026-04-05,WHICH,ASSOCIATED WITH VALLEY,2,2,3
199,2026-04-05,TOOL,___ BOX,3,3,2
199,2026-04-05,MAIL,___ BOX,3,2,1
199,2026-04-05,THUNDER,___ BOX,3,4,4
199,2026-04-05,SAND,___ BOX,3,3,3
200,2026-04-05,TURQUOISE,GEMS,0,3,4
200,2026-04-05,DIAMOND,GEMS,0,4,2
200,2026-04-05,ADAMANT,GEMS,0,4,4
200,2026-04-05,EMERALD,GEMS,0,1,1
200,2026-04-05,CLIMB,WORDS MEANING WALK,1,3,2
200,2026-04-05,JUMP,WORDS MEANING WALK,1,2,4
200,2026-04-05,EXIT,WORDS MEANING WALK,1,1,2
200,2026-04-05,PEDESTRIAN,WORDS MEANING WALK,1,2,2
200,2026-04-05,MORAL,ASSOCIATED WITH SHAME,2,4,3
200,2026-04-05,FEELINGS,ASSOCIATED WITH SHAME,2,3,1
200,2026-04-05,YOU,ASSOCIATED WITH SHAME,2,2,3
200,2026-04-05,ANGER,ASSOCIATED WITH SHAME,2,4,1
200,2026-04-05,LIFT,UP ___,3,3,3
200,2026-04-05,DRAFT,UP ___,3,1,4
200,2026-04-05,DATE,UP ___,3,1,3
200,2026-04-05,BRING,UP ___,3,2,1
201,2026-04-05,HEAD,BODY PARTS,0,1,3
201,2026-04-05,NECK,BODY PARTS,0,1,4
201,2026-04-05,TORSO,BODY PARTS,0,1,1
201,2026-04-05,LEG,BODY PARTS,0,3,4
201,2026-04-05,WANTED,WORDS MEANING HOT,1,4,3
201,2026-04-05,CLOSE,WORDS MEANING HOT,1,4,1
201,2026-04-05,FERVENT,WORDS MEANING HOT,1,2,4
201,2026-04-05,RAGING,WORDS MEANING HOT,1,3,2
201,2026-04-05,SEAS,ASSOCIATED WITH PIRATE,2,3,1
201,2026-04-05,CAPTURED,ASSOCIATED WITH PIRATE,2,1,2
201,2026-04-05,RADIO,ASSOCIATED WITH PIRATE,2,4,2
201,2026-04-05,STATIONS,ASSOCIATED WITH PIRATE,2,2,3
201,2026-04-05,SWORD,___ FIRE,3,2,1
201,2026-04-05,CAMP,___ FIRE,3,3,3
201,2026-04-05,BON,___ FIRE,3,4,4
201,2026-04-05,OPEN,___ FIRE,3,2,2
202,2026-04-05,COFFEE,TREES,0,4,4
202,2026-04-05,ACACIA,TREES,0,3,3
202,2026-04-05,WILLOW,TREES,0,3,1
202,2026-04-05,PALM,TREES,0,3,4
202,2026-04-05,FERVENT,WORDS MEANING HOT,1,4,1
202,2026-04-05,EAGER,WORDS MEANING HOT,1,2,1
202,2026-04-05,POPULAR,WORDS MEANING HOT,1,4,3
202,2026-04-05,TROPICAL,WORDS MEANING HOT,1,4,2
202,2026-04-05,CHRONOLOGY,WORDS RELATED TO TIME,2,1,1
202,2026-04-05,MINUTE,WORDS RELATED TO TIME,2,1,4
202,2026-04-05,HEIGHT,WORDS RELATED TO TIME,2,2,4
202,2026-04-05,TIMETABLE,WORDS RELATED TO TIME,2,1,3
202,2026-04-05,CASTE,ANAGRAMS OF EACH OTHER,3,1,2
202,2026-04-05,CATES,ANAGRAMS OF EACH OTHER,3,2,2
202,2026-04-05,TRACE,ANAGRAMS OF EACH OTHER,3,2,3
202,2026-04-05,TACES,ANAGRAMS OF EACH OTHER,3,3,2
203,2026-04-05,FOG,CLOUD TYPES,0,3,1
203,2026-04-05,MUSHROOM,CLOUD TYPES,0,3,3
203,2026-04-05,AEROSOL,CLOUD TYPES,0,2,2
203,2026-04-05,HAZE,CLOUD TYPES,0,2,1
203,2026-04-05,FRAIL,WORDS MEANING WEAK,1,2,3
203,2026-04-05,SOFT,WORDS MEANING WEAK,1,4,3
203,2026-04-05,UNSTRESSED,WORDS MEANING WEAK,1,1,3
203,2026-04-05,SLACK,WORDS MEANING WEAK,1,2,4
203,2026-04-05,EXPLOSION,ASSOCIATED WITH MINE,2,4,4
203,2026-04-05,MILL,ASSOCIATED WITH MINE,2,1,4
203,2026-04-05,ONCE,ASSOCIATED WITH MINE,2,3,4
203,2026-04-05,DIAMOND,ASSOCIATED WITH MINE,2,3,2
203,2026-04-05,FRAME,___ WORK,3,1,1
203,2026-04-05,TEAM,___ WORK,3,4,1
203,2026-04-05,NET,___ WORK,3,1,2
203,2026-04-05,BUSY,___ WORK,3,4,2
204,2026-04-05,ADAMANT,GEMS,0,2,4
204,2026-04-05,DIAMOND,GEMS,0,2,1
204,2026-04-05,STONE,GEMS,0,4,4
204,2026-04-05,EMERALD,GEMS,0,3,3
204,2026-04-05,ENABLE,WORDS MEANING HELP,1,3,2
204,2026-04-05,USEFULNESS,WORDS MEANING HELP,1,1,3
204,2026-04-05,ACHIEVE,WORDS MEANING HELP,1,4,1
204,2026-04-05,ASSISTANCE,WORDS MEANING HELP,1,2,2
204,2026-04-05,SEALED,WORDS RELATED TO FATE,2,1,2
204,2026-04-05,PORTION,WORDS RELATED TO FATE,2,1,1
204,2026-04-05,LOCATION,WORDS RELATED TO FATE,2,4,3
204,2026-04-05,OUTCOME,WORDS RELATED TO FATE,2,1,4
204,2026-04-05,BRIDGE,FOOT ___,3,3,4
204,2026-04-05,BOARD,FOOT ___,3,3,1
204,2026-04-05,REST,FOOT ___,3,4,2
204,2026-04-05,WORK,FOOT ___,3,2,3
205,2026-04-05,LOFT,PARTS OF A HOUSE,0,4,3
205,2026-04-05,STUDY,PARTS OF A HOUSE,0,2,2
205,2026-04-05,ATTIC,PARTS OF A HOUSE,0,4,1
205,2026-04-05,LIBRARY,PARTS OF A HOUSE,0,1,2
205,2026-04-05,GROWTH,WORDS MEANING INCREASE,1,3,2
205,2026-04-05,ESCALATION,WORDS MEANING INCREASE,1,2,4
205,2026-04-05,ELONGATION,WORDS MEANING INCREASE,1,1,3
205,2026-04-05,EXTENSION,WORDS MEANING INCREASE,1,3,3
205,2026-04-05,SCOTLAND,ASSOCIATED WITH CASTLE,2,1,1
205,2026-04-05,STRONGHOLD,ASSOCIATED WITH CASTLE,2,4,2
205,2026-04-05,DELAWARE,ASSOCIATED WITH CASTLE,2,3,4
205,2026-04-05,BARON,ASSOCIATED WITH CASTLE,2,1,4
205,2026-04-05,BELL,BLUE ___,3,2,1
205,2026-04-05,BERRY,BLUE ___,3,3,1
205,2026-04-05,PRINT,BLUE ___,3,4,4
205,2026-04-05,TOOTH,BLUE ___,3,2,3
206,2026-04-05,GARTER,SNAKES,0,3,1
206,2026-04-05,BOA,SNAKES,0,1,1
206,2026-04-05,PYTHON,SNAKES,0,3,2
206,2026-04-05,CORN,SNAKES,0,4,4
206,2026-04-05,NICE,WORDS MEANING HAPPY,1,1,2
206,2026-04-05,PLEASURE,WORDS MEANING HAPPY,1,4,3
206,2026-04-05,PROUD,WORDS MEANING HAPPY,1,2,2
206,2026-04-05,JOY,WORDS MEANING HAPPY,1,3,4
206,2026-04-05,PRIDE,ASSOCIATED WITH HUMILITY,2,4,1
206,2026-04-05,VIRTUE,ASSOCIATED WITH HUMILITY,2,2,1
206,2026-04-05,PIETY,ASSOCIATED WITH HUMILITY,2,3,3
206,2026-04-05,CHASTITY,ASSOCIATED WITH HUMILITY,2,1,4
206,2026-04-05,EYE,WORDS THAT SOUND LIKE ANOTHER WORD,3,2,4
206,2026-04-05,MEAT,WORDS THAT SOUND LIKE ANOTHER WORD,3,4,2
206,2026-04-05,PEAK,WORDS THAT SOUND LIKE ANOTHER WORD,3,1,3
206,2026-04-05,HEEL,WORDS THAT SOUND LIKE ANOTHER WORD,3,2,3
207,2026-04-05,TWIST,DANCES,0,4,4
207,2026-04-05,VARIATION,DANCES,0,3,3
207,2026-04-05,SHIMMY,DANCES,0,3,1
207,2026-04-05,BALLET,DANCES,0,4,1
207,2026-04-05,SPLENDID,WORDS MEANING BEAUTIFUL,1,2,2
207,2026-04-05,GLORIOUS,WORDS MEANING BEAUTIFUL,1,3,2
207,2026-04-05,BEAU,WORDS MEANING BEAUTIFUL,1,1,2
207,2026-04-05,PRETTY,WORDS MEANING BEAUTIFUL,1,1,1
207,2026-04-05,DOLLAR,ASSOCIATED WITH SILVER,2,2,1
207,2026-04-05,HAS,ASSOCIATED WITH SILVER,2,1,4
207,2026-04-05,PRIX,ASSOCIATED WITH SILVER,2,1,3
207,2026-04-05,WAS,ASSOCIATED WITH SILVER,2,4,3
207,2026-04-05,NIGHT,___ TIME,3,4,2
207,2026-04-05,ANY,___ TIME,3,2,4
207,2026-04-05,DAY,___ TIME,3,2,3
207,2026-04-05,PART,___ TIME,3,3,4
208,2026-04-05,SHELL,BOATS,0,2,2
208,2026-04-05,PACKET,BOATS,0,1,2
208,2026-04-05,JUNK,BOATS,0,2,1
208,2026-04-05,LIFEBOAT,BOATS,0,3,2
208,2026-04-05,DULL,WORDS MEANING SOFT,1,2,4
208,2026-04-05,INDULGENT,WORDS MEANING SOFT,1,3,3
208,2026-04-05,MUFFLED,WORDS MEANING SOFT,1,1,3
208,2026-04-05,VELVETY,WORDS MEANING SOFT,1,4,2
208,2026-04-05,STORYLINE,WORDS RELATED TO FEAR,2,3,4
208,2026-04-05,FEEL,WORDS RELATED TO FEAR,2,3,1
208,2026-04-05,ANXIETY,WORDS RELATED TO FEAR,2,4,4
208,2026-04-05,TERROR,WORDS RELATED TO FEAR,2,1,4
208,2026-04-05,COUNTRY,CROSS ___,3,1,1
208,2026-04-05,WIND,CROSS ___,3,4,3
208,2026-04-05,BREED,CROSS ___,3,2,3
208,2026-04-05,WALK,CROSS ___,3,4,1
209,2026-04-05,GRILLE,CAR PARTS,0,1,4
209,2026-04-05,HOOD,CAR PARTS,0,2,2
209,2026-04-05,TRUNK,CAR PARTS,0,3,3
209,2026-04-05,HIGH,CAR PARTS,0,1,2
209,2026-04-05,TRANQUIL,WORDS MEANING QUIET,1,4,2
209,2026-04-05,HUSHED,WORDS MEANING QUIET,1,2,4
209,2026-04-05,SUBDUED,WORDS MEANING QUIET,1,3,4
209,2026-04-05,MUTED,WORDS MEANING QUIET,1,3,2
209,2026-04-05,WATERFALL,ASSOCIATED WITH CAVE,2,2,1
209,2026-04-05,ENTRANCE,ASSOCIATED WITH CAVE,2,1,3
209,2026-04-05,EXPLORED,ASSOCIATED WITH CAVE,2,3,1
209,2026-04-05,VISITORS,ASSOCIATED WITH CAVE,2,4,4
209,2026-04-05,BOARD,FOOT ___,3,4,1
209,2026-04-05,WORK,FOOT ___,3,2,3
209,2026-04-05,WEAR,FOOT ___,3,1,1
209,2026-04-05,BALL,FOOT ___,3,4,3
210,2026-04-05,CARAWAY,SPICES,0,2,2
210,2026-04-05,PEPPER,SPICES,0,4,4
210,2026-04-05,NUTMEG,SPICES,0,4,3
210,2026-04-05,PAPRIKA,SPICES,0,2,3
210,2026-04-05,WICKEDNESS,WORDS MEANING DARK,1,3,4
210,2026-04-05,SUBDUED,WORDS MEANING DARK,1,2,4
210,2026-04-05,SULLEN,WORDS MEANING DARK,1,4,2
210,2026-04-05,SOUR,WORDS MEANING DARK,1,1,4
210,2026-04-05,ARIZONA,WORDS RELATED TO DESERT,2,3,2
210,2026-04-05,LEAVE,WORDS RELATED TO DESERT,2,1,3
210,2026-04-05,SABLE,WORDS RELATED TO DESERT,2,3,1
210,2026-04-05,RATS,WORDS RELATED TO DESERT,2,1,1
210,2026-04-05,RINK,ENDS WITH 'INK',3,4,1
210,2026-04-05,SINK,ENDS WITH 'INK',3,2,1
210,2026-04-05,MINK,ENDS WITH 'INK',3,3,3
210,2026-04-05,BLINK,ENDS WITH 'INK',3,1,2
211,2026-04-05,VARIATION,DANCES,0,3,1
211,2026-04-05,ADAGIO,DANCES,0,1,3
211,2026-04-05,MINUET,DANCES,0,2,1
211,2026-04-05,CHARLESTON,DANCES,0,3,2
211,2026-04-05,STALWART,WORDS MEANING BRAVE,1,2,4
211,2026-04-05,PROUD,WORDS MEANING BRAVE,1,3,4
211,2026-04-05,WICKED,WORDS MEANING BRAVE,1,4,3
211,2026-04-05,GLORIOUS,WORDS MEANING BRAVE,1,4,2
211,2026-04-05,FOR,ASSOCIATED WITH PALACE,2,1,4
211,2026-04-05,SCHOOL,ASSOCIATED WITH PALACE,2,2,3
211,2026-04-05,SQUARE,ASSOCIATED WITH PALACE,2,1,2
211,2026-04-05,AFTER,ASSOCIATED WITH PALACE,2,3,3
211,2026-04-05,SAND,___ STONE,3,2,2
211,2026-04-05,CORNER,___ STONE,3,4,4
211,2026-04-05,GOLD,___ STONE,3,4,1
211,2026-04-05,LIME,___ STONE,3,1,1
212,2026-04-05,SIAMESE,CAT BREEDS,0,1,4
212,2026-04-05,TOM,CAT BREEDS,0,4,4
212,2026-04-05,PAINTER,CAT BREEDS,0,3,2
212,2026-04-05,KITTY,CAT BREEDS,0,1,3
212,2026-04-05,PLEASANT,WORDS MEANING BEAUTIFUL,1,4,2
212,2026-04-05,FINE,WORDS MEANING BEAUTIFUL,1,2,2
212,2026-04-05,SCENIC,WORDS MEANING BEAUTIFUL,1,1,2
212,2026-04-05,DAINTY,WORDS MEANING BEAUTIFUL,1,1,1
212,2026-04-05,QUEER,ASSOCIATED WITH PRIDE,2,2,3
212,2026-04-05,JOY,ASSOCIATED WITH PRIDE,2,3,1
212,2026-04-05,PRESENTING,ASSOCIATED WITH PRIDE,2,4,1
212,2026-04-05,FESTIVAL,ASSOCIATED WITH PRIDE,2,3,3
212,2026-04-05,SET,SUN ___,3,3,4
212,2026-04-05,ROOF,SUN ___,3,2,4
212,2026-04-05,BURN,SUN ___,3,4,3
212,2026-04-05,DIAL,SUN ___,3,2,1
213,2026-04-05,MEMORY,COMPUTER PARTS,0,2,1
213,2026-04-05,HARDWARE,COMPUTER PARTS,0,1,3
213,2026-04-05,PERIPHERAL,COMPUTER PARTS,0,3,2
213,2026-04-05,KEYBOARD,COMPUTER PARTS,0,4,4
213,2026-04-05,HARDY,WORDS MEANING BRAVE,1,1,4
213,2026-04-05,FEARLESS,WORDS MEANING BRAVE,1,3,4
213,2026-04-05,GAY,WORDS MEANING BRAVE,1,4,1
213,2026-04-05,DAUNTLESS,WORDS MEANING BRAVE,1,2,3
213,2026-04-05,COMMANDED,ASSOCIATED WITH WAR,2,3,1
213,2026-04-05,MEMORIAL,ASSOCIATED WITH WAR,2,1,2
213,2026-04-05,REGIMENT,ASSOCIATED WITH WAR,2,4,3
213,2026-04-05,ENLISTED,ASSOCIATED WITH WAR,2,3,3
213,2026-04-05,COOK,___ BOOK,3,4,2
213,2026-04-05,GUIDE,___ BOOK,3,2,4
213,2026-04-05,PASS,___ BOOK,3,2,2
213,2026-04-05,CASE,___ BOOK,3,1,1
214,2026-04-05,SOFA,FURNITURE,0,2,2
214,2026-04-05,VANITY,FURNITURE,0,1,2
214,2026-04-05,BERTH,FURNITURE,0,3,2
214,2026-04-05,ALTAR,FURNITURE,0,3,4
214,2026-04-05,GONE,WORDS MEANING LEAVE,1,4,1
214,2026-04-05,GOODBYE,WORDS MEANING LEAVE,1,4,2
214,2026-04-05,REMOVE,WORDS MEANING LEAVE,1,1,1
214,2026-04-05,RELEASE,WORDS MEANING LEAVE,1,2,3
214,2026-04-05,HARMONY,ASSOCIATED WITH SERENITY,2,4,4
214,2026-04-05,MIND,ASSOCIATED WITH SERENITY,2,1,4
214,2026-04-05,COMPANION,ASSOCIATED WITH SERENITY,2,4,3
214,2026-04-05,CALM,ASSOCIATED WITH SERENITY,2,2,1
214,2026-04-05,RAN,DIFFER BY ONE LETTER FROM 'MAN',3,1,3
214,2026-04-05,FAN,DIFFER BY ONE LETTER FROM 'MAN',3,2,4
214,2026-04-05,CAN,DIFFER BY ONE LETTER FROM 'MAN',3,3,1
214,2026-04-05,VAN,DIFFER BY ONE LETTER FROM 'MAN',3,3,3
215,2026-04-05,ARMADILLO,MAMMALS,0,1,1
215,2026-04-05,COW,MAMMALS,0,1,2
215,2026-04-05,MONKEY,MAMMALS,0,4,1
215,2026-04-05,APE,MAMMALS,0,3,1
215,2026-04-05,CLOSE,WORDS MEANING THICK,1,1,3
215,2026-04-05,FAT,WORDS MEANING THICK,1,4,2
215,2026-04-05,DENSE,WORDS MEANING THICK,1,2,4
215,2026-04-05,HEAVY,WORDS MEANING THICK,1,3,2
215,2026-04-05,COAL,ASSOCIATED WITH STEEL,2,2,3
215,2026-04-05,CEMENT,ASSOCIATED WITH STEEL,2,2,1
215,2026-04-05,REINFORCED,ASSOCIATED WITH STEEL,2,2,2
215,2026-04-05,MILLS,ASSOCIATED WITH STEEL,2,4,4
215,2026-04-05,MUSIC,___ BOX,3,3,3
215,2026-04-05,MAIL,___ BOX,3,1,4
215,2026-04-05,LETTER,___ BOX,3,3,4
215,2026-04-05,THUNDER,___ BOX,3,4,3
216,2026-04-05,SATURN,PLANETS,0,3,4
216,2026-04-05,JUPITER,PLANETS,0,4,1
216,2026-04-05,MERCURY,PLANETS,0,3,1
216,2026-04-05,MARS,PLANETS,0,2,1
216,2026-04-05,GONE,WORDS MEANING LEAVE,1,3,3
216,2026-04-05,WILL,WORDS MEANING LEAVE,1,2,3
216,2026-04-05,LET,WORDS MEANING LEAVE,1,1,2
216,2026-04-05,IMPART,WORDS MEANING LEAVE,1,4,3
216,2026-04-05,BECOMING,WORDS RELATED TO AMBITION,2,4,2
216,2026-04-05,ENTHUSIASM,WORDS RELATED TO AMBITION,2,1,4
216,2026-04-05,ZEAL,WORDS RELATED TO AMBITION,2,3,2
216,2026-04-05,ATTEMPT,WORDS RELATED TO AMBITION,2,2,2
216,2026-04-05,BOW,LONG ___,3,1,3
216,2026-04-05,SHORE,LONG ___,3,4,4
216,2026-04-05,HAND,LONG ___,3,1,1
216,2026-04-05,BOAT,LONG ___,3,2,4
217,2026-04-05,HOLD,PARTS OF A SHIP,0,3,3
217,2026-04-05,DECK,PARTS OF A SHIP,0,1,3
217,2026-04-05,LOG,PARTS OF A SHIP,0,2,3
217,2026-04-05,GALLEY,PARTS OF A SHIP,0,1,2
217,2026-04-05,FAINT,WORDS MEANING WEAK,1,2,2
217,2026-04-05,FEEBLE,WORDS MEANING WEAK,1,1,1
217,2026-04-05,LIGHT,WORDS MEANING WEAK,1,1,4
217,2026-04-05,IMPERFECT,WORDS MEANING WEAK,1,3,2
217,2026-04-05,ART,ASSOCIATED WITH MUSEUM,2,3,1
217,2026-04-05,VISITORS,ASSOCIATED WITH MUSEUM,2,4,2
217,2026-04-05,SCULPTURE,ASSOCIATED WITH MUSEUM,2,4,1
217,2026-04-05,MODERN,ASSOCIATED WITH MUSEUM,2,2,1
217,2026-04-05,FLOOR,SEA ___,3,4,4
217,2026-04-05,SHORE,SEA ___,3,4,3
217,2026-04-05,PORT,SEA ___,3,3,4
217,2026-04-05,SHELL,SEA ___,3,2,4
218,2026-04-05,SMELT,FISH,0,1,1
218,2026-04-05,TROUT,FISH,0,2,4
218,2026-04-05,COD,FISH,0,1,3
218,2026-04-05,BASS,FISH,0,4,1
218,2026-04-05,AMPLITUDE,WORDS MEANING WIDE,1,1,2
218,2026-04-05,EXTENDED,WORDS MEANING WIDE,1,3,2
218,2026-04-05,SWEEPING,WORDS MEANING WIDE,1,2,3
218,2026-04-05,OPEN,WORDS MEANING WIDE,1,2,1
218,2026-04-05,ALASKA,WORDS RELATED TO GLACIER,2,4,3
218,2026-04-05,EXPEDITION,WORDS RELATED TO GLACIER,2,2,2
218,2026-04-05,RIVER,WORDS RELATED TO GLACIER,2,1,4
218,2026-04-05,INLET,WORDS RELATED TO GLACIER,2,3,3
218,2026-04-05,BOLD,RHYMES WITH 'COLD',3,4,2
218,2026-04-05,FOLD,RHYMES WITH 'COLD',3,3,4
218,2026-04-05,GOLD,RHYMES WITH 'COLD',3,4,4
218,2026-04-05,OLD,RHYMES WITH 'COLD',3,3,1
219,2026-04-05,WALKER,TYPES OF SHOES,0,1,1
219,2026-04-05,OXFORD,TYPES OF SHOES,0,1,3
219,2026-04-05,SPECTATOR,TYPES OF SHOES,0,2,2
219,2026-04-05,SNEAKER,TYPES OF SHOES,0,3,1
219,2026-04-05,BLANK,WORDS MEANING CLEAN,1,4,4
219,2026-04-05,CLEANLY,WORDS MEANING CLEAN,1,2,4
219,2026-04-05,IMMACULATE,WORDS MEANING CLEAN,1,2,3
219,2026-04-05,FRESH,WORDS MEANING CLEAN,1,4,1
219,2026-04-05,HAS,ASSOCIATED WITH MUSEUM,2,4,3
219,2026-04-05,THE,ASSOCIATED WITH MUSEUM,2,3,4
219,2026-04-05,ARE,ASSOCIATED WITH MUSEUM,2,3,2
219,2026-04-05,GALLERY,ASSOCIATED WITH MUSEUM,2,1,2
219,2026-04-05,PARTNER,___ SHIP,3,4,2
219,2026-04-05,WAR,___ SHIP,3,2,1
219,2026-04-05,FELLOW,___ SHIP,3,3,3
219,2026-04-05,SPORTS,___ SHIP,3,1,4
220,2026-04-05,PHRASE,DANCES,0,4,1
220,2026-04-05,MINUET,DANCES,0,1,1
220,2026-04-05,ADAGIO,DANCES,0,2,2
220,2026-04-05,COTILLION,DANCES,0,3,4
220,2026-04-05,GRAVID,WORDS MEANING HEAVY,1,3,1
220,2026-04-05,LEADEN,WORDS MEANING HEAVY,1,4,3
220,2026-04-05,FAT,WORDS MEANING HEAVY,1,3,2
220,2026-04-05,TROUBLING,WORDS MEANING HEAVY,1,4,2
220,2026-04-05,CULMINATED,ASSOCIATED WITH TENSION,2,2,4
220,2026-04-05,ANXIETY,ASSOCIATED WITH TENSION,2,1,2
220,2026-04-05,INTERFACE,ASSOCIATED WITH TENSION,2,2,1
220,2026-04-05,STRINGS,ASSOCIATED WITH TENSION,2,2,3
220,2026-04-05,SHELL,SEA ___,3,1,4
220,2026-04-05,HORSE,SEA ___,3,3,3
220,2026-04-05,FARE,SEA ___,3,4,4
220,2026-04-05,PORT,SEA ___,3,1,3
221,2026-04-05,LOW,CAR PARTS,0,1,1
221,2026-04-05,FIRST,CAR PARTS,0,1,4
221,2026-04-05,FIN,CAR PARTS,0,2,1
221,2026-04-05,HOOD,CAR PARTS,0,3,2
221,2026-04-05,MUTED,WORDS MEANING QUIET,1,3,1
221,2026-04-05,SUBDUED,WORDS MEANING QUIET,1,2,2
221,2026-04-05,PLACID,WORDS MEANING QUIET,1,1,2
221,2026-04-05,RESTRAINED,WORDS MEANING QUIET,1,4,2
221,2026-04-05,OUTDOOR,GOES WITH ARENA,2,3,4
221,2026-04-05,ATTENDANCE,GOES WITH ARENA,2,1,3
221,2026-04-05,HAD,GOES WITH ARENA,2,2,4
221,2026-04-05,THAT,GOES WITH ARENA,2,4,3
221,2026-04-05,CHECK,___ MARK,3,3,3
221,2026-04-05,HALL,___ MARK,3,2,3
221,2026-04-05,LAND,___ MARK,3,4,4
221,2026-04-05,BIRTH,___ MARK,3,4,1
222,2026-04-05,BOX,FURNITURE,0,4,3
222,2026-04-05,TABLE,FURNITURE,0,2,2
222,2026-04-05,CRIB,FURNITURE,0,2,1
222,2026-04-05,BUREAU,FURNITURE,0,1,3
222,2026-04-05,CRITICALLY,WORDS MEANING THINK,1,1,4
222,2026-04-05,TELL,WORDS MEANING THINK,1,4,2
222,2026-04-05,SEE,WORDS MEANING THINK,1,4,4
222,2026-04-05,NOTICE,WORDS MEANING THINK,1,2,4
222,2026-04-05,CRASH,ASSOCIATED WITH MARKET,2,3,2
222,2026-04-05,VALUE,ASSOCIATED WITH MARKET,2,1,2
222,2026-04-05,SHARE,ASSOCIATED WITH MARKET,2,2,3
222,2026-04-05,MARKETING,ASSOCIATED WITH MARKET,2,3,1
222,2026-04-05,HONOR,ALL START WITH 'H',3,3,3
222,2026-04-05,HATCH,ALL START WITH 'H',3,3,4
222,2026-04-05,HURRY,ALL START WITH 'H',3,1,1
222,2026-04-05,HEAVY,ALL START WITH 'H',3,4,1
223,2026-04-05,HATCHET,WEAPONS,0,1,2
223,2026-04-05,SHOT,WEAPONS,0,2,1
223,2026-04-05,KNUCKLES,WEAPONS,0,2,2
223,2026-04-05,BALL,WEAPONS,0,3,2
223,2026-04-05,PATH,WORDS MEANING WALK,1,4,2
223,2026-04-05,TRAVERSE,WORDS MEANING WALK,1,3,4
223,2026-04-05,HIKING,WORDS MEANING WALK,1,4,4
223,2026-04-05,FEET,WORDS MEANING WALK,1,2,3
223,2026-04-05,CREAM,ASSOCIATED WITH ICE,2,2,4
223,2026-04-05,RINK,ASSOCIATED WITH ICE,2,1,1
223,2026-04-05,COLLEGIATE,ASSOCIATED WITH ICE,2,1,4
223,2026-04-05,WINTER,ASSOCIATED WITH ICE,2,4,1
223,2026-04-05,HALL,___ MARK,3,4,3
223,2026-04-05,TRADE,___ MARK,3,3,1
223,2026-04-05,BOOK,___ MARK,3,3,3
223,2026-04-05,BIRTH,___ MARK,3,1,3
224,2026-04-05,PANAMA,HATS,0,1,2
224,2026-04-05,BEAVER,HATS,0,4,3
224,2026-04-05,TURBAN,HATS,0,4,1
224,2026-04-05,STETSON,HATS,0,1,4
224,2026-04-05,SLENDER,WORDS MEANING SMALL,1,2,3
224,2026-04-05,MINUTE,WORDS MEANING SMALL,1,1,3
224,2026-04-05,MEAN,WORDS MEANING SMALL,1,4,2
224,2026-04-05,FINE,WORDS MEANING SMALL,1,2,2
224,2026-04-05,PSYCHOLOGY,ASSOCIATED WITH CREATIVITY,2,3,2
224,2026-04-05,LEARNING,ASSOCIATED WITH CREATIVITY,2,3,4
224,2026-04-05,SKILLS,ASSOCIATED WITH CREATIVITY,2,4,4
224,2026-04-05,DIVERSITY,ASSOCIATED WITH CREATIVITY,2,3,1
224,2026-04-05,FALL,WIND ___,3,1,1
224,2026-04-05,WARD,WIND ___,3,3,3
224,2026-04-05,MILL,WIND ___,3,2,4
224,2026-04-05,SCREEN,WIND ___,3,2,1
225,2026-04-05,FIN,PARTS OF A SHIP,0,2,3
225,2026-04-05,QUARTER,PARTS OF A SHIP,0,4,4
225,2026-04-05,HOLD,PARTS OF A SHIP,0,1,4
225,2026-04-05,HELM,PARTS OF A SHIP,0,1,3
225,2026-04-05,SMILING,WORDS MEANING LAUGH,1,1,2
225,2026-04-05,MOUSE,WORDS MEANING LAUGH,1,3,1
225,2026-04-05,LAUGHTER,WORDS MEANING LAUGH,1,4,1
225,2026-04-05,FUNNY,WORDS MEANING LAUGH,1,1,1
225,2026-04-05,LANDING,ASSOCIATED WITH MOON,2,2,1
225,2026-04-05,ORBIT,ASSOCIATED WITH MOON,2,4,3
225,2026-04-05,PASSES,ASSOCIATED WITH MOON,2,2,4
225,2026-04-05,APOLLO,ASSOCIATED WITH MOON,2,3,4
225,2026-04-05,SHADE,NIGHT ___,3,2,2
225,2026-04-05,CAP,NIGHT ___,3,4,2
225,2026-04-05,STAND,NIGHT ___,3,3,2
225,2026-04-05,GOWN,NIGHT ___,3,3,3
226,2026-04-05,LIFEBOAT,BOATS,0,2,4
226,2026-04-05,SKIFF,BOATS,0,1,2
226,2026-04-05,SHELL,BOATS,0,2,3
226,2026-04-05,OUTBOARD,BOATS,0,1,1
226,2026-04-05,FOOL,WORDS MEANING DECEIVE,1,4,3
226,2026-04-05,FOX,WORDS MEANING DECEIVE,1,3,1
226,2026-04-05,DELUDE,WORDS MEANING DECEIVE,1,2,2
226,2026-04-05,FAIL,WORDS MEANING DECEIVE,1,3,4
226,2026-04-05,LOOM,WORDS RELATED TO TOWER,2,4,4
226,2026-04-05,CONCRETE,WORDS RELATED TO TOWER,2,1,4
226,2026-04-05,SWEEP,WORDS RELATED TO TOWER,2,4,1
226,2026-04-05,ROOF,WORDS RELATED TO TOWER,2,4,2
226,2026-04-05,MAKE,ENDS WITH 'AKE',3,3,2
226,2026-04-05,TAKE,ENDS WITH 'AKE',3,2,1
226,2026-04-05,RAKE,ENDS WITH 'AKE',3,3,3
226,2026-04-05,LAKE,ENDS WITH 'AKE',3,1,3
227,2026-04-05,SAILOR,HATS,0,3,4
227,2026-04-05,PANAMA,HATS,0,2,1
227,2026-04-05,DERBY,HATS,0,1,1
227,2026-04-05,CASTOR,HATS,0,3,2
227,2026-04-05,CREATIVE,WORDS MEANING CLEVER,1,1,4
227,2026-04-05,PERCEPTIVE,WORDS MEANING CLEVER,1,4,3
227,2026-04-05,SKILLED,WORDS MEANING CLEVER,1,2,2
227,2026-04-05,SHREWD,WORDS MEANING CLEVER,1,4,2
227,2026-04-05,NIGHTMARE,ASSOCIATED WITH DREAM,2,1,2
227,2026-04-05,REALITY,ASSOCIATED WITH DREAM,2,4,1
227,2026-04-05,POP,ASSOCIATED WITH DREAM,2,1,3
227,2026-04-05,TRUE,ASSOCIATED WITH DREAM,2,3,1
227,2026-04-05,CAMP,___ FIRE,3,2,3
227,2026-04-05,OPEN,___ FIRE,3,4,4
227,2026-04-05,GUN,___ FIRE,3,2,4
227,2026-04-05,BON,___ FIRE,3,3,3
228,2026-04-05,STONE,GEMS,0,4,2
228,2026-04-05,EMERALD,GEMS,0,1,2
228,2026-04-05,ADAMANT,GEMS,0,4,3
228,2026-04-05,CORAL,GEMS,0,3,1
228,2026-04-05,SPENT,WORDS MEANING TIRED,1,4,4
228,2026-04-05,BLEARY,WORDS MEANING TIRED,1,3,4
228,2026-04-05,WHACKED,WORDS MEANING TIRED,1,4,1
228,2026-04-05,BANAL,WORDS MEANING TIRED,1,2,3
228,2026-04-05,FALSE,ASSOCIATED WITH TRUTH,2,1,3
228,2026-04-05,VALUES,ASSOCIATED WITH TRUTH,2,1,1
228,2026-04-05,FALSEHOOD,ASSOCIATED WITH TRUTH,2,2,1
228,2026-04-05,FACTS,ASSOCIATED WITH TRUTH,2,1,4
228,2026-04-05,RAIL,HAND ___,3,2,4
228,2026-04-05,BAG,HAND ___,3,2,2
228,2026-04-05,PICKED,HAND ___,3,3,2
228,2026-04-05,STAND,HAND ___,3,3,3
229,2026-04-05,HOLD,PARTS OF A SHIP,0,2,2
229,2026-04-05,FRAME,PARTS OF A SHIP,0,3,1
229,2026-04-05,FIN,PARTS OF A SHIP,0,3,3
229,2026-04-05,STERN,PARTS OF A SHIP,0,4,1
229,2026-04-05,FLIMSY,WORDS MEANING THIN,1,4,4
229,2026-04-05,SLIGHT,WORDS MEANING THIN,1,2,4
229,2026-04-05,FRAGILE,WORDS MEANING THIN,1,2,1
229,2026-04-05,SLENDER,WORDS MEANING THIN,1,1,4
229,2026-04-05,REBUILT,GOES WITH TOWER,2,3,4
229,2026-04-05,RECORDS,GOES WITH TOWER,2,4,2
229,2026-04-05,FOR,GOES WITH TOWER,2,1,2
229,2026-04-05,RISING,GOES WITH TOWER,2,4,3
229,2026-04-05,WAY,HIGH ___,3,2,3
229,2026-04-05,RISE,HIGH ___,3,1,3
229,2026-04-05,SCHOOL,HIGH ___,3,3,2
229,2026-04-05,LAND,HIGH ___,3,1,1
230,2026-04-05,MINIATURE,PAINTING STYLES,0,3,2
230,2026-04-05,LANDSCAPE,PAINTING STYLES,0,4,1
230,2026-04-05,WASH,PAINTING STYLES,0,1,1
230,2026-04-05,WATERCOLOR,PAINTING STYLES,0,2,3
230,2026-04-05,HEIGHTENED,WORDS MEANING INCREASE,1,1,4
230,2026-04-05,MOUNTING,WORDS MEANING INCREASE,1,4,2
230,2026-04-05,BOOSTING,WORDS MEANING INCREASE,1,4,4
230,2026-04-05,ESCALATION,WORDS MEANING INCREASE,1,3,3
230,2026-04-05,AESTHETIC,ASSOCIATED WITH BEAUTY,2,1,2
230,2026-04-05,BEAUTIFUL,ASSOCIATED WITH BEAUTY,2,3,4
230,2026-04-05,QUEEN,ASSOCIATED WITH BEAUTY,2,2,2
230,2026-04-05,SHOP,ASSOCIATED WITH BEAUTY,2,2,4
230,2026-04-05,BLOG,DIFFER BY ONE LETTER FROM 'FROG',3,1,3
230,2026-04-05,JOG,DIFFER BY ONE LETTER FROM 'FROG',3,4,3
230,2026-04-05,DOG,DIFFER BY ONE LETTER FROM 'FROG',3,3,1
230,2026-04-05,HOG,DIFFER BY ONE LETTER FROM 'FROG',3,2,1
231,2026-04-05,PIKE,FISH,0,3,1
231,2026-04-05,BASS,FISH,0,4,3
231,2026-04-05,SALMON,FISH,0,4,4
231,2026-04-05,TROUT,FISH,0,1,2
231,2026-04-05,LESSEN,WORDS MEANING FALL,1,4,1
231,2026-04-05,SETBACK,WORDS MEANING FALL,1,3,2
231,2026-04-05,DUSK,WORDS MEANING FALL,1,1,3
231,2026-04-05,BREAKUP,WORDS MEANING FALL,1,4,2
231,2026-04-05,DEMAND,ASSOCIATED WITH MARKET,2,1,4
231,2026-04-05,SECURITIES,ASSOCIATED WITH MARKET,2,1,1
231,2026-04-05,CUSTOMERS,ASSOCIATED WITH MARKET,2,2,3
231,2026-04-05,CONSUMERS,ASSOCIATED WITH MARKET,2,2,2
231,2026-04-05,PART,___ TIME,3,3,4
231,2026-04-05,DAY,___ TIME,3,3,3
231,2026-04-05,ANY,___ TIME,3,2,4
231,2026-04-05,WAR,___ TIME,3,2,1
232,2026-04-05,LANDSCAPE,PAINTING STYLES,0,2,1
232,2026-04-05,PICTURE,PAINTING STYLES,0,3,1
232,2026-04-05,WATERCOLOR,PAINTING STYLES,0,3,3
232,2026-04-05,NUDE,PAINTING STYLES,0,4,2
232,2026-04-05,OVERSIZED,WORDS MEANING LARGE,1,4,1
232,2026-04-05,RANGY,WORDS MEANING LARGE,1,1,4
232,2026-04-05,IMMENSE,WORDS MEANING LARGE,1,2,4
232,2026-04-05,TREMENDOUS,WORDS MEANING LARGE,1,1,1
232,2026-04-05,ALLIED,ASSOCIATED WITH WAR,2,4,3
232,2026-04-05,ARMY,ASSOCIATED WITH WAR,2,1,2
232,2026-04-05,CRIMES,ASSOCIATED WITH WAR,2,4,4
232,2026-04-05,COMMANDED,ASSOCIATED WITH WAR,2,3,4
232,2026-04-05,GRADE,DOWN ___,3,1,3
232,2026-04-05,STAIRS,DOWN ___,3,3,2
232,2026-04-05,WARD,DOWN ___,3,2,3
232,2026-04-05,FALL,DOWN ___,3,2,2
233,2026-04-05,NECK,BODY PARTS,0,3,2
233,2026-04-05,CAVITY,BODY PARTS,0,2,2
233,2026-04-05,FORK,BODY PARTS,0,2,4
233,2026-04-05,ARM,BODY PARTS,0,3,3
233,2026-04-05,COMMIT,WORDS MEANING PULL,1,4,4
233,2026-04-05,TEAR,WORDS MEANING PULL,1,1,3
233,2026-04-05,RIP,WORDS MEANING PULL,1,4,1
233,2026-04-05,DRAW,WORDS MEANING PULL,1,4,2
233,2026-04-05,SCHOOL,GOES WITH NIGHT,2,3,4
233,2026-04-05,WAS,GOES WITH NIGHT,2,1,4
233,2026-04-05,FIGHTER,GOES WITH NIGHT,2,4,3
233,2026-04-05,ATTACK,GOES WITH NIGHT,2,1,1
233,2026-04-05,TAG,___ LINE,3,2,1
233,2026-04-05,BASE,___ LINE,3,1,2
233,2026-04-05,STORY,___ LINE,3,2,3
233,2026-04-05,MAIN,___ LINE,3,3,1
234,2026-04-05,ALLOY,METALS,0,4,1
234,2026-04-05,CARBOLOY,METALS,0,3,3
234,2026-04-05,SOLDER,METALS,0,2,2
234,2026-04-05,BRONZE,METALS,0,4,2
234,2026-04-05,ENCOUNTER,WORDS MEANING HIT,1,2,1
234,2026-04-05,CHANCE,WORDS MEANING HIT,1,1,1
234,2026-04-05,PUNCH,WORDS MEANING HIT,1,2,3
234,2026-04-05,ATTAIN,WORDS MEANING HIT,1,1,4
234,2026-04-05,LAUNCH,ASSOCIATED WITH SPACE,2,4,4
234,2026-04-05,DIMENSION,ASSOCIATED WITH SPACE,2,4,3
234,2026-04-05,COMPACT,ASSOCIATED WITH SPACE,2,1,3
234,2026-04-05,SPACECRAFT,ASSOCIATED WITH SPACE,2,3,1
234,2026-04-05,TEALS,ANAGRAMS OF EACH OTHER,3,3,4
234,2026-04-05,STALE,ANAGRAMS OF EACH OTHER,3,1,2
234,2026-04-05,STEAL,ANAGRAMS OF EACH OTHER,3,3,2
234,2026-04-05,LEAST,ANAGRAMS OF EACH OTHER,3,2,4
235,2026-04-05,STUD,HORSE BREEDS,0,4,3
235,2026-04-05,HACK,HORSE BREEDS,0,4,4
235,2026-04-05,MOUNT,HORSE BREEDS,0,1,3
235,2026-04-05,MARE,HORSE BREEDS,0,4,1
235,2026-04-05,MOVE,WORDS MEANING BEGIN,1,3,2
235,2026-04-05,TAKE,WORDS MEANING BEGIN,1,4,2
235,2026-04-05,ADDRESS,WORDS MEANING BEGIN,1,1,4
235,2026-04-05,INCEPTION,WORDS MEANING BEGIN,1,2,1
235,2026-04-05,WEAKENED,ASSOCIATED WITH WIND,2,2,2
235,2026-04-05,INSTRUMENT,ASSOCIATED WITH WIND,2,2,3
235,2026-04-05,SHEAR,ASSOCIATED WITH WIND,2,3,1
235,2026-04-05,SAILS,ASSOCIATED WITH WIND,2,1,2
235,2026-04-05,BROAD,___ SIDE,3,1,1
235,2026-04-05,RING,___ SIDE,3,3,4
235,2026-04-05,LAKE,___ SIDE,3,2,4
235,2026-04-05,TOP,___ SIDE,3,3,3
236,2026-04-05,BUTTERFLY,INSECTS,0,1,2
236,2026-04-05,EPHEMERAL,INSECTS,0,2,3
236,2026-04-05,CRICKET,INSECTS,0,4,4
236,2026-04-05,BUG,INSECTS,0,4,1
236,2026-04-05,WEAK,WORDS MEANING TIRED,1,1,4
236,2026-04-05,TERRIBLE,WORDS MEANING TIRED,1,3,2
236,2026-04-05,AWFUL,WORDS MEANING TIRED,1,2,2
236,2026-04-05,WORN,WORDS MEANING TIRED,1,2,1
236,2026-04-05,THING,WORDS RELATED TO TRUTH,2,3,3
236,2026-04-05,NOSE,WORDS RELATED TO TRUTH,2,1,1
236,2026-04-05,STATEMENTS,WORDS RELATED TO TRUTH,2,3,1
236,2026-04-05,CASE,WORDS RELATED TO TRUTH,2,3,4
236,2026-04-05,STREAM,BLOOD ___,3,4,2
236,2026-04-05,BANK,BLOOD ___,3,1,3
236,2026-04-05,LINE,BLOOD ___,3,2,4
236,2026-04-05,SHED,BLOOD ___,3,4,3
237,2026-04-05,STORE,COMPUTER PARTS,0,4,1
237,2026-04-05,BUS,COMPUTER PARTS,0,3,4
237,2026-04-05,MONITOR,COMPUTER PARTS,0,4,2
237,2026-04-05,STORAGE,COMPUTER PARTS,0,1,1
237,2026-04-05,GETTING,WORDS MEANING FIND,1,1,4
237,2026-04-05,RETRIEVE,WORDS MEANING FIND,1,4,4
237,2026-04-05,RECOVER,WORDS MEANING FIND,1,4,3
237,2026-04-05,ASCERTAIN,WORDS MEANING FIND,1,1,3
237,2026-04-05,CLEARED,ASSOCIATED WITH FOREST,2,1,2
237,2026-04-05,OAK,ASSOCIATED WITH FOREST,2,3,3
237,2026-04-05,HIKING,ASSOCIATED WITH FOREST,2,2,3
237,2026-04-05,SCRUB,ASSOCIATED WITH FOREST,2,3,1
237,2026-04-05,FREE,___ FALL,3,3,2
237,2026-04-05,NIGHT,___ FALL,3,2,1
237,2026-04-05,LAND,___ FALL,3,2,2
237,2026-04-05,RAIN,___ FALL,3,2,4
238,2026-04-05,COUCH,VEHICLES,0,4,3
238,2026-04-05,OIL,VEHICLES,0,1,3
238,2026-04-05,ACRYLIC,VEHICLES,0,4,2
238,2026-04-05,PAINT,VEHICLES,0,2,4
238,2026-04-05,FIRST,WORDS MEANING BEGIN,1,2,1
238,2026-04-05,INSTITUTE,WORDS MEANING BEGIN,1,3,3
238,2026-04-05,OPENING,WORDS MEANING BEGIN,1,1,4
238,2026-04-05,GET,WORDS MEANING BEGIN,1,4,1
238,2026-04-05,HUMANITY,ASSOCIATED WITH WISDOM,2,1,1
238,2026-04-05,BEAUTY,ASSOCIATED WITH WISDOM,2,3,2
238,2026-04-05,BUDDHA,ASSOCIATED WITH WISDOM,2,4,4
238,2026-04-05,VIRTUES,ASSOCIATED WITH WISDOM,2,2,2
238,2026-04-05,BITE,VOWEL PATTERN I_E,3,3,4
238,2026-04-05,FIRE,VOWEL PATTERN I_E,3,3,1
238,2026-04-05,BIKE,VOWEL PATTERN I_E,3,2,3
238,2026-04-05,DIVE,VOWEL PATTERN I_E,3,1,2
239,2026-04-05,CORN,SNAKES,0,1,2
239,2026-04-05,BOA,SNAKES,0,3,2
239,2026-04-05,PYTHON,SNAKES,0,2,2
239,2026-04-05,ANACONDA,SNAKES,0,1,4
239,2026-04-05,EARLY,WORDS MEANING NEW,1,3,3
239,2026-04-05,YOUNG,WORDS MEANING NEW,1,3,4
239,2026-04-05,FUTURE,WORDS MEANING NEW,1,4,2
239,2026-04-05,REFRESHING,WORDS MEANING NEW,1,2,4
239,2026-04-05,READING,ASSOCIATED WITH LIBRARY,2,3,1
239,2026-04-05,HOLDINGS,ASSOCIATED WITH LIBRARY,2,2,3
239,2026-04-05,UNIVERSITY,ASSOCIATED WITH LIBRARY,2,1,1
239,2026-04-05,ARCHIVES,ASSOCIATED WITH LIBRARY,2,4,1
239,2026-04-05,UNDER,___ WAY,3,1,3
239,2026-04-05,RUN,___ WAY,3,4,4
239,2026-04-05,FREE,___ WAY,3,4,3
239,2026-04-05,MOTOR,___ WAY,3,2,1
240,2026-04-05,CATKIN,FLOWERS,0,3,4
240,2026-04-05,SPIKE,FLOWERS,0,3,2
240,2026-04-05,BUD,FLOWERS,0,3,1
240,2026-04-05,BLOOM,FLOWERS,0,1,4
240,2026-04-05,LITTLE,WORDS MEANING NARROW,1,1,3
240,2026-04-05,TAPERED,WORDS MEANING NARROW,1,1,2
240,2026-04-05,MINUTE,WORDS MEANING NARROW,1,4,1
240,2026-04-05,CAREFUL,WORDS MEANING NARROW,1,4,3
240,2026-04-05,BEAUTIFUL,ASSOCIATED WITH BEAUTY,2,2,1
240,2026-04-05,QUEEN,ASSOCIATED WITH BEAUTY,2,4,4
240,2026-04-05,UNIVERSE,ASSOCIATED WITH BEAUTY,2,1,1
240,2026-04-05,PAGEANT,ASSOCIATED WITH BEAUTY,2,2,2
240,2026-04-05,RISE,HIGH ___,3,2,3
240,2026-04-05,CHAIR,HIGH ___,3,4,2
240,2026-04-05,LAND,HIGH ___,3,2,4
240,2026-04-05,SCHOOL,HIGH ___,3,3,3
241,2026-04-05,FRAME,PARTS OF A SHIP,0,4,1
241,2026-04-05,SKELETON,PARTS OF A SHIP,0,3,1
241,2026-04-05,HELM,PARTS OF A SHIP,0,3,2
241,2026-04-05,HOLD,PARTS OF A SHIP,0,1,3
241,2026-04-05,AMUSEMENT,WORDS MEANING LAUGH,1,1,4
241,2026-04-05,SMILE,WORDS MEANING LAUGH,1,2,1
241,2026-04-05,RICE,WORDS MEANING LAUGH,1,1,1
241,2026-04-05,HOWL,WORDS MEANING LAUGH,1,2,3
241,2026-04-05,RIDGE,ASSOCIATED WITH PLATEAU,2,2,4
241,2026-04-05,TIBET,ASSOCIATED WITH PLATEAU,2,1,2
241,2026-04-05,VOLCANIC,ASSOCIATED WITH PLATEAU,2,3,4
241,2026-04-05,RUGGED,ASSOCIATED WITH PLATEAU,2,2,2
241,2026-04-05,TOLL,___ GATE,3,4,4
241,2026-04-05,IRON,___ GATE,3,4,3
241,2026-04-05,FLAP,___ GATE,3,4,2
241,2026-04-05,FLOOD,___ GATE,3,3,3
242,2026-04-05,RICE,GRAINS,0,1,1
242,2026-04-05,CEREAL,GRAINS,0,3,3
242,2026-04-05,GRIST,GRAINS,0,4,1
242,2026-04-05,WHEAT,GRAINS,0,2,1
242,2026-04-05,RETRIEVE,WORDS MEANING THINK,1,1,2
242,2026-04-05,BELIEVE,WORDS MEANING THINK,1,1,3
242,2026-04-05,ANTICIPATE,WORDS MEANING THINK,1,2,4
242,2026-04-05,APPEAR,WORDS MEANING THINK,1,1,4
242,2026-04-05,PURCHASING,WORDS RELATED TO MARKET,2,2,2
242,2026-04-05,EXPORT,WORDS RELATED TO MARKET,2,2,3
242,2026-04-05,SHARES,WORDS RELATED TO MARKET,2,3,1
242,2026-04-05,INDEX,WORDS RELATED TO MARKET,2,4,4
242,2026-04-05,UPLIFT,STARTS WITH 'UP',3,3,2
242,2026-04-05,UPBEAT,STARTS WITH 'UP',3,4,2
242,2026-04-05,UPKEEP,STARTS WITH 'UP',3,3,4
242,2026-04-05,UPGRADE,STARTS WITH 'UP',3,4,3
243,2026-04-05,VOODOO,RELIGIONS,0,2,1
243,2026-04-05,MYSTICISM,RELIGIONS,0,1,4
243,2026-04-05,TAOISM,RELIGIONS,0,3,3
243,2026-04-05,ANALOGY,RELIGIONS,0,2,2
243,2026-04-05,SHARPLY,WORDS MEANING SHARP,1,2,3
243,2026-04-05,CUTTING,WORDS MEANING SHARP,1,3,1
243,2026-04-05,HIGH,WORDS MEANING SHARP,1,4,4
243,2026-04-05,SALT,WORDS MEANING SHARP,1,1,2
243,2026-04-05,SHADOW,ASSOCIATED WITH MOON,2,2,4
243,2026-04-05,PLANETS,ASSOCIATED WITH MOON,2,3,4
243,2026-04-05,ROCKS,ASSOCIATED WITH MOON,2,1,3
243,2026-04-05,MISSIONS,ASSOCIATED WITH MOON,2,1,1
243,2026-04-05,CLUB,___ HOUSE,3,4,3
243,2026-04-05,POWER,___ HOUSE,3,4,1
243,2026-04-05,STORE,___ HOUSE,3,3,2
243,2026-04-05,ROUND,___ HOUSE,3,4,2
244,2026-04-05,SPIKE,FLOWERS,0,1,4
244,2026-04-05,BLOOM,FLOWERS,0,4,1
244,2026-04-05,BUD,FLOWERS,0,3,3
244,2026-04-05,BLOSSOM,FLOWERS,0,4,3
244,2026-04-05,STROLL,WORDS MEANING WALK,1,4,4
244,2026-04-05,OUTING,WORDS MEANING WALK,1,1,1
244,2026-04-05,TRAFFIC,WORDS MEANING WALK,1,4,2
244,2026-04-05,HIKING,WORDS MEANING WALK,1,2,3
244,2026-04-05,JEWS,ASSOCIATED WITH FATE,2,2,4
244,2026-04-05,WORSE,ASSOCIATED WITH FATE,2,3,4
244,2026-04-05,MYSTERY,ASSOCIATED WITH FATE,2,1,2
244,2026-04-05,UNIVERSE,ASSOCIATED WITH FATE,2,2,1
244,2026-04-05,COME,OVER ___,3,3,1
244,2026-04-05,PASS,OVER ___,3,2,2
244,2026-04-05,GROWN,OVER ___,3,1,3
244,2026-04-05,TURN,OVER ___,3,3,2
245,2026-04-05,BUFFER,CAR PARTS,0,3,1
245,2026-04-05,ROOF,CAR PARTS,0,2,4
245,2026-04-05,GAS,CAR PARTS,0,2,1
245,2026-04-05,TRUNK,CAR PARTS,0,4,1
245,2026-04-05,DIFFICULT,WORDS MEANING HARD,1,1,4
245,2026-04-05,TOUGH,WORDS MEANING HARD,1,3,2
245,2026-04-05,STRONG,WORDS MEANING HARD,1,1,3
245,2026-04-05,HEAVY,WORDS MEANING HARD,1,2,3
245,2026-04-05,UPLAND,ASSOCIATED WITH PLATEAU,2,3,4
245,2026-04-05,PLAIN,ASSOCIATED WITH PLATEAU,2,4,3
245,2026-04-05,ALTITUDE,ASSOCIATED WITH PLATEAU,2,3,3
245,2026-04-05,RISES,ASSOCIATED WITH PLATEAU,2,4,2
245,2026-04-05,ROSE,___ WATER,3,1,2
245,2026-04-05,BACK,___ WATER,3,2,2
245,2026-04-05,HOT,___ WATER,3,1,1
245,2026-04-05,RAIN,___ WATER,3,4,4
246,2026-04-05,GUINEA,CURRENCIES,0,2,3
246,2026-04-05,REAL,CURRENCIES,0,2,4
246,2026-04-05,CASH,CURRENCIES,0,3,4
246,2026-04-05,EAGLE,CURRENCIES,0,2,2
246,2026-04-05,SHRILL,WORDS MEANING SHARP,1,3,2
246,2026-04-05,SHARPENED,WORDS MEANING SHARP,1,1,2
246,2026-04-05,TART,WORDS MEANING SHARP,1,4,3
246,2026-04-05,SUDDEN,WORDS MEANING SHARP,1,4,2
246,2026-04-05,NORMAN,ASSOCIATED WITH CASTLE,2,3,3
246,2026-04-05,STANDS,ASSOCIATED WITH CASTLE,2,3,1
246,2026-04-05,REBUILT,ASSOCIATED WITH CASTLE,2,4,1
246,2026-04-05,SCOTLAND,ASSOCIATED WITH CASTLE,2,1,3
246,2026-04-05,DUNE,RHYMES WITH 'MOON',3,1,1
246,2026-04-05,JUNE,RHYMES WITH 'MOON',3,4,4
246,2026-04-05,LOON,RHYMES WITH 'MOON',3,1,4
246,2026-04-05,TUNE,RHYMES WITH 'MOON',3,2,1
247,2026-04-05,SNEAKER,TYPES OF SHOES,0,2,2
247,2026-04-05,WALKER,TYPES OF SHOES,0,2,4
247,2026-04-05,PLATFORM,TYPES OF SHOES,0,1,3
247,2026-04-05,FIN,TYPES OF SHOES,0,4,3
247,2026-04-05,REPRIEVE,WORDS MEANING SLEEP,1,1,1
247,2026-04-05,NUMB,WORDS MEANING SLEEP,1,1,4
247,2026-04-05,TWINKLE,WORDS MEANING SLEEP,1,3,4
247,2026-04-05,SHUTDOWN,WORDS MEANING SLEEP,1,4,4
247,2026-04-05,FOUNTAIN,ASSOCIATED WITH GARDEN,2,2,3
247,2026-04-05,LANDSCAPE,ASSOCIATED WITH GARDEN,2,3,2
247,2026-04-05,VEGETABLES,ASSOCIATED WITH GARDEN,2,4,2
247,2026-04-05,KITCHEN,ASSOCIATED WITH GARDEN,2,3,1
247,2026-04-05,CAT,___ WALK,3,1,2
247,2026-04-05,SKY,___ WALK,3,3,3
247,2026-04-05,JAY,___ WALK,3,4,1
247,2026-04-05,MOON,___ WALK,3,2,1
248,2026-04-05,PLUG,HORSE BREEDS,0,4,3
248,2026-04-05,BUCKSKIN,HORSE BREEDS,0,3,2
248,2026-04-05,CHESTNUT,HORSE BREEDS,0,1,2
248,2026-04-05,SORREL,HORSE BREEDS,0,4,1
248,2026-04-05,PURE,WORDS MEANING CLEAN,1,2,1
248,2026-04-05,IMMACULATE,WORDS MEANING CLEAN,1,4,2
248,2026-04-05,PERFECT,WORDS MEANING CLEAN,1,2,4
248,2026-04-05,PRISTINE,WORDS MEANING CLEAN,1,3,3
248,2026-04-05,NARRATOR,ASSOCIATED WITH LONELINESS,2,1,3
248,2026-04-05,THEME,ASSOCIATED WITH LONELINESS,2,4,4
248,2026-04-05,FEAR,ASSOCIATED WITH LONELINESS,2,1,4
248,2026-04-05,EXILE,ASSOCIATED WITH LONELINESS,2,3,4
248,2026-04-05,FISH,GOLD ___,3,2,2
248,2026-04-05,FIELD,GOLD ___,3,3,1
248,2026-04-05,SMITH,GOLD ___,3,2,3
248,2026-04-05,FINCH,GOLD ___,3,1,1
249,2026-04-05,FRAME,PARTS OF A SHIP,0,4,4
249,2026-04-05,SKELETON,PARTS OF A SHIP,0,1,4
249,2026-04-05,BULWARK,PARTS OF A SHIP,0,4,1
249,2026-04-05,BAY,PARTS OF A SHIP,0,1,1
249,2026-04-05,GRAVID,WORDS MEANING LARGE,1,2,4
249,2026-04-05,HEAVY,WORDS MEANING LARGE,1,3,4
249,2026-04-05,PROMINENT,WORDS MEANING LARGE,1,4,2
249,2026-04-05,EXPECTANT,WORDS MEANING LARGE,1,2,2
249,2026-04-05,AND,GOES WITH HOSPITAL,2,1,2
249,2026-04-05,INJURIES,GOES WITH HOSPITAL,2,2,1
249,2026-04-05,FACILITIES,GOES WITH HOSPITAL,2,1,3
249,2026-04-05,THAT,GOES WITH HOSPITAL,2,3,1
249,2026-04-05,SEED,BIRD ___,3,4,3
249,2026-04-05,CALL,BIRD ___,3,2,3
249,2026-04-05,WATCH,BIRD ___,3,3,3
249,2026-04-05,DOG,BIRD ___,3,3,2
250,2026-04-05,SPECTATOR,TYPES OF SHOES,0,3,4
250,2026-04-05,WALKER,TYPES OF SHOES,0,2,4
250,2026-04-05,FIN,TYPES OF SHOES,0,3,1
250,2026-04-05,PUMP,TYPES OF SHOES,0,1,4
250,2026-04-05,FULLY,WORDS MEANING DEEP,1,3,2
250,2026-04-05,MUCH,WORDS MEANING DEEP,1,1,3
250,2026-04-05,MYSTERIOUS,WORDS MEANING DEEP,1,1,1
250,2026-04-05,COLORFUL,WORDS MEANING DEEP,1,2,1
250,2026-04-05,TREASURE,WORDS RELATED TO PIRATE,2,2,3
250,2026-04-05,PARTY,WORDS RELATED TO PIRATE,2,4,4
250,2026-04-05,RADIO,WORDS RELATED TO PIRATE,2,2,2
250,2026-04-05,ABOARD,WORDS RELATED TO PIRATE,2,4,3
250,2026-04-05,REVIVER,PALINDROMES,3,4,1
250,2026-04-05,TENET,PALINDROMES,3,3,3
250,2026-04-05,NOON,PALINDROMES,3,4,2
250,2026-04-05,REPAPER,PALINDROMES,3,1,2
251,2026-04-05,EMPEROR,BUTTERFLIES,0,1,3
251,2026-04-05,COMMA,BUTTERFLIES,0,4,3
251,2026-04-05,MONARCH,BUTTERFLIES,0,3,4
251,2026-04-05,PEACOCK,BUTTERFLIES,0,1,2
251,2026-04-05,THROW,WORDS MEANING BEGIN,1,2,2
251,2026-04-05,PRINCIPLE,WORDS MEANING BEGIN,1,4,1
251,2026-04-05,HIRE,WORDS MEANING BEGIN,1,2,3
251,2026-04-05,INITIATE,WORDS MEANING BEGIN,1,1,1
251,2026-04-05,FURNACE,ASSOCIATED WITH STEEL,2,3,3
251,2026-04-05,CAGE,ASSOCIATED WITH STEEL,2,4,4
251,2026-04-05,PANELS,ASSOCIATED WITH STEEL,2,3,1
251,2026-04-05,FRAME,ASSOCIATED WITH STEEL,2,3,2
251,2026-04-05,HAY,___ FIELD,3,2,1
251,2026-04-05,BATTLE,___ FIELD,3,2,4
251,2026-04-05,WHEAT,___ FIELD,3,1,4
251,2026-04-05,COAL,___ FIELD,3,4,2
252,2026-04-05,SAILOR,HATS,0,2,4
252,2026-04-05,STETSON,HATS,0,4,4
252,2026-04-05,CASTOR,HATS,0,3,1
252,2026-04-05,BEAVER,HATS,0,3,4
252,2026-04-05,AFFECT,WORDS MEANING MOVE,1,4,2
252,2026-04-05,RAISE,WORDS MEANING MOVE,1,1,2
252,2026-04-05,STRIKE,WORDS MEANING MOVE,1,1,3
252,2026-04-05,SHUFFLE,WORDS MEANING MOVE,1,2,2
252,2026-04-05,ACCURACY,ASSOCIATED WITH DOUBT,2,2,1
252,2026-04-05,VERACITY,ASSOCIATED WITH DOUBT,2,4,1
252,2026-04-05,EXISTENCE,ASSOCIATED WITH DOUBT,2,1,1
252,2026-04-05,REASONABLE,ASSOCIATED WITH DOUBT,2,2,3
252,2026-04-05,PROOF,FIRE ___,3,3,3
252,2026-04-05,WORK,FIRE ___,3,3,2
252,2026-04-05,BRICK,FIRE ___,3,1,4
252,2026-04-05,BRAND,FIRE ___,3,4,3
253,2026-04-05,HEAD,BODY PARTS,0,2,4
253,2026-04-05,LEG,BODY PARTS,0,3,4
253,2026-04-05,FORK,BODY PARTS,0,3,2
253,2026-04-05,ARM,BODY PARTS,0,3,1
253,2026-04-05,ABUSE,WORDS MEANING SHOUT,1,2,1
253,2026-04-05,SQUALL,WORDS MEANING SHOUT,1,4,3
253,2026-04-05,YELL,WORDS MEANING SHOUT,1,3,3
253,2026-04-05,SCREAM,WORDS MEANING SHOUT,1,1,2
253,2026-04-05,PUNK,GOES WITH MUSIC,2,2,3
253,2026-04-05,WOULD,GOES WITH MUSIC,2,1,1
253,2026-04-05,AND,GOES WITH MUSIC,2,4,4
253,2026-04-05,INDUSTRY,GOES WITH MUSIC,2,1,3
253,2026-04-05,SWIMMING,___ POOL,3,1,4
253,2026-04-05,CAR,___ POOL,3,2,2
253,2026-04-05,GENE,___ POOL,3,4,1
253,2026-04-05,DEAD,___ POOL,3,4,2
254,2026-04-05,BARRAGE,LANGUAGES,0,1,3
254,2026-04-05,ONSLAUGHT,LANGUAGES,0,1,2
254,2026-04-05,SUBSTRATE,LANGUAGES,0,2,4
254,2026-04-05,WORDS,LANGUAGES,0,3,4
254,2026-04-05,CHANCE,WORDS MEANING HIT,1,1,4
254,2026-04-05,BUMP,WORDS MEANING HIT,1,1,1
254,2026-04-05,ATTAIN,WORDS MEANING HIT,1,4,4
254,2026-04-05,BATTER,WORDS MEANING HIT,1,4,2
254,2026-04-05,COMMITMENT,ASSOCIATED WITH PASSION,2,2,3
254,2026-04-05,COOKING,ASSOCIATED WITH PASSION,2,2,2
254,2026-04-05,LOVE,ASSOCIATED WITH PASSION,2,3,3
254,2026-04-05,CHRIST,ASSOCIATED WITH PASSION,2,2,1
254,2026-04-05,CALF,WORDS WITH SILENT L,3,4,1
254,2026-04-05,PALM,WORDS WITH SILENT L,3,3,2
254,2026-04-05,FOLK,WORDS WITH SILENT L,3,4,3
254,2026-04-05,WALK,WORDS WITH SILENT L,3,3,1
255,2026-04-05,CORN,SNAKES,0,4,4
255,2026-04-05,GARTER,SNAKES,0,2,2
255,2026-04-05,MILK,SNAKES,0,4,2
255,2026-04-05,COBRA,SNAKES,0,4,3
255,2026-04-05,RUGGED,WORDS MEANING ROUGH,1,3,2
255,2026-04-05,CRUSHED,WORDS MEANING ROUGH,1,3,1
255,2026-04-05,AGGRESSIVE,WORDS MEANING ROUGH,1,1,4
255,2026-04-05,BROKEN,WORDS MEANING ROUGH,1,4,1
255,2026-04-05,SAND,ASSOCIATED WITH BEACH,2,3,3
255,2026-04-05,CLIFFS,ASSOCIATED WITH BEACH,2,3,4
255,2026-04-05,BOYS,ASSOCIATED WITH BEACH,2,2,1
255,2026-04-05,DUNES,ASSOCIATED WITH BEACH,2,1,3
255,2026-04-05,LIVING,___ ROOM,3,2,4
255,2026-04-05,GUN,___ ROOM,3,1,1
255,2026-04-05,BATH,___ ROOM,3,1,2
255,2026-04-05,DRESS,___ ROOM,3,2,3
256,2026-04-05,TWIST,DANCES,0,3,4
256,2026-04-05,MAZURKA,DANCES,0,3,3
256,2026-04-05,PHRASE,DANCES,0,4,2
256,2026-04-05,STRIP,DANCES,0,4,1
256,2026-04-05,WICKED,WORDS MEANING BRAVE,1,3,1
256,2026-04-05,WEATHER,WORDS MEANING BRAVE,1,4,3
256,2026-04-05,GLORIOUS,WORDS MEANING BRAVE,1,4,4
256,2026-04-05,OUTSPOKEN,WORDS MEANING BRAVE,1,2,3
256,2026-04-05,CHURCH,ASSOCIATED WITH FAITH,2,1,2
256,2026-04-05,TRUTH,ASSOCIATED WITH FAITH,2,2,4
256,2026-04-05,PRAYER,ASSOCIATED WITH FAITH,2,1,1
256,2026-04-05,CREED,ASSOCIATED WITH FAITH,2,2,2
256,2026-04-05,WORK,HAND ___,3,3,2
256,2026-04-05,GUN,HAND ___,3,2,1
256,2026-04-05,SHAKE,HAND ___,3,1,3
256,2026-04-05,RAIL,HAND ___,3,1,4
257,2026-04-05,HOLD,PARTS OF A SHIP,0,3,3
257,2026-04-05,STERN,PARTS OF A SHIP,0,2,3
257,2026-04-05,SHEET,PARTS OF A SHIP,0,1,1
257,2026-04-05,GALLEY,PARTS OF A SHIP,0,4,2
257,2026-04-05,DEFINE,WORDS MEANING FIX,1,4,3
257,2026-04-05,RESTORE,WORDS MEANING FIX,1,2,1
257,2026-04-05,REPAIR,WORDS MEANING FIX,1,3,2
257,2026-04-05,COOK,WORDS MEANING FIX,1,3,1
257,2026-04-05,CAPACITY,ASSOCIATED WITH WIND,2,1,3
257,2026-04-05,ATHLETES,ASSOCIATED WITH WIND,2,1,4
257,2026-04-05,POWER,ASSOCIATED WITH WIND,2,2,4
257,2026-04-05,OFFSHORE,ASSOCIATED WITH WIND,2,1,2
257,2026-04-05,BROW,EYE ___,3,2,2
257,2026-04-05,GLASS,EYE ___,3,4,4
257,2026-04-05,DROP,EYE ___,3,4,1
257,2026-04-05,BALL,EYE ___,3,3,4
258,2026-04-05,RICE,GRAINS,0,3,4
258,2026-04-05,GRIST,GRAINS,0,4,4
258,2026-04-05,BARLEY,GRAINS,0,3,3
258,2026-04-05,CORN,GRAINS,0,1,1
258,2026-04-05,UTILITY,WORDS MEANING HELP,1,2,1
258,2026-04-05,GIVE,WORDS MEANING HELP,1,4,1
258,2026-04-05,AID,WORDS MEANING HELP,1,4,2
258,2026-04-05,ACHIEVE,WORDS MEANING HELP,1,2,2
258,2026-04-05,BRIGHT,WORDS RELATED TO SILVER,2,1,3
258,2026-04-05,CURE,WORDS RELATED TO SILVER,2,1,2
258,2026-04-05,GOLD,WORDS RELATED TO SILVER,2,4,3
258,2026-04-05,COLORLESS,WORDS RELATED TO SILVER,2,2,4
258,2026-04-05,LEAN,ANAGRAMS OF EACH OTHER,3,2,3
258,2026-04-05,NEAT,ANAGRAMS OF EACH OTHER,3,1,4
258,2026-04-05,LANE,ANAGRAMS OF EACH OTHER,3,3,1
258,2026-04-05,ANTE,ANAGRAMS OF EACH OTHER,3,3,2
259,2026-04-05,BAT,MAMMALS,0,2,4
259,2026-04-05,STAG,MAMMALS,0,1,3
259,2026-04-05,ELEPHANT,MAMMALS,0,3,3
259,2026-04-05,BLOWER,MAMMALS,0,4,3
259,2026-04-05,FLAT,WORDS MEANING SHALLOW,1,2,3
259,2026-04-05,SMALL,WORDS MEANING SHALLOW,1,4,1
259,2026-04-05,FRIVOLOUS,WORDS MEANING SHALLOW,1,4,2
259,2026-04-05,SCARCE,WORDS MEANING SHALLOW,1,3,2
259,2026-04-05,BROOK,ASSOCIATED WITH RIVER,2,4,4
259,2026-04-05,RESERVOIR,ASSOCIATED WITH RIVER,2,2,1
259,2026-04-05,LAKE,ASSOCIATED WITH RIVER,2,3,1
259,2026-04-05,CREEK,ASSOCIATED WITH RIVER,2,1,2
259,2026-04-05,RAIN,___ WATER,3,1,4
259,2026-04-05,WASTE,___ WATER,3,2,2
259,2026-04-05,STILL,___ WATER,3,3,4
259,2026-04-05,GROUND,___ WATER,3,1,1
260,2026-04-05,LAUNCH,BOATS,0,3,2
260,2026-04-05,PACKET,BOATS,0,4,1
260,2026-04-05,BARGE,BOATS,0,3,1
260,2026-04-05,TUG,BOATS,0,4,2
260,2026-04-05,COUNT,WORDS MEANING LOOK,1,1,3
260,2026-04-05,FORESIGHT,WORDS MEANING LOOK,1,1,1
260,2026-04-05,SAY,WORDS MEANING LOOK,1,2,4
260,2026-04-05,POINT,WORDS MEANING LOOK,1,4,4
260,2026-04-05,VIOLENCE,ASSOCIATED WITH FEAR,2,2,2
260,2026-04-05,LOSING,ASSOCIATED WITH FEAR,2,1,2
260,2026-04-05,FACTOR,ASSOCIATED WITH FEAR,2,3,3
260,2026-04-05,FACTORY,ASSOCIATED WITH FEAR,2,2,1
260,2026-04-05,HOLE,BLACK ___,3,1,4
260,2026-04-05,LIST,BLACK ___,3,2,3
260,2026-04-05,SMITH,BLACK ___,3,4,3
260,2026-04-05,BOX,BLACK ___,3,3,4
261,2026-04-05,WING,CAR PARTS,0,2,4
261,2026-04-05,FIN,CAR PARTS,0,3,2
261,2026-04-05,BUFFER,CAR PARTS,0,3,4
261,2026-04-05,LOW,CAR PARTS,0,1,1
261,2026-04-05,BITE,WORDS MEANING STEAL,1,2,1
261,2026-04-05,PINCH,WORDS MEANING STEAL,1,1,3
261,2026-04-05,PILLAGE,WORDS MEANING STEAL,1,1,2
261,2026-04-05,GRAB,WORDS MEANING STEAL,1,2,3
261,2026-04-05,ARE,GOES WITH LIBRARY,2,2,2
261,2026-04-05,PATRONS,GOES WITH LIBRARY,2,4,3
261,2026-04-05,COPY,GOES WITH LIBRARY,2,4,1
261,2026-04-05,SERVICES,GOES WITH LIBRARY,2,4,4
261,2026-04-05,BIRTH,___ DAY,3,4,2
261,2026-04-05,GOOD,___ DAY,3,3,1
261,2026-04-05,SUN,___ DAY,3,1,4
261,2026-04-05,MID,___ DAY,3,3,3
262,2026-04-05,MAHAYANA,RELIGIONS,0,3,3
262,2026-04-05,ZEN,RELIGIONS,0,2,1
262,2026-04-05,JUDAISM,RELIGIONS,0,1,4
262,2026-04-05,FAITH,RELIGIONS,0,4,2
262,2026-04-05,SLIDE,WORDS MEANING PUSH,1,4,4
262,2026-04-05,BOOST,WORDS MEANING PUSH,1,3,2
262,2026-04-05,CARRY,WORDS MEANING PUSH,1,4,1
262,2026-04-05,THRUST,WORDS MEANING PUSH,1,2,2
262,2026-04-05,RIDGE,ASSOCIATED WITH PLATEAU,2,2,4
262,2026-04-05,BOUNDED,ASSOCIATED WITH PLATEAU,2,4,3
262,2026-04-05,MOUNTAINS,ASSOCIATED WITH PLATEAU,2,1,2
262,2026-04-05,EROSION,ASSOCIATED WITH PLATEAU,2,2,3
262,2026-04-05,LATCH,ALL START WITH 'L',3,1,3
262,2026-04-05,LIGHT,ALL START WITH 'L',3,3,4
262,2026-04-05,LANCE,ALL START WITH 'L',3,3,1
262,2026-04-05,LASER,ALL START WITH 'L',3,1,1
263,2026-04-05,PUMPKIN,VEGETABLES,0,4,2
263,2026-04-05,LEGUME,VEGETABLES,0,1,4
263,2026-04-05,GREENS,VEGETABLES,0,1,2
263,2026-04-05,PEPPER,VEGETABLES,0,4,4
263,2026-04-05,BUMP,WORDS MEANING HIT,1,2,1
263,2026-04-05,SMACK,WORDS MEANING HIT,1,3,1
263,2026-04-05,CLICK,WORDS MEANING HIT,1,4,3
263,2026-04-05,IMPACT,WORDS MEANING HIT,1,2,4
263,2026-04-05,CASINO,ASSOCIATED WITH CIRCUS,2,3,4
263,2026-04-05,CAGE,ASSOCIATED WITH CIRCUS,2,3,3
263,2026-04-05,ATTRACTION,ASSOCIATED WITH CIRCUS,2,2,3
263,2026-04-05,ZOO,ASSOCIATED WITH CIRCUS,2,1,3
263,2026-04-05,TURN,___ GATE,3,3,2
263,2026-04-05,IRON,___ GATE,3,2,2
263,2026-04-05,LYCH,___ GATE,3,1,1
263,2026-04-05,FLAP,___ GATE,3,4,1
264,2026-04-05,CANVAS,PAINTING STYLES,0,4,2
264,2026-04-05,NUDE,PAINTING STYLES,0,2,4
264,2026-04-05,PICTURE,PAINTING STYLES,0,2,1
264,2026-04-05,CANVASS,PAINTING STYLES,0,3,4
264,2026-04-05,GRACEFUL,WORDS MEANING BEAUTIFUL,1,2,2
264,2026-04-05,HAPPY,WORDS MEANING BEAUTIFUL,1,4,1
264,2026-04-05,CHARMING,WORDS MEANING BEAUTIFUL,1,1,2
264,2026-04-05,PLEASANT,WORDS MEANING BEAUTIFUL,1,4,3
264,2026-04-05,DATA,ASSOCIATED WITH MEMORY,2,3,1
264,2026-04-05,RAM,ASSOCIATED WITH MEMORY,2,4,4
264,2026-04-05,ALLOCATION,ASSOCIATED WITH MEMORY,2,3,3
264,2026-04-05,MEMORIES,ASSOCIATED WITH MEMORY,2,1,1
264,2026-04-05,STORM,SNOW ___,3,1,4
264,2026-04-05,BOARD,SNOW ___,3,2,3
264,2026-04-05,MAN,SNOW ___,3,3,2
264,2026-04-05,DROP,SNOW ___,3,1,3
265,2026-04-05,LEG,BODY PARTS,0,4,4
265,2026-04-05,NECK,BODY PARTS,0,4,1
265,2026-04-05,FORK,BODY PARTS,0,1,2
265,2026-04-05,TORSO,BODY PARTS,0,3,4
265,2026-04-05,JOY,WORDS MEANING HAPPY,1,1,4
265,2026-04-05,PROSPEROUS,WORDS MEANING HAPPY,1,4,3
265,2026-04-05,LIKE,WORDS MEANING HAPPY,1,1,1
265,2026-04-05,BLESSED,WORDS MEANING HAPPY,1,2,3
265,2026-04-05,BULBS,ASSOCIATED WITH LIGHT,2,2,4
265,2026-04-05,HORSE,ASSOCIATED WITH LIGHT,2,3,2
265,2026-04-05,RAIL,ASSOCIATED WITH LIGHT,2,4,2
265,2026-04-05,REFLECTED,ASSOCIATED WITH LIGHT,2,2,1
265,2026-04-05,STAIN,BLOOD ___,3,3,1
265,2026-04-05,SHOT,BLOOD ___,3,1,3
265,2026-04-05,BATH,BLOOD ___,3,2,2
265,2026-04-05,LINE,BLOOD ___,3,3,3
266,2026-04-05,SOLDER,METALS,0,1,1
266,2026-04-05,STAINLESS,METALS,0,4,4
266,2026-04-05,ALLOY,METALS,0,4,2
266,2026-04-05,BRONZE,METALS,0,3,3
266,2026-04-05,EXPLODED,WORDS MEANING HIT,1,3,2
266,2026-04-05,ENCOUNTER,WORDS MEANING HIT,1,2,3
266,2026-04-05,HAPPEN,WORDS MEANING HIT,1,2,2
266,2026-04-05,BUMP,WORDS MEANING HIT,1,2,4
266,2026-04-05,VISION,WORDS RELATED TO DREAM,2,2,1
266,2026-04-05,VISIT,WORDS RELATED TO DREAM,2,3,1
266,2026-04-05,NIGHTMARE,WORDS RELATED TO DREAM,2,4,1
266,2026-04-05,REALIZED,WORDS RELATED TO DREAM,2,4,3
266,2026-04-05,TIDAL,ALL START WITH 'T',3,1,3
266,2026-04-05,TOTAL,ALL START WITH 'T',3,1,4
266,2026-04-05,TRIAL,ALL START WITH 'T',3,1,2
266,2026-04-05,TRADE,ALL START WITH 'T',3,3,4
267,2026-04-05,BRAZIL,NUTS,0,2,4
267,2026-04-05,CHESTNUT,NUTS,0,3,3
267,2026-04-05,PEANUT,NUTS,0,3,4
267,2026-04-05,MAST,NUTS,0,1,2
267,2026-04-05,FULFILLED,WORDS MEANING HAPPY,1,1,4
267,2026-04-05,PLEASURE,WORDS MEANING HAPPY,1,2,1
267,2026-04-05,WONDERFUL,WORDS MEANING HAPPY,1,4,4
267,2026-04-05,BLISSFUL,WORDS MEANING HAPPY,1,1,1
267,2026-04-05,TOURIST,ASSOCIATED WITH CAVE,2,4,1
267,2026-04-05,LONGEST,ASSOCIATED WITH CAVE,2,2,2
267,2026-04-05,TEMPLE,ASSOCIATED WITH CAVE,2,4,2
267,2026-04-05,CHAMBERS,ASSOCIATED WITH CAVE,2,4,3
267,2026-04-05,CHECK,___ MARK,3,3,1
267,2026-04-05,BENCH,___ MARK,3,2,3
267,2026-04-05,HALL,___ MARK,3,1,3
267,2026-04-05,LAND,___ MARK,3,3,2
268,2026-04-05,SALMON,FISH,0,4,2
268,2026-04-05,COD,FISH,0,1,1
268,2026-04-05,BASS,FISH,0,4,1
268,2026-04-05,SMELT,FISH,0,2,3
268,2026-04-05,LOOSE,WORDS MEANING LIGHT,1,3,4
268,2026-04-05,TRIPPING,WORDS MEANING LIGHT,1,2,2
268,2026-04-05,LIGHTLY,WORDS MEANING LIGHT,1,1,4
268,2026-04-05,ALIGHT,WORDS MEANING LIGHT,1,1,3
268,2026-04-05,HUMANITY,WORDS RELATED TO SACRIFICE,2,4,4
268,2026-04-05,FORFEIT,WORDS RELATED TO SACRIFICE,2,2,4
268,2026-04-05,BUNT,WORDS RELATED TO SACRIFICE,2,3,1
268,2026-04-05,JESUS,WORDS RELATED TO SACRIFICE,2,4,3
268,2026-04-05,COAST,SEA ___,3,3,2
268,2026-04-05,SICK,SEA ___,3,2,1
268,2026-04-05,BED,SEA ___,3,3,3
268,2026-04-05,BIRD,SEA ___,3,1,2
269,2026-04-05,BUS,COMPUTER PARTS,0,1,2
269,2026-04-05,STORAGE,COMPUTER PARTS,0,4,2
269,2026-04-05,PERIPHERAL,COMPUTER PARTS,0,4,3
269,2026-04-05,STORE,COMPUTER PARTS,0,3,2
269,2026-04-05,EASY,WORDS MEANING SOFT,1,1,4
269,2026-04-05,INDULGENT,WORDS MEANING SOFT,1,1,1
269,2026-04-05,VOICED,WORDS MEANING SOFT,1,1,3
269,2026-04-05,MILD,WORDS MEANING SOFT,1,2,3
269,2026-04-05,COLLAPSED,ASSOCIATED WITH TOWER,2,3,4
269,2026-04-05,CHAPEL,ASSOCIATED WITH TOWER,2,3,1
269,2026-04-05,BRICK,ASSOCIATED WITH TOWER,2,2,2
269,2026-04-05,ROOF,ASSOCIATED WITH TOWER,2,4,4
269,2026-04-05,STREAM,UP ___,3,2,1
269,2026-04-05,STAIRS,UP ___,3,4,1
269,2026-04-05,SET,UP ___,3,2,4
269,2026-04-05,CAST,UP ___,3,3,3
270,2026-04-05,COMMA,BUTTERFLIES,0,4,3
270,2026-04-05,EMPEROR,BUTTERFLIES,0,2,1
270,2026-04-05,COPPER,BUTTERFLIES,0,3,4
270,2026-04-05,BLUE,BUTTERFLIES,0,3,1
270,2026-04-05,IGNORE,WORDS MEANING HIDE,1,2,2
270,2026-04-05,CARPET,WORDS MEANING HIDE,1,1,3
270,2026-04-05,CRAWL,WORDS MEANING HIDE,1,1,4
270,2026-04-05,SWEEP,WORDS MEANING HIDE,1,3,2
270,2026-04-05,BABY,WORDS RELATED TO LOVE,2,2,4
270,2026-04-05,ROMANCE,WORDS RELATED TO LOVE,2,1,2
270,2026-04-05,AFFECTION,WORDS RELATED TO LOVE,2,1,1
270,2026-04-05,DARLING,WORDS RELATED TO LOVE,2,2,3
270,2026-04-05,BARK,DIFFER BY ONE LETTER FROM 'MARK',3,3,3
270,2026-04-05,DARK,DIFFER BY ONE LETTER FROM 'MARK',3,4,2
270,2026-04-05,LARK,DIFFER BY ONE LETTER FROM 'MARK',3,4,1
270,2026-04-05,HARK,DIFFER BY ONE LETTER FROM 'MARK',3,4,4
271,2026-04-05,POUCH,TYPES OF BAGS,0,4,4
271,2026-04-05,POCKET,TYPES OF BAGS,0,3,1
271,2026-04-05,SKIN,TYPES OF BAGS,0,1,1
271,2026-04-05,DUFFEL,TYPES OF BAGS,0,4,1
271,2026-04-05,WONDERFUL,WORDS MEANING HAPPY,1,3,2
271,2026-04-05,SATISFYING,WORDS MEANING HAPPY,1,2,4
271,2026-04-05,CHEERFUL,WORDS MEANING HAPPY,1,1,2
271,2026-04-05,PROSPEROUS,WORDS MEANING HAPPY,1,2,3
271,2026-04-05,TIMBER,ASSOCIATED WITH KITCHEN,2,1,3
271,2026-04-05,THE,ASSOCIATED WITH KITCHEN,2,1,4
271,2026-04-05,STABLES,ASSOCIATED WITH KITCHEN,2,2,1
271,2026-04-05,HAS,ASSOCIATED WITH KITCHEN,2,2,2
271,2026-04-05,SOURCE,___ BOOK,3,3,3
271,2026-04-05,NOTE,___ BOOK,3,4,2
271,2026-04-05,COPY,___ BOOK,3,3,4
271,2026-04-05,TEXT,___ BOOK,3,4,3
272,2026-04-05,STALLION,HORSE BREEDS,0,1,1
272,2026-04-05,SORREL,HORSE BREEDS,0,4,2
272,2026-04-05,CHESTNUT,HORSE BREEDS,0,2,3
272,2026-04-05,STUD,HORSE BREEDS,0,4,4
272,2026-04-05,PERFECT,WORDS MEANING COLD,1,2,1
272,2026-04-05,FAR,WORDS MEANING COLD,1,4,1
272,2026-04-05,CUTTING,WORDS MEANING COLD,1,3,2
272,2026-04-05,POLAR,WORDS MEANING COLD,1,4,3
272,2026-04-05,LOVER,ASSOCIATED WITH REVENGE,2,3,1
272,2026-04-05,DEFEAT,ASSOCIATED WITH REVENGE,2,2,2
272,2026-04-05,VENGEANCE,ASSOCIATED WITH REVENGE,2,2,4
272,2026-04-05,TRIES,ASSOCIATED WITH REVENGE,2,1,3
272,2026-04-05,DRIFT,SNOW ___,3,1,2
272,2026-04-05,MAN,SNOW ___,3,3,4
272,2026-04-05,BOARD,SNOW ___,3,3,3
272,2026-04-05,DROP,SNOW ___,3,1,4
273,2026-04-05,BAY,PARTS OF A SHIP,0,2,2
273,2026-04-05,TOP,PARTS OF A SHIP,0,1,2
273,2026-04-05,SCREW,PARTS OF A SHIP,0,3,3
273,2026-04-05,GALLEY,PARTS OF A SHIP,0,4,1
273,2026-04-05,HARD,WORDS MEANING HEAVY,1,3,4
273,2026-04-05,DENSE,WORDS MEANING HEAVY,1,1,3
273,2026-04-05,EXPECTANT,WORDS MEANING HEAVY,1,4,3
273,2026-04-05,PROFOUND,WORDS MEANING HEAVY,1,3,1
273,2026-04-05,CARVED,ASSOCIATED WITH TEMPLE,2,1,4
273,2026-04-05,PILGRIMAGE,ASSOCIATED WITH TEMPLE,2,2,4
273,2026-04-05,GODDESS,ASSOCIATED WITH TEMPLE,2,2,1
273,2026-04-05,DEDICATED,ASSOCIATED WITH TEMPLE,2,1,1
273,2026-04-05,PASTE,___ BOARD,3,4,2
273,2026-04-05,SPRING,___ BOARD,3,2,3
273,2026-04-05,SURF,___ BOARD,3,3,2
273,2026-04-05,FLAP,___ BOARD,3,4,4
274,2026-04-05,BARGE,BOATS,0,4,1
274,2026-04-05,TUG,BOATS,0,2,4
274,2026-04-05,CUTTER,BOATS,0,4,2
274,2026-04-05,LIFEBOAT,BOATS,0,1,4
274,2026-04-05,TRITE,WORDS MEANING TIRED,1,3,2
274,2026-04-05,DEAD,WORDS MEANING TIRED,1,2,1
274,2026-04-05,WEAK,WORDS MEANING TIRED,1,3,4
274,2026-04-05,BORED,WORDS MEANING TIRED,1,4,4
274,2026-04-05,INN,ASSOCIATED WITH VILLAGE,2,2,3
274,2026-04-05,DENSITY,ASSOCIATED WITH VILLAGE,2,1,3
274,2026-04-05,SITUATED,ASSOCIATED WITH VILLAGE,2,2,2
274,2026-04-05,LESSER,ASSOCIATED WITH VILLAGE,2,3,1
274,2026-04-05,MISS,WORDS WITH DOUBLE 'S',3,1,2
274,2026-04-05,DRESS,WORDS WITH DOUBLE 'S',3,3,3
274,2026-04-05,TOSS,WORDS WITH DOUBLE 'S',3,4,3
274,2026-04-05,GRASS,WORDS WITH DOUBLE 'S',3,1,1
275,2026-04-05,TANNER,CURRENCIES,0,2,3
275,2026-04-05,DOLLAR,CURRENCIES,0,2,1
275,2026-04-05,QUARTER,CURRENCIES,0,4,2
275,2026-04-05,TWENTY,CURRENCIES,0,1,2
275,2026-04-05,HAGGARD,WORDS MEANING THIN,1,2,4
275,2026-04-05,PINCHED,WORDS MEANING THIN,1,4,1
275,2026-04-05,RARE,WORDS MEANING THIN,1,3,4
275,2026-04-05,SLENDER,WORDS MEANING THIN,1,3,3
275,2026-04-05,RELAY,ASSOCIATED WITH SILVER,2,4,3
275,2026-04-05,SKATING,ASSOCIATED WITH SILVER,2,3,2
275,2026-04-05,SUMMER,ASSOCIATED WITH SILVER,2,4,4
275,2026-04-05,MINE,ASSOCIATED WITH SILVER,2,1,4
275,2026-04-05,SPRING,___ TIME,3,2,2
275,2026-04-05,LONG,___ TIME,3,1,1
275,2026-04-05,LIFE,___ TIME,3,3,1
275,2026-04-05,ANY,___ TIME,3,1,3
276,2026-04-05,NEPTUNE,PLANETS,0,2,1
276,2026-04-05,MARS,PLANETS,0,2,2
276,2026-04-05,MERCURY,PLANETS,0,4,2
276,2026-04-05,VENUS,PLANETS,0,3,2
276,2026-04-05,HONORABLE,WORDS MEANING HONEST,1,4,3
276,2026-04-05,HONESTLY,WORDS MEANING HONEST,1,1,1
276,2026-04-05,EQUITABLE,WORDS MEANING HONEST,1,1,2
276,2026-04-05,REALISTIC,WORDS MEANING HONEST,1,2,4
276,2026-04-05,EMERITUS,WORDS RELATED TO GLORY,2,1,3
276,2026-04-05,HOLY,WORDS RELATED TO GLORY,2,4,4
276,2026-04-05,TRIUMPH,WORDS RELATED TO GLORY,2,3,1
276,2026-04-05,BEAUTY,WORDS RELATED TO GLORY,2,3,3
276,2026-04-05,WATCH,BIRD ___,3,4,1
276,2026-04-05,DOG,BIRD ___,3,3,4
276,2026-04-05,SEED,BIRD ___,3,1,4
276,2026-04-05,HOUSE,BIRD ___,3,2,3
277,2026-04-05,NOSE,PARTS OF THE FACE,0,1,2
277,2026-04-05,FEATURE,PARTS OF THE FACE,0,3,3
277,2026-04-05,FACIAL,PARTS OF THE FACE,0,1,4
277,2026-04-05,JAW,PARTS OF THE FACE,0,2,2
277,2026-04-05,RECKON,WORDS MEANING THINK,1,4,2
277,2026-04-05,IMAGINE,WORDS MEANING THINK,1,1,3
277,2026-04-05,INTEND,WORDS MEANING THINK,1,2,3
277,2026-04-05,CONCEIVE,WORDS MEANING THINK,1,3,4
277,2026-04-05,ITSELF,GOES WITH VOLCANO,2,4,4
277,2026-04-05,CAN,GOES WITH VOLCANO,2,3,2
277,2026-04-05,WAS,GOES WITH VOLCANO,2,1,1
277,2026-04-05,ASH,GOES WITH VOLCANO,2,2,4
277,2026-04-05,DROP,EYE ___,3,4,1
277,2026-04-05,BROW,EYE ___,3,3,1
277,2026-04-05,GLASS,EYE ___,3,2,1
277,2026-04-05,LET,EYE ___,3,4,3
278,2026-04-05,POODLE,DOG BREEDS,0,1,1
278,2026-04-05,COLLIE,DOG BREEDS,0,2,1
278,2026-04-05,BARKER,DOG BREEDS,0,3,2
278,2026-04-05,WATCHDOG,DOG BREEDS,0,2,2
278,2026-04-05,TASTE,WORDS MEANING EAT,1,4,4
278,2026-04-05,SNACK,WORDS MEANING EAT,1,4,2
278,2026-04-05,ABSORB,WORDS MEANING EAT,1,3,1
278,2026-04-05,TABLE,WORDS MEANING EAT,1,3,4
278,2026-04-05,FLOODING,WORDS RELATED TO RAIN,2,2,4
278,2026-04-05,BARRAGE,WORDS RELATED TO RAIN,2,3,3
278,2026-04-05,VEGETATION,WORDS RELATED TO RAIN,2,1,4
278,2026-04-05,DOWNPOUR,WORDS RELATED TO RAIN,2,1,3
278,2026-04-05,YEAR,CONTAINS 'EAR',3,2,3
278,2026-04-05,EARLY,CONTAINS 'EAR',3,4,1
278,2026-04-05,HEART,CONTAINS 'EAR',3,4,3
278,2026-04-05,PEARL,CONTAINS 'EAR',3,1,2
279,2026-04-05,STETSON,HATS,0,2,1
279,2026-04-05,TURBAN,HATS,0,4,2
279,2026-04-05,LID,HATS,0,1,2
279,2026-04-05,FEDORA,HATS,0,4,3
279,2026-04-05,OFFEND,WORDS MEANING BREAK,1,3,3
279,2026-04-05,DAMP,WORDS MEANING BREAK,1,2,4
279,2026-04-05,SPLIT,WORDS MEANING BREAK,1,4,4
279,2026-04-05,BREACH,WORDS MEANING BREAK,1,3,1
279,2026-04-05,MAGNITUDE,ASSOCIATED WITH SUN,2,2,3
279,2026-04-05,APPARENT,ASSOCIATED WITH SUN,2,4,1
279,2026-04-05,ORBIT,ASSOCIATED WITH SUN,2,1,3
279,2026-04-05,CHEN,ASSOCIATED WITH SUN,2,2,2
279,2026-04-05,SUB,___ WAY,3,1,4
279,2026-04-05,HIGH,___ WAY,3,3,2
279,2026-04-05,WIDE,___ WAY,3,3,4
279,2026-04-05,FREE,___ WAY,3,1,1
280,2026-04-05,ADAGIO,DANCES,0,1,2
280,2026-04-05,CLOG,DANCES,0,4,3
280,2026-04-05,TANGO,DANCES,0,4,2
280,2026-04-05,MINUET,DANCES,0,2,4
280,2026-04-05,GRIEF,WORDS MEANING SAD,1,4,1
280,2026-04-05,SUFFERING,WORDS MEANING SAD,1,1,3
280,2026-04-05,PATHETIC,WORDS MEANING SAD,1,3,1
280,2026-04-05,DREARY,WORDS MEANING SAD,1,3,3
280,2026-04-05,LAMB,WORDS RELATED TO SACRIFICE,2,2,3
280,2026-04-05,DEMON,WORDS RELATED TO SACRIFICE,2,4,4
280,2026-04-05,ABRAHAM,WORDS RELATED TO SACRIFICE,2,1,1
280,2026-04-05,SURRENDER,WORDS RELATED TO SACRIFICE,2,3,2
280,2026-04-05,STAIRS,UP ___,3,3,4
280,2026-04-05,LIFT,UP ___,3,2,1
280,2026-04-05,GRADE,UP ___,3,2,2
280,2026-04-05,DATE,UP ___,3,1,4
281,2026-04-05,TRUNK,BODY PARTS,0,3,4
281,2026-04-05,ARM,BODY PARTS,0,4,4
281,2026-04-05,FORK,BODY PARTS,0,4,2
281,2026-04-05,CAVITY,BODY PARTS,0,2,2
281,2026-04-05,SUFFERING,WORDS MEANING SAD,1,3,1
281,2026-04-05,SORROW,WORDS MEANING SAD,1,4,3
281,2026-04-05,HOMESICK,WORDS MEANING SAD,1,3,3
281,2026-04-05,DISMAL,WORDS MEANING SAD,1,3,2
281,2026-04-05,MPH,ASSOCIATED WITH WIND,2,1,4
281,2026-04-05,ENSEMBLE,ASSOCIATED WITH WIND,2,1,2
281,2026-04-05,POWER,ASSOCIATED WITH WIND,2,2,3
281,2026-04-05,CHILL,ASSOCIATED WITH WIND,2,2,1
281,2026-04-05,POCKET,___ BOOK,3,2,4
281,2026-04-05,RULE,___ BOOK,3,4,1
281,2026-04-05,GUEST,___ BOOK,3,1,3
281,2026-04-05,LOG,___ BOOK,3,1,1
282,2026-04-05,HINDUISM,RELIGIONS,0,1,2
282,2026-04-05,ZEN,RELIGIONS,0,3,1
282,2026-04-05,CULT,RELIGIONS,0,4,1
282,2026-04-05,VOODOO,RELIGIONS,0,2,1
282,2026-04-05,GREEN,WORDS MEANING NEW,1,3,2
282,2026-04-05,ORIGINAL,WORDS MEANING NEW,1,4,4
282,2026-04-05,LATEST,WORDS MEANING NEW,1,2,3
282,2026-04-05,HOT,WORDS MEANING NEW,1,3,3
282,2026-04-05,BOWL,ASSOCIATED WITH LIBERTY,2,1,4
282,2026-04-05,BAPTIST,ASSOCIATED WITH LIBERTY,2,3,4
282,2026-04-05,FRATERNITY,ASSOCIATED WITH LIBERTY,2,1,1
282,2026-04-05,MUTUAL,ASSOCIATED WITH LIBERTY,2,2,4
282,2026-04-05,BARE,WORDS THAT SOUND LIKE ANOTHER WORD,3,4,3
282,2026-04-05,PREY,WORDS THAT SOUND LIKE ANOTHER WORD,3,4,2
282,2026-04-05,MAIL,WORDS THAT SOUND LIKE ANOTHER WORD,3,1,3
282,2026-04-05,SUITE,WORDS THAT SOUND LIKE ANOTHER WORD,3,2,2
283,2026-04-05,STEAMBOAT,BOATS,0,4,1
283,2026-04-05,FERRY,BOATS,0,4,4
283,2026-04-05,TUG,BOATS,0,2,3
283,2026-04-05,SHELL,BOATS,0,1,3
283,2026-04-05,TABLE,WORDS MEANING EAT,1,1,1
283,2026-04-05,EXHAUST,WORDS MEANING EAT,1,3,2
283,2026-04-05,SNACK,WORDS MEANING EAT,1,2,2
283,2026-04-05,SWALLOW,WORDS MEANING EAT,1,3,4
283,2026-04-05,COTTAGE,ASSOCIATED WITH FARM,2,4,3
283,2026-04-05,BARN,ASSOCIATED WITH FARM,2,3,3
283,2026-04-05,ACRES,ASSOCIATED WITH FARM,2,4,2
283,2026-04-05,BUILDINGS,ASSOCIATED WITH FARM,2,3,1
283,2026-04-05,DAY,___ LIGHT,3,1,2
283,2026-04-05,SUN,___ LIGHT,3,2,1
283,2026-04-05,MOON,___ LIGHT,3,1,4
283,2026-04-05,SEARCH,___ LIGHT,3,2,4
284,2026-04-05,MINUET,DANCES,0,4,4
284,2026-04-05,TANGO,DANCES,0,1,1
284,2026-04-05,STRIP,DANCES,0,2,3
284,2026-04-05,ADAGIO,DANCES,0,4,2
284,2026-04-05,LUXURIOUS,WORDS MEANING RICH,1,2,1
284,2026-04-05,GOOD,WORDS MEANING RICH,1,1,4
284,2026-04-05,FLUSH,WORDS MEANING RICH,1,2,2
284,2026-04-05,FAT,WORDS MEANING RICH,1,3,3
284,2026-04-05,EXHIBITED,WORDS RELATED TO COURAGE,2,3,1
284,2026-04-05,FASHION,WORDS RELATED TO COURAGE,2,3,4
284,2026-04-05,TENACITY,WORDS RELATED TO COURAGE,2,4,3
284,2026-04-05,HANG,WORDS RELATED TO COURAGE,2,2,4
284,2026-04-05,MINE,GOLD ___,3,1,2
284,2026-04-05,SMITH,GOLD ___,3,1,3
284,2026-04-05,FISH,GOLD ___,3,3,2
284,2026-04-05,FINCH,GOLD ___,3,4,1
285,2026-04-05,FOREHEAD,PARTS OF THE FACE,0,2,4
285,2026-04-05,FEATURE,PARTS OF THE FACE,0,1,3
285,2026-04-05,EYEBROW,PARTS OF THE FACE,0,3,4
285,2026-04-05,JOWL,PARTS OF THE FACE,0,4,2
285,2026-04-05,TRAVEL,WORDS MEANING MOVE,1,1,4
285,2026-04-05,RUN,WORDS MEANING MOVE,1,4,3
285,2026-04-05,PROCEED,WORDS MEANING MOVE,1,2,1
285,2026-04-05,PROCEEDING,WORDS MEANING MOVE,1,2,3
285,2026-04-05,RIM,GOES WITH PLATEAU,2,1,1
285,2026-04-05,REGION,GOES WITH PLATEAU,2,3,2
285,2026-04-05,UPLAND,GOES WITH PLATEAU,2,1,2
285,2026-04-05,HAD,GOES WITH PLATEAU,2,2,2
285,2026-04-05,MINE,___ FIELD,3,4,4
285,2026-04-05,HAY,___ FIELD,3,4,1
285,2026-04-05,WHEAT,___ FIELD,3,3,3
285,2026-04-05,BATTLE,___ FIELD,3,3,1
286,2026-04-05,STAND,FURNITURE,0,4,3
286,2026-04-05,BOOTH,FURNITURE,0,3,4
286,2026-04-05,BUNK,FURNITURE,0,1,3
286,2026-04-05,NEST,FURNITURE,0,4,1
286,2026-04-05,UNUSED,WORDS MEANING CLEAN,1,1,4
286,2026-04-05,ANTISEPTIC,WORDS MEANING CLEAN,1,3,2
286,2026-04-05,SPORTING,WORDS MEANING CLEAN,1,1,2
286,2026-04-05,FRESH,WORDS MEANING CLEAN,1,4,2
286,2026-04-05,DONATION,ASSOCIATED WITH BLOOD,2,2,3
286,2026-04-05,DIABETES,ASSOCIATED WITH BLOOD,2,2,1
286,2026-04-05,DONOR,ASSOCIATED WITH BLOOD,2,3,3
286,2026-04-05,CELLS,ASSOCIATED WITH BLOOD,2,4,4
286,2026-04-05,OLD,DIFFER BY ONE LETTER FROM 'COLD',3,1,1
286,2026-04-05,HOLD,DIFFER BY ONE LETTER FROM 'COLD',3,3,1
286,2026-04-05,MOLD,DIFFER BY ONE LETTER FROM 'COLD',3,2,4
286,2026-04-05,TOLD,DIFFER BY ONE LETTER FROM 'COLD',3,2,2
287,2026-04-05,COUCH,VEHICLES,0,3,2
287,2026-04-05,PAINT,VEHICLES,0,4,3
287,2026-04-05,PRIMING,VEHICLES,0,2,3
287,2026-04-05,LATEX,VEHICLES,0,3,1
287,2026-04-05,HAUL,WORDS MEANING PULL,1,3,4
287,2026-04-05,STROKE,WORDS MEANING PULL,1,2,2
287,2026-04-05,COMMIT,WORDS MEANING PULL,1,1,4
287,2026-04-05,LIFT,WORDS MEANING PULL,1,1,2
287,2026-04-05,SCULPTURE,ASSOCIATED WITH GARDEN,2,3,3
287,2026-04-05,SHRUBS,ASSOCIATED WITH GARDEN,2,1,3
287,2026-04-05,PALACE,ASSOCIATED WITH GARDEN,2,2,1
287,2026-04-05,FRUIT,ASSOCIATED WITH GARDEN,2,4,4
287,2026-04-05,GUEST,___ BOOK,3,1,1
287,2026-04-05,SCORE,___ BOOK,3,4,1
287,2026-04-05,COPY,___ BOOK,3,4,2
287,2026-04-05,PAY,___ BOOK,3,2,4
288,2026-04-05,CARAWAY,SPICES,0,4,4
288,2026-04-05,GINGER,SPICES,0,2,2
288,2026-04-05,NUTMEG,SPICES,0,2,3
288,2026-04-05,FENNEL,SPICES,0,3,3
288,2026-04-05,RESUME,WORDS MEANING BEGIN,1,3,2
288,2026-04-05,KICKS,WORDS MEANING BEGIN,1,4,3
288,2026-04-05,MOVE,WORDS MEANING BEGIN,1,4,1
288,2026-04-05,FIRST,WORDS MEANING BEGIN,1,1,3
288,2026-04-05,CHARITY,ASSOCIATED WITH HUMILITY,2,1,4
288,2026-04-05,RESPECT,ASSOCIATED WITH HUMILITY,2,1,1
288,2026-04-05,HAPPINESS,ASSOCIATED WITH HUMILITY,2,4,2
288,2026-04-05,GOD,ASSOCIATED WITH HUMILITY,2,2,4
288,2026-04-05,CHANGE,SHORT ___,3,2,1
288,2026-04-05,FALL,SHORT ___,3,3,1
288,2026-04-05,CAKE,SHORT ___,3,3,4
288,2026-04-05,HAND,SHORT ___,3,1,2
289,2026-04-05,HELM,PARTS OF A SHIP,0,1,2
289,2026-04-05,SCREW,PARTS OF A SHIP,0,2,2
289,2026-04-05,SHEET,PARTS OF A SHIP,0,3,1
289,2026-04-05,BULWARK,PARTS OF A SHIP,0,2,4
289,2026-04-05,COURSE,WORDS MEANING RUN,1,4,3
289,2026-04-05,TEND,WORDS MEANING RUN,1,2,1
289,2026-04-05,WORK,WORDS MEANING RUN,1,3,4
289,2026-04-05,INCLINE,WORDS MEANING RUN,1,4,2
289,2026-04-05,PIPES,ASSOCIATED WITH HEAT,2,1,3
289,2026-04-05,TRANSFER,ASSOCIATED WITH HEAT,2,2,3
289,2026-04-05,WAVE,ASSOCIATED WITH HEAT,2,3,3
289,2026-04-05,WIND,ASSOCIATED WITH HEAT,2,1,4
289,2026-04-05,DOWN,___ FALL,3,4,4
289,2026-04-05,RAIN,___ FALL,3,3,2
289,2026-04-05,LAND,___ FALL,3,1,1
289,2026-04-05,FREE,___ FALL,3,4,1
290,2026-04-05,SKIING,SPORTS,0,1,4
290,2026-04-05,BATHE,SPORTS,0,1,3
290,2026-04-05,DIP,SPORTS,0,2,4
290,2026-04-05,SQUASH,SPORTS,0,3,4
290,2026-04-05,YIELDING,WORDS MEANING SOFT,1,2,1
290,2026-04-05,INDULGENT,WORDS MEANING SOFT,1,3,1
290,2026-04-05,LIGHT,WORDS MEANING SOFT,1,4,1
290,2026-04-05,EASY,WORDS MEANING SOFT,1,2,2
290,2026-04-05,NAVAL,WORDS RELATED TO WAR,2,4,4
290,2026-04-05,NAZI,WORDS RELATED TO WAR,2,4,3
290,2026-04-05,SUCCESSION,WORDS RELATED TO WAR,2,3,3
290,2026-04-05,CRIMES,WORDS RELATED TO WAR,2,4,2
290,2026-04-05,DRINK,CONTAINS 'INK',3,2,3
290,2026-04-05,BLINK,CONTAINS 'INK',3,3,2
290,2026-04-05,THINK,CONTAINS 'INK',3,1,2
290,2026-04-05,RINK,CONTAINS 'INK',3,1,1
291,2026-04-05,CLOG,DANCES,0,3,1
291,2026-04-05,SHIMMY,DANCES,0,4,2
291,2026-04-05,JIG,DANCES,0,4,4
291,2026-04-05,MINUET,DANCES,0,2,2
291,2026-04-05,SMILING,WORDS MEANING LAUGH,1,3,3
291,2026-04-05,COMEDY,WORDS MEANING LAUGH,1,4,1
291,2026-04-05,CATFISH,WORDS MEANING LAUGH,1,1,2
291,2026-04-05,AMUSEMENT,WORDS MEANING LAUGH,1,2,3
291,2026-04-05,DEEPEST,ASSOCIATED WITH CAVE,2,3,2
291,2026-04-05,DRAWINGS,ASSOCIATED WITH CAVE,2,4,3
291,2026-04-05,ART,ASSOCIATED WITH CAVE,2,1,1
291,2026-04-05,BAD,ASSOCIATED WITH CAVE,2,1,3
291,2026-04-05,SURF,___ BOARD,3,2,1
291,2026-04-05,BLACK,___ BOARD,3,1,4
291,2026-04-05,BASE,___ BOARD,3,2,4
291,2026-04-05,SIDE,___ BOARD,3,3,4
292,2026-04-05,NUDE,PAINTING STYLES,0,4,1
292,2026-04-05,FRESCO,PAINTING STYLES,0,4,2
292,2026-04-05,WASH,PAINTING STYLES,0,4,3
292,2026-04-05,LANDSCAPE,PAINTING STYLES,0,3,1
292,2026-04-05,DUSKY,WORDS MEANING DARK,1,2,3
292,2026-04-05,SULLEN,WORDS MEANING DARK,1,2,1
292,2026-04-05,WICKEDNESS,WORDS MEANING DARK,1,2,2
292,2026-04-05,CONCEALED,WORDS MEANING DARK,1,3,3
292,2026-04-05,PAIN,ASSOCIATED WITH JOY,2,4,4
292,2026-04-05,HAPPINESS,ASSOCIATED WITH JOY,2,3,2
292,2026-04-05,SADNESS,ASSOCIATED WITH JOY,2,1,2
292,2026-04-05,PLEASURE,ASSOCIATED WITH JOY,2,3,4
292,2026-04-05,BANK,BLOOD ___,3,1,3
292,2026-04-05,STREAM,BLOOD ___,3,2,4
292,2026-04-05,HOUND,BLOOD ___,3,1,4
292,2026-04-05,BATH,BLOOD ___,3,1,1
293,2026-04-05,PERIPHERAL,COMPUTER PARTS,0,3,2
293,2026-04-05,STORAGE,COMPUTER PARTS,0,3,1
293,2026-04-05,MONITOR,COMPUTER PARTS,0,4,4
293,2026-04-05,BUS,COMPUTER PARTS,0,2,4
293,2026-04-05,HANG,WORDS MEANING FALL,1,2,3
293,2026-04-05,DIMINISH,WORDS MEANING FALL,1,3,4
293,2026-04-05,FLOW,WORDS MEANING FALL,1,1,1
293,2026-04-05,PASS,WORDS MEANING FALL,1,2,1
293,2026-04-05,THERE,GOES WITH TIME,2,1,2
293,2026-04-05,REQUIRED,GOES WITH TIME,2,1,4
293,2026-04-05,PERIOD,GOES WITH TIME,2,4,2
293,2026-04-05,WILL,GOES WITH TIME,2,3,3
293,2026-04-05,COURT,___ SHIP,3,4,3
293,2026-04-05,FELLOW,___ SHIP,3,2,2
293,2026-04-05,GUN,___ SHIP,3,1,3
293,2026-04-05,FRIEND,___ SHIP,3,4,1
294,2026-04-05,DIVING,SPORTS,0,4,1
294,2026-04-05,SWIM,SPORTS,0,2,2
294,2026-04-05,SQUASH,SPORTS,0,1,3
294,2026-04-05,ATHLETICS,SPORTS,0,1,2
294,2026-04-05,VELVETY,WORDS MEANING SOFT,1,1,4
294,2026-04-05,QUIET,WORDS MEANING SOFT,1,4,3
294,2026-04-05,BRUSHED,WORDS MEANING SOFT,1,3,3
294,2026-04-05,YIELDING,WORDS MEANING SOFT,1,2,1
294,2026-04-05,FRONT,WORDS RELATED TO WAR,2,3,1
294,2026-04-05,ENLISTED,WORDS RELATED TO WAR,2,3,2
294,2026-04-05,OFFENSIVE,WORDS RELATED TO WAR,2,4,4
294,2026-04-05,STRIFE,WORDS RELATED TO WAR,2,2,4
294,2026-04-05,FRIEND,CONTAINS 'END',3,3,4
294,2026-04-05,SPEND,CONTAINS 'END',3,2,3
294,2026-04-05,DEFEND,CONTAINS 'END',3,4,2
294,2026-04-05,BLEND,CONTAINS 'END',3,1,1
295,2026-04-05,PUMP,TYPES OF SHOES,0,4,3
295,2026-04-05,SPECTATOR,TYPES OF SHOES,0,2,2
295,2026-04-05,OXFORD,TYPES OF SHOES,0,4,1
295,2026-04-05,SNEAKER,TYPES OF SHOES,0,3,4
295,2026-04-05,SUFFERING,WORDS MEANING SAD,1,4,4
295,2026-04-05,MOROSE,WORDS MEANING SAD,1,2,3
295,2026-04-05,PITIFUL,WORDS MEANING SAD,1,3,3
295,2026-04-05,NOSTALGIC,WORDS MEANING SAD,1,4,2
295,2026-04-05,VISION,ASSOCIATED WITH NIGHT,2,1,1
295,2026-04-05,SKY,ASSOCIATED WITH NIGHT,2,3,1
295,2026-04-05,BED,ASSOCIATED WITH NIGHT,2,2,4
295,2026-04-05,SHIFT,ASSOCIATED WITH NIGHT,2,1,2
295,2026-04-05,POWER,___ HOUSE,3,2,1
295,2026-04-05,WORK,___ HOUSE,3,1,3
295,2026-04-05,GREEN,___ HOUSE,3,3,2
295,2026-04-05,TOWN,___ HOUSE,3,1,4
296,2026-04-05,TANGO,DANCES,0,3,3
296,2026-04-05,CLOG,DANCES,0,4,1
296,2026-04-05,PHRASE,DANCES,0,2,3
296,2026-04-05,TWIST,DANCES,0,1,3
296,2026-04-05,NASTY,WORDS MEANING ANGRY,1,4,2
296,2026-04-05,UNRULY,WORDS MEANING ANGRY,1,1,2
296,2026-04-05,INDIGNANT,WORDS MEANING ANGRY,1,3,4
296,2026-04-05,UNHEALTHY,WORDS MEANING ANGRY,1,1,4
296,2026-04-05,CONFESSION,ASSOCIATED WITH FORGIVENESS,2,4,4
296,2026-04-05,JESUS,ASSOCIATED WITH FORGIVENESS,2,1,1
296,2026-04-05,CHRIST,ASSOCIATED WITH FORGIVENESS,2,3,1
296,2026-04-05,COMPASSION,ASSOCIATED WITH FORGIVENESS,2,4,3
296,2026-04-05,BIRD,BLACK ___,3,2,1
296,2026-04-05,BERRY,BLACK ___,3,3,2
296,2026-04-05,SMITH,BLACK ___,3,2,4
296,2026-04-05,HOLE,BLACK ___,3,2,2
297,2026-04-05,ARM,BODY PARTS,0,2,4
297,2026-04-05,CAVITY,BODY PARTS,0,4,3
297,2026-04-05,LEG,BODY PARTS,0,2,2
297,2026-04-05,TRUNK,BODY PARTS,0,3,4
297,2026-04-05,RICH,WORDS MEANING DEEP,1,4,1
297,2026-04-05,MYSTERIOUS,WORDS MEANING DEEP,1,1,1
297,2026-04-05,THICK,WORDS MEANING DEEP,1,4,2
297,2026-04-05,BASS,WORDS MEANING DEEP,1,2,3
297,2026-04-05,CORNER,ASSOCIATED WITH TOWER,2,3,3
297,2026-04-05,LANDMARK,ASSOCIATED WITH TOWER,2,1,3
297,2026-04-05,WALLS,ASSOCIATED WITH TOWER,2,1,4
297,2026-04-05,SPIRE,ASSOCIATED WITH TOWER,2,4,4
297,2026-04-05,WIND,CROSS ___,3,3,1
297,2026-04-05,BREED,CROSS ___,3,2,1
297,2026-04-05,ROAD,CROSS ___,3,1,2
297,2026-04-05,WORD,CROSS ___,3,3,2
298,2026-04-05,ENVELOPE,TYPES OF BAGS,0,2,4
298,2026-04-05,SACK,TYPES OF BAGS,0,1,2
298,2026-04-05,SKIN,TYPES OF BAGS,0,3,1
298,2026-04-05,DUFFEL,TYPES OF BAGS,0,1,4
298,2026-04-05,UNSTAINED,WORDS MEANING CLEAN,1,2,3
298,2026-04-05,ANTISEPTIC,WORDS MEANING CLEAN,1,1,3
298,2026-04-05,CLEAR,WORDS MEANING CLEAN,1,4,2
298,2026-04-05,PRISTINE,WORDS MEANING CLEAN,1,3,2
298,2026-04-05,OPERATIONS,ASSOCIATED WITH THEATER,2,4,4
298,2026-04-05,DANCE,ASSOCIATED WITH THEATER,2,3,3
298,2026-04-05,PLAYS,ASSOCIATED WITH THEATER,2,4,3
298,2026-04-05,MUSICAL,ASSOCIATED WITH THEATER,2,4,1
298,2026-04-05,LEVEL,PALINDROMES,3,1,1
298,2026-04-05,REVIVER,PALINDROMES,3,2,2
298,2026-04-05,DETARTRATED,PALINDROMES,3,2,1
298,2026-04-05,STATS,PALINDROMES,3,3,4
299,2026-04-05,GROUND,VEHICLES,0,3,3
299,2026-04-05,OIL,VEHICLES,0,4,4
299,2026-04-05,COUCH,VEHICLES,0,2,1
299,2026-04-05,LATEX,VEHICLES,0,3,4
299,2026-04-05,PLUMB,WORDS MEANING CLEAN,1,4,3
299,2026-04-05,UNSTAINED,WORDS MEANING CLEAN,1,1,1
299,2026-04-05,LIGHT,WORDS MEANING CLEAN,1,3,1
299,2026-04-05,NEAT,WORDS MEANING CLEAN,1,4,2
299,2026-04-05,TRUE,ASSOCIATED WITH DREAM,2,2,4
299,2026-04-05,CHRONICLES,ASSOCIATED WITH DREAM,2,2,2
299,2026-04-05,NIGHTMARE,ASSOCIATED WITH DREAM,2,1,2
299,2026-04-05,COME,ASSOCIATED WITH DREAM,2,3,2
299,2026-04-05,CHURCH,___ YARD,3,4,1
299,2026-04-05,DOOR,___ YARD,3,1,4
299,2026-04-05,RAIL,___ YARD,3,2,3
299,2026-04-05,GRAVE,___ YARD,3,1,3
300,2026-04-05,HUSKY,DOG BREEDS,0,1,2
300,2026-04-05,COLLIE,DOG BREEDS,0,4,4
300,2026-04-05,WATCHDOG,DOG BREEDS,0,4,2
300,2026-04-05,TERRIER,DOG BREEDS,0,3,3
300,2026-04-05,SHADOW,WORDS MEANING DARK,1,2,1
300,2026-04-05,BLACK,WORDS MEANING DARK,1,2,4
300,2026-04-05,MOROSE,WORDS MEANING DARK,1,2,3
300,2026-04-05,GLOOMY,WORDS MEANING DARK,1,3,1
300,2026-04-05,FEAR,ASSOCIATED WITH ANGER,2,4,3
300,2026-04-05,EMOTIONS,ASSOCIATED WITH ANGER,2,1,4
300,2026-04-05,DESIRE,ASSOCIATED WITH ANGER,2,1,1
300,2026-04-05,AGGRESSION,ASSOCIATED WITH ANGER,2,3,4
300,2026-04-05,GOWN,NIGHT ___,3,3,2
300,2026-04-05,SHADE,NIGHT ___,3,4,1
300,2026-04-05,CLUB,NIGHT ___,3,1,3
300,2026-04-05,FALL,NIGHT ___,3,2,2
301,2026-04-05,METALLIC,FABRICS,0,4,2
301,2026-04-05,LINEN,FABRICS,0,3,3
301,2026-04-05,LINT,FABRICS,0,2,4
301,2026-04-05,POLYESTER,FABRICS,0,4,4
301,2026-04-05,SHOULD,WORDS MEANING THINK,1,1,2
301,2026-04-05,SUGGEST,WORDS MEANING THINK,1,4,1
301,2026-04-05,REMIND,WORDS MEANING THINK,1,2,1
301,2026-04-05,CRITICALLY,WORDS MEANING THINK,1,3,4
301,2026-04-05,MARKETING,ASSOCIATED WITH MARKET,2,2,2
301,2026-04-05,EXCHANGE,ASSOCIATED WITH MARKET,2,3,2
301,2026-04-05,STALLS,ASSOCIATED WITH MARKET,2,3,1
301,2026-04-05,GOODS,ASSOCIATED WITH MARKET,2,1,1
301,2026-04-05,KEY,___ BOARD,3,1,3
301,2026-04-05,SIDE,___ BOARD,3,4,3
301,2026-04-05,BODY,___ BOARD,3,1,4
301,2026-04-05,SKATE,___ BOARD,3,2,3
302,2026-04-05,BLEAK,FISH,0,4,3
302,2026-04-05,SALMON,FISH,0,1,3
302,2026-04-05,PIKE,FISH,0,4,1
302,2026-04-05,BASS,FISH,0,2,4
302,2026-04-05,AMUSE,WORDS MEANING LAUGH,1,1,2
302,2026-04-05,MICE,WORDS MEANING LAUGH,1,2,2
302,2026-04-05,STUFFING,WORDS MEANING LAUGH,1,4,4
302,2026-04-05,SMILING,WORDS MEANING LAUGH,1,2,1
302,2026-04-05,DIGNITY,ASSOCIATED WITH COMPASSION,2,3,4
302,2026-04-05,SENTIENT,ASSOCIATED WITH COMPASSION,2,3,1
302,2026-04-05,FEELING,ASSOCIATED WITH COMPASSION,2,4,2
302,2026-04-05,WELFARE,ASSOCIATED WITH COMPASSION,2,1,1
302,2026-04-05,WARD,WIND ___,3,1,4
302,2026-04-05,SHIELD,WIND ___,3,2,3
302,2026-04-05,SCREEN,WIND ___,3,3,3
302,2026-04-05,MILL,WIND ___,3,3,2
303,2026-04-05,HOOD,CAR PARTS,0,4,3
303,2026-04-05,GUN,CAR PARTS,0,3,2
303,2026-04-05,BUMPER,CAR PARTS,0,2,1
303,2026-04-05,THIRD,CAR PARTS,0,2,2
303,2026-04-05,MINOR,WORDS MEANING SMALL,1,2,3
303,2026-04-05,LITTLE,WORDS MEANING SMALL,1,3,3
303,2026-04-05,HUMBLE,WORDS MEANING SMALL,1,1,2
303,2026-04-05,MODEST,WORDS MEANING SMALL,1,2,4
303,2026-04-05,WOOD,ASSOCIATED WITH STONE,2,4,1
303,2026-04-05,ROSES,ASSOCIATED WITH STONE,2,4,4
303,2026-04-05,SLAB,ASSOCIATED WITH STONE,2,1,3
303,2026-04-05,WALLS,ASSOCIATED WITH STONE,2,4,2
303,2026-04-05,DAY,___ TIME,3,1,1
303,2026-04-05,PART,___ TIME,3,3,4
303,2026-04-05,FULL,___ TIME,3,3,1
303,2026-04-05,SPRING,___ TIME,3,1,4
304,2026-04-05,CAT,INSTRUMENTS,0,4,4
304,2026-04-05,ENGINE,INSTRUMENTS,0,4,3
304,2026-04-05,SHAFT,INSTRUMENTS,0,1,1
304,2026-04-05,LANCE,INSTRUMENTS,0,3,3
304,2026-04-05,DREAMY,WORDS MEANING QUIET,1,2,4
304,2026-04-05,CALM,WORDS MEANING QUIET,1,3,4
304,2026-04-05,TACIT,WORDS MEANING QUIET,1,4,1
304,2026-04-05,SERENE,WORDS MEANING QUIET,1,2,3
304,2026-04-05,MATERIALS,WORDS RELATED TO LIBRARY,2,2,2
304,2026-04-05,AUDITORIUM,WORDS RELATED TO LIBRARY,2,1,4
304,2026-04-05,LAB,WORDS RELATED TO LIBRARY,2,3,2
304,2026-04-05,BOOK,WORDS RELATED TO LIBRARY,2,1,2
304,2026-04-05,SERVICE,CONTAINS 'ICE',3,3,1
304,2026-04-05,CHOICE,CONTAINS 'ICE',3,4,2
304,2026-04-05,OFFICE,CONTAINS 'ICE',3,1,3
304,2026-04-05,SLICE,CONTAINS 'ICE',3,2,1
305,2026-04-05,EBONY,TREES,0,4,4
305,2026-04-05,LINDEN,TREES,0,4,3
305,2026-04-05,BIRCH,TREES,0,2,4
305,2026-04-05,WILLOW,TREES,0,1,2
305,2026-04-05,BEAU,WORDS MEANING BEAUTIFUL,1,4,2
305,2026-04-05,ENJOYABLE,WORDS MEANING BEAUTIFUL,1,2,2
305,2026-04-05,ELEGANT,WORDS MEANING BEAUTIFUL,1,2,1
305,2026-04-05,FANCY,WORDS MEANING BEAUTIFUL,1,1,1
305,2026-04-05,FLUID,ASSOCIATED WITH BLOOD,2,1,3
305,2026-04-05,LUNGS,ASSOCIATED WITH BLOOD,2,3,2
305,2026-04-05,POISONING,ASSOCIATED WITH BLOOD,2,3,1
305,2026-04-05,PRESSURE,ASSOCIATED WITH BLOOD,2,3,4
305,2026-04-05,HEAD,___ STONE,3,3,3
305,2026-04-05,GOLD,___ STONE,3,4,1
305,2026-04-05,GRAVE,___ STONE,3,2,3
305,2026-04-05,KEY,___ STONE,3,1,4
306,2026-04-05,RICE,GRAINS,0,4,1
306,2026-04-05,CORN,GRAINS,0,3,2
306,2026-04-05,GRIST,GRAINS,0,4,2
306,2026-04-05,WHEAT,GRAINS,0,3,3
306,2026-04-05,CHILLY,WORDS MEANING COLD,1,2,1
306,2026-04-05,RAW,WORDS MEANING COLD,1,1,2
306,2026-04-05,DEAD,WORDS MEANING COLD,1,2,4
306,2026-04-05,COOL,WORDS MEANING COLD,1,2,3
306,2026-04-05,CHRIST,WORDS RELATED TO FORGIVENESS,2,4,3
306,2026-04-05,TELLS,WORDS RELATED TO FORGIVENESS,2,3,4
306,2026-04-05,TRUTH,WORDS RELATED TO FORGIVENESS,2,2,2
306,2026-04-05,MERCY,WORDS RELATED TO FORGIVENESS,2,4,4
306,2026-04-05,LINE,BLOOD ___,3,3,1
306,2026-04-05,SHOT,BLOOD ___,3,1,1
306,2026-04-05,BANK,BLOOD ___,3,1,3
306,2026-04-05,STREAM,BLOOD ___,3,1,4
307,2026-04-05,KEYBOARD,COMPUTER PARTS,0,3,2
307,2026-04-05,HARDWARE,COMPUTER PARTS,0,1,1
307,2026-04-05,BUS,COMPUTER PARTS,0,4,4
307,2026-04-05,STORE,COMPUTER PARTS,0,1,2
307,2026-04-05,FAIR,WORDS MEANING HONEST,1,2,4
307,2026-04-05,RELIABLE,WORDS MEANING HONEST,1,2,2
307,2026-04-05,DEPENDABLE,WORDS MEANING HONEST,1,3,1
307,2026-04-05,GOOD,WORDS MEANING HONEST,1,1,4
307,2026-04-05,ENSEMBLE,ASSOCIATED WITH THEATER,2,3,3
307,2026-04-05,DRAMA,ASSOCIATED WITH THEATER,2,2,3
307,2026-04-05,WORKSHOP,ASSOCIATED WITH THEATER,2,2,1
307,2026-04-05,MUSICAL,ASSOCIATED WITH THEATER,2,1,3
307,2026-04-05,STROKE,BACK ___,3,4,3
307,2026-04-05,DROP,BACK ___,3,3,4
307,2026-04-05,BONE,BACK ___,3,4,1
307,2026-04-05,PACK,BACK ___,3,4,2
308,2026-04-05,PLASMA,GEMS,0,2,1
308,2026-04-05,TURQUOISE,GEMS,0,3,2
308,2026-04-05,ADAMANT,GEMS,0,4,1
308,2026-04-05,DIAMOND,GEMS,0,2,2
308,2026-04-05,MARCHING,WORDS MEANING WALK,1,1,2
308,2026-04-05,JOURNEY,WORDS MEANING WALK,1,4,2
308,2026-04-05,RIDE,WORDS MEANING WALK,1,1,4
308,2026-04-05,HIKE,WORDS MEANING WALK,1,4,4
308,2026-04-05,KILLING,WORDS RELATED TO SACRIFICE,2,3,4
308,2026-04-05,GIVE,WORDS RELATED TO SACRIFICE,2,1,3
308,2026-04-05,PAIN,WORDS RELATED TO SACRIFICE,2,3,3
308,2026-04-05,APPEASE,WORDS RELATED TO SACRIFICE,2,1,1
308,2026-04-05,BEAR,COULD BE ANIMAL OR VERB,3,2,3
308,2026-04-05,CRANE,COULD BE ANIMAL OR VERB,3,2,4
308,2026-04-05,HAWK,COULD BE ANIMAL OR VERB,3,4,3
308,2026-04-05,BAT,COULD BE ANIMAL OR VERB,3,3,1
309,2026-04-05,NESTER,BIRDS,0,4,3
309,2026-04-05,ROLLER,BIRDS,0,4,1
309,2026-04-05,AMAZON,BIRDS,0,3,4
309,2026-04-05,POLL,BIRDS,0,2,4
309,2026-04-05,FRIVOLOUS,WORDS MEANING SHALLOW,1,1,3
309,2026-04-05,GOLLY,WORDS MEANING SHALLOW,1,2,1
309,2026-04-05,LIGHT,WORDS MEANING SHALLOW,1,4,2
309,2026-04-05,LITTLE,WORDS MEANING SHALLOW,1,3,3
309,2026-04-05,GANG,ASSOCIATED WITH PRISON,2,3,2
309,2026-04-05,GUILTY,ASSOCIATED WITH PRISON,2,1,4
309,2026-04-05,PAROLE,ASSOCIATED WITH PRISON,2,2,3
309,2026-04-05,UNTIL,ASSOCIATED WITH PRISON,2,3,1
309,2026-04-05,MUD,___ STONE,3,4,4
309,2026-04-05,MILL,___ STONE,3,1,1
309,2026-04-05,GRAVE,___ STONE,3,1,2
309,2026-04-05,HEAD,___ STONE,3,2,2
310,2026-04-05,PICTURE,PAINTING STYLES,0,3,4
310,2026-04-05,CANVASS,PAINTING STYLES,0,3,2
310,2026-04-05,NUDE,PAINTING STYLES,0,1,1
310,2026-04-05,MINIATURE,PAINTING STYLES,0,3,1
310,2026-04-05,RESPOND,WORDS MEANING SPEAK,1,4,1
310,2026-04-05,INTERVENE,WORDS MEANING SPEAK,1,4,3
310,2026-04-05,VOICE,WORDS MEANING SPEAK,1,2,1
310,2026-04-05,ASK,WORDS MEANING SPEAK,1,3,3
310,2026-04-05,DIGNITY,ASSOCIATED WITH COMPASSION,2,1,3
310,2026-04-05,QUALITIES,ASSOCIATED WITH COMPASSION,2,2,3
310,2026-04-05,HUMANITY,ASSOCIATED WITH COMPASSION,2,4,4
310,2026-04-05,PAIN,ASSOCIATED WITH COMPASSION,2,1,2
310,2026-04-05,PLOW,SNOW ___,3,2,4
310,2026-04-05,FALL,SNOW ___,3,4,2
310,2026-04-05,BALL,SNOW ___,3,1,4
310,2026-04-05,BOARD,SNOW ___,3,2,2
311,2026-04-05,FEATURE,PARTS OF THE FACE,0,1,1
311,2026-04-05,BEARD,PARTS OF THE FACE,0,2,2
311,2026-04-05,NOSE,PARTS OF THE FACE,0,2,4
311,2026-04-05,MOUTH,PARTS OF THE FACE,0,4,2
311,2026-04-05,BLANKET,WORDS MEANING WIDE,1,2,1
311,2026-04-05,SPACIOUS,WORDS MEANING WIDE,1,4,4
311,2026-04-05,FULL,WORDS MEANING WIDE,1,3,2
311,2026-04-05,EXTENSIVE,WORDS MEANING WIDE,1,3,3
311,2026-04-05,BASIN,ASSOCIATED WITH OCEAN,2,2,3
311,2026-04-05,OFFSHORE,ASSOCIATED WITH OCEAN,2,4,1
311,2026-04-05,CORAL,ASSOCIATED WITH OCEAN,2,3,4
311,2026-04-05,ESCORT,ASSOCIATED WITH OCEAN,2,1,4
311,2026-04-05,SNOW,___ BOARD,3,1,3
311,2026-04-05,FLAP,___ BOARD,3,4,3
311,2026-04-05,BODY,___ BOARD,3,1,2
311,2026-04-05,CHECK,___ BOARD,3,3,1
312,2026-04-05,CLAM,CURRENCIES,0,1,2
312,2026-04-05,CASH,CURRENCIES,0,2,1
312,2026-04-05,CROWN,CURRENCIES,0,4,3
312,2026-04-05,QUARTER,CURRENCIES,0,4,4
312,2026-04-05,PERCEIVE,WORDS MEANING THINK,1,2,2
312,2026-04-05,BELIEVE,WORDS MEANING THINK,1,3,2
312,2026-04-05,THAT,WORDS MEANING THINK,1,2,3
312,2026-04-05,IMAGINE,WORDS MEANING THINK,1,4,1
312,2026-04-05,LOCATION,WORDS RELATED TO SPACE,2,3,1
312,2026-04-05,EARTH,WORDS RELATED TO SPACE,2,3,4
312,2026-04-05,BLANK,WORDS RELATED TO SPACE,2,4,2
312,2026-04-05,SITE,WORDS RELATED TO SPACE,2,1,1
312,2026-04-05,RADAR,PALINDROMES,3,3,3
312,2026-04-05,RACECAR,PALINDROMES,3,2,4
312,2026-04-05,REPAPER,PALINDROMES,3,1,3
312,2026-04-05,LEVEL,PALINDROMES,3,1,4
313,2026-04-05,QUIRT,INSTRUMENTS,0,3,3
313,2026-04-05,KNIFE,INSTRUMENTS,0,2,1
313,2026-04-05,COMPASS,INSTRUMENTS,0,1,4
313,2026-04-05,BRAND,INSTRUMENTS,0,1,3
313,2026-04-05,CHEW,WORDS MEANING EAT,1,3,4
313,2026-04-05,FORAGE,WORDS MEANING EAT,1,2,3
313,2026-04-05,DINE,WORDS MEANING EAT,1,4,3
313,2026-04-05,CHOW,WORDS MEANING EAT,1,3,1
313,2026-04-05,GROWTH,ASSOCIATED WITH JUNGLE,2,4,2
313,2026-04-05,WHICH,ASSOCIATED WITH JUNGLE,2,2,2
313,2026-04-05,BOOTS,ASSOCIATED WITH JUNGLE,2,1,2
313,2026-04-05,FOR,ASSOCIATED WITH JUNGLE,2,4,4
313,2026-04-05,STORY,___ LINE,3,4,1
313,2026-04-05,HEAD,___ LINE,3,2,4
313,2026-04-05,DEAD,___ LINE,3,3,2
313,2026-04-05,SHORE,___ LINE,3,1,1
314,2026-04-05,JUNK,BOATS,0,3,1
314,2026-04-05,TENDER,BOATS,0,3,4
314,2026-04-05,CRUISER,BOATS,0,2,4
314,2026-04-05,CANOE,BOATS,0,1,4
314,2026-04-05,SUPPRESS,WORDS MEANING HIDE,1,4,1
314,2026-04-05,OBLITERATE,WORDS MEANING HIDE,1,2,2
314,2026-04-05,FELL,WORDS MEANING HIDE,1,3,2
314,2026-04-05,COVER,WORDS MEANING HIDE,1,1,2
314,2026-04-05,STORIES,ASSOCIATED WITH WONDER,2,2,3
314,2026-04-05,FLASH,ASSOCIATED WITH WONDER,2,4,4
314,2026-04-05,TALES,ASSOCIATED WITH WONDER,2,4,2
314,2026-04-05,COMIC,ASSOCIATED WITH WONDER,2,2,1
314,2026-04-05,RISE,HIGH ___,3,4,3
314,2026-04-05,WAY,HIGH ___,3,1,3
314,2026-04-05,LIGHT,HIGH ___,3,1,1
314,2026-04-05,LAND,HIGH ___,3,3,3
315,2026-04-05,BUMPER,CAR PARTS,0,2,4
315,2026-04-05,LOW,CAR PARTS,0,3,4
315,2026-04-05,THIRD,CAR PARTS,0,1,3
315,2026-04-05,FIRST,CAR PARTS,0,4,4
315,2026-04-05,BLANKET,WORDS MEANING WIDE,1,2,2
315,2026-04-05,BROAD,WORDS MEANING WIDE,1,3,3
315,2026-04-05,EXTENSIVE,WORDS MEANING WIDE,1,4,1
315,2026-04-05,FULL,WORDS MEANING WIDE,1,3,1
315,2026-04-05,SHELF,ASSOCIATED WITH GLACIER,2,2,3
315,2026-04-05,BYRD,ASSOCIATED WITH GLACIER,2,2,1
315,2026-04-05,ALPS,ASSOCIATED WITH GLACIER,2,3,2
315,2026-04-05,NAUTICAL,ASSOCIATED WITH GLACIER,2,4,3
315,2026-04-05,GROUND,___ WORK,3,1,1
315,2026-04-05,ODD,___ WORK,3,1,2
315,2026-04-05,SOCIAL,___ WORK,3,1,4
315,2026-04-05,NET,___ WORK,3,4,2
316,2026-04-05,FRESCO,PAINTING STYLES,0,3,3
316,2026-04-05,CANVAS,PAINTING STYLES,0,2,1
316,2026-04-05,PICTURE,PAINTING STYLES,0,3,4
316,2026-04-05,MINIATURE,PAINTING STYLES,0,3,2
316,2026-04-05,HARD,WORDS MEANING ROUGH,1,2,2
316,2026-04-05,INEXACT,WORDS MEANING ROUGH,1,1,1
316,2026-04-05,LINED,WORDS MEANING ROUGH,1,4,4
316,2026-04-05,PIQUE,WORDS MEANING ROUGH,1,4,3
316,2026-04-05,COLD,ASSOCIATED WITH HEAT,2,1,2
316,2026-04-05,ENERGY,ASSOCIATED WITH HEAT,2,1,3
316,2026-04-05,RUNNERS,ASSOCIATED WITH HEAT,2,1,4
316,2026-04-05,MELTING,ASSOCIATED WITH HEAT,2,4,1
316,2026-04-05,JAIL,VOWEL PATTERN AI,3,2,3
316,2026-04-05,TRAIL,VOWEL PATTERN AI,3,3,1
316,2026-04-05,SAIL,VOWEL PATTERN AI,3,2,4
316,2026-04-05,NAIL,VOWEL PATTERN AI,3,4,2
317,2026-04-05,EAR,FRUITS,0,2,1
317,2026-04-05,PEAR,FRUITS,0,3,1
317,2026-04-05,HIP,FRUITS,0,4,1
317,2026-04-05,OLIVE,FRUITS,0,4,4
317,2026-04-05,SET,WORDS MEANING BEGIN,1,4,3
317,2026-04-05,BRING,WORDS MEANING BEGIN,1,1,4
317,2026-04-05,GET,WORDS MEANING BEGIN,1,2,2
317,2026-04-05,BECOME,WORDS MEANING BEGIN,1,3,4
317,2026-04-05,AMSTERDAM,ASSOCIATED WITH MUSEUM,2,2,4
317,2026-04-05,EXHIBITS,ASSOCIATED WITH MUSEUM,2,1,3
317,2026-04-05,OPENED,ASSOCIATED WITH MUSEUM,2,1,1
317,2026-04-05,OBJECTS,ASSOCIATED WITH MUSEUM,2,1,2
317,2026-04-05,WHIRL,___ POOL,3,4,2
317,2026-04-05,CAR,___ POOL,3,2,3
317,2026-04-05,GENE,___ POOL,3,3,3
317,2026-04-05,DEAD,___ POOL,3,3,2
318,2026-04-05,PAPRIKA,SPICES,0,4,1
318,2026-04-05,ANISE,SPICES,0,2,1
318,2026-04-05,PEPPER,SPICES,0,4,4
318,2026-04-05,CARAWAY,SPICES,0,4,3
318,2026-04-05,RACE,WORDS MEANING RUN,1,4,2
318,2026-04-05,TEST,WORDS MEANING RUN,1,2,3
318,2026-04-05,GUIDE,WORDS MEANING RUN,1,2,2
318,2026-04-05,RAM,WORDS MEANING RUN,1,3,3
318,2026-04-05,FLOWER,WORDS RELATED TO PASSION,2,3,1
318,2026-04-05,CREATIVITY,WORDS RELATED TO PASSION,2,1,2
318,2026-04-05,ZEAL,WORDS RELATED TO PASSION,2,1,1
318,2026-04-05,EMOTION,WORDS RELATED TO PASSION,2,3,2
318,2026-04-05,BOARD,SEA ___,3,2,4
318,2026-04-05,SHELL,SEA ___,3,3,4
318,2026-04-05,HORSE,SEA ___,3,1,3
318,2026-04-05,SIDE,SEA ___,3,1,4
319,2026-04-05,CAVITY,BODY PARTS,0,1,4
319,2026-04-05,FORK,BODY PARTS,0,2,2
319,2026-04-05,NECK,BODY PARTS,0,4,2
319,2026-04-05,TRUNK,BODY PARTS,0,3,4
319,2026-04-05,MUTED,WORDS MEANING QUIET,1,1,2
319,2026-04-05,RESTRAINED,WORDS MEANING QUIET,1,2,1
319,2026-04-05,TRANQUIL,WORDS MEANING QUIET,1,1,3
319,2026-04-05,HUSHED,WORDS MEANING QUIET,1,3,1
319,2026-04-05,YOU,GOES WITH NIGHT,2,1,1
319,2026-04-05,UNDER,GOES WITH NIGHT,2,4,1
319,2026-04-05,WERE,GOES WITH NIGHT,2,3,2
319,2026-04-05,BED,GOES WITH NIGHT,2,4,3
319,2026-04-05,COURT,___ SHIP,3,3,3
319,2026-04-05,HARD,___ SHIP,3,2,4
319,2026-04-05,FLAG,___ SHIP,3,2,3
319,2026-04-05,PARTNER,___ SHIP,3,4,4
320,2026-04-05,SNEAKER,TYPES OF SHOES,0,1,3
320,2026-04-05,FIN,TYPES OF SHOES,0,3,1
320,2026-04-05,PUMP,TYPES OF SHOES,0,2,1
320,2026-04-05,PLATFORM,TYPES OF SHOES,0,1,1
320,2026-04-05,DREADFUL,WORDS MEANING SAD,1,4,3
320,2026-04-05,DREARY,WORDS MEANING SAD,1,4,1
320,2026-04-05,DISMAL,WORDS MEANING SAD,1,2,3
320,2026-04-05,WISTFUL,WORDS MEANING SAD,1,2,4
320,2026-04-05,BUFFER,ASSOCIATED WITH MEMORY,2,4,2
320,2026-04-05,COMPUTERS,ASSOCIATED WITH MEMORY,2,1,4
320,2026-04-05,USAGE,ASSOCIATED WITH MEMORY,2,1,2
320,2026-04-05,STICK,ASSOCIATED WITH MEMORY,2,2,2
320,2026-04-05,MOLD,DIFFER BY ONE LETTER FROM 'COLD',3,4,4
320,2026-04-05,WOLD,DIFFER BY ONE LETTER FROM 'COLD',3,3,2
320,2026-04-05,BOLD,DIFFER BY ONE LETTER FROM 'COLD',3,3,4
320,2026-04-05,TOLD,DIFFER BY ONE LETTER FROM 'COLD',3,3,3
321,2026-04-05,DAS,MAMMALS,0,4,2
321,2026-04-05,COW,MAMMALS,0,1,4
321,2026-04-05,LIVESTOCK,MAMMALS,0,2,1
321,2026-04-05,RODENT,MAMMALS,0,4,3
321,2026-04-05,CRUEL,WORDS MEANING HARD,1,3,3
321,2026-04-05,VEXED,WORDS MEANING HARD,1,2,4
321,2026-04-05,TOUGH,WORDS MEANING HARD,1,1,2
321,2026-04-05,BAFFLING,WORDS MEANING HARD,1,2,3
321,2026-04-05,RATS,ASSOCIATED WITH DESERT,2,3,1
321,2026-04-05,IRAQ,ASSOCIATED WITH DESERT,2,4,1
321,2026-04-05,NEVADA,ASSOCIATED WITH DESERT,2,1,3
321,2026-04-05,PALM,ASSOCIATED WITH DESERT,2,3,4
321,2026-04-05,AIR,___ WAY,3,3,2
321,2026-04-05,RUN,___ WAY,3,2,2
321,2026-04-05,UNDER,___ WAY,3,1,1
321,2026-04-05,FREE,___ WAY,3,4,4
322,2026-04-05,EPHEMERAL,INSECTS,0,2,3
322,2026-04-05,LOUSE,INSECTS,0,3,1
322,2026-04-05,FLEA,INSECTS,0,1,3
322,2026-04-05,FLY,INSECTS,0,1,2
322,2026-04-05,CHOW,WORDS MEANING EAT,1,1,1
322,2026-04-05,DEVOUR,WORDS MEANING EAT,1,3,3
322,2026-04-05,BUFFET,WORDS MEANING EAT,1,3,4
322,2026-04-05,SUCK,WORDS MEANING EAT,1,3,2
322,2026-04-05,PETS,ASSOCIATED WITH WONDER,2,1,4
322,2026-04-05,TWINS,ASSOCIATED WITH WONDER,2,4,2
322,2026-04-05,WOMAN,ASSOCIATED WITH WONDER,2,4,3
322,2026-04-05,AMAZON,ASSOCIATED WITH WONDER,2,2,1
322,2026-04-05,CUFF,HAND ___,3,4,1
322,2026-04-05,STAND,HAND ___,3,4,4
322,2026-04-05,HOLD,HAND ___,3,2,2
322,2026-04-05,WORK,HAND ___,3,2,4
323,2026-04-05,TOP,PARTS OF A SHIP,0,2,4
323,2026-04-05,STERN,PARTS OF A SHIP,0,2,3
323,2026-04-05,BAY,PARTS OF A SHIP,0,1,1
323,2026-04-05,LOG,PARTS OF A SHIP,0,3,3
323,2026-04-05,KID,WORDS MEANING DECEIVE,1,3,1
323,2026-04-05,CHEAT,WORDS MEANING DECEIVE,1,1,4
323,2026-04-05,CON,WORDS MEANING DECEIVE,1,4,2
323,2026-04-05,FALSIFY,WORDS MEANING DECEIVE,1,4,3
323,2026-04-05,GUITAR,ASSOCIATED WITH STEEL,2,3,4
323,2026-04-05,WOODEN,ASSOCIATED WITH STEEL,2,4,1
323,2026-04-05,CARBON,ASSOCIATED WITH STEEL,2,2,2
323,2026-04-05,BRIDGES,ASSOCIATED WITH STEEL,2,4,4
323,2026-04-05,TOOTH,BLUE ___,3,2,1
323,2026-04-05,BERRY,BLUE ___,3,1,2
323,2026-04-05,BELL,BLUE ___,3,3,2
323,2026-04-05,BIRD,BLUE ___,3,1,3
324,2026-04-05,LIME,TREES,0,2,2
324,2026-04-05,LINDEN,TREES,0,2,1
324,2026-04-05,WILLOW,TREES,0,3,4
324,2026-04-05,BIRCH,TREES,0,2,4
324,2026-04-05,CURIOUS,WORDS MEANING STRANGE,1,3,1
324,2026-04-05,QUAINT,WORDS MEANING STRANGE,1,1,3
324,2026-04-05,UNIQUE,WORDS MEANING STRANGE,1,1,4
324,2026-04-05,EXOTIC,WORDS MEANING STRANGE,1,1,2
324,2026-04-05,STORAGE,ASSOCIATED WITH MEMORY,2,3,2
324,2026-04-05,INTERFACE,ASSOCIATED WITH MEMORY,2,1,1
324,2026-04-05,INPUT,ASSOCIATED WITH MEMORY,2,4,1
324,2026-04-05,VIRTUAL,ASSOCIATED WITH MEMORY,2,4,3
324,2026-04-05,TENET,PALINDROMES,3,4,4
324,2026-04-05,REPAPER,PALINDROMES,3,2,3
324,2026-04-05,DEED,PALINDROMES,3,4,2
324,2026-04-05,RACECAR,PALINDROMES,3,3,3
325,2026-04-05,LIME,TREES,0,4,4
325,2026-04-05,WILLOW,TREES,0,1,1
325,2026-04-05,CHESTNUT,TREES,0,4,1
325,2026-04-05,GUM,TREES,0,1,4
325,2026-04-05,LUNCH,WORDS MEANING EAT,1,4,2
325,2026-04-05,FEED,WORDS MEANING EAT,1,2,2
325,2026-04-05,MEAL,WORDS MEANING EAT,1,3,2
325,2026-04-05,SUCK,WORDS MEANING EAT,1,1,2
325,2026-04-05,WAVES,ASSOCIATED WITH LIGHT,2,2,1
325,2026-04-05,THE,ASSOCIATED WITH LIGHT,2,1,3
325,2026-04-05,SOURCE,ASSOCIATED WITH LIGHT,2,2,3
325,2026-04-05,VISIBLE,ASSOCIATED WITH LIGHT,2,2,4
325,2026-04-05,TIME,___ LINE,3,4,3
325,2026-04-05,LIFE,___ LINE,3,3,3
325,2026-04-05,CLOTHES,___ LINE,3,3,4
325,2026-04-05,BORDER,___ LINE,3,3,1
326,2026-04-05,PLASMA,GEMS,0,3,3
326,2026-04-05,EMERALD,GEMS,0,4,1
326,2026-04-05,CORAL,GEMS,0,3,4
326,2026-04-05,DIAMOND,GEMS,0,1,1
326,2026-04-05,LIFT,WORDS MEANING PULL,1,1,2
326,2026-04-05,THROW,WORDS MEANING PULL,1,1,4
326,2026-04-05,MOVE,WORDS MEANING PULL,1,1,3
326,2026-04-05,STRETCH,WORDS MEANING PULL,1,4,3
326,2026-04-05,AMENDMENT,ASSOCIATED WITH FREEDOM,2,2,1
326,2026-04-05,DEMOCRACY,ASSOCIATED WITH FREEDOM,2,3,2
326,2026-04-05,PRESS,ASSOCIATED WITH FREEDOM,2,2,3
326,2026-04-05,LIBERTY,ASSOCIATED WITH FREEDOM,2,4,2
326,2026-04-05,YARD,BACK ___,3,2,4
326,2026-04-05,DROP,BACK ___,3,2,2
326,2026-04-05,PACK,BACK ___,3,3,1
326,2026-04-05,SEAT,BACK ___,3,4,4
327,2026-04-05,STORE,COMPUTER PARTS,0,2,1
327,2026-04-05,STORAGE,COMPUTER PARTS,0,2,4
327,2026-04-05,PROCESSOR,COMPUTER PARTS,0,3,2
327,2026-04-05,PERIPHERAL,COMPUTER PARTS,0,1,4
327,2026-04-05,MODERN,WORDS MEANING NEW,1,4,3
327,2026-04-05,NOVEL,WORDS MEANING NEW,1,3,3
327,2026-04-05,RAW,WORDS MEANING NEW,1,1,2
327,2026-04-05,YOUNG,WORDS MEANING NEW,1,4,1
327,2026-04-05,SLOPE,ASSOCIATED WITH PLATEAU,2,2,2
327,2026-04-05,CANYON,ASSOCIATED WITH PLATEAU,2,1,3
327,2026-04-05,WATERSHED,ASSOCIATED WITH PLATEAU,2,1,1
327,2026-04-05,BOUNDED,ASSOCIATED WITH PLATEAU,2,3,4
327,2026-04-05,SAND,___ BOX,3,3,1
327,2026-04-05,MAIL,___ BOX,3,4,4
327,2026-04-05,LETTER,___ BOX,3,4,2
327,2026-04-05,POST,___ BOX,3,2,3
328,2026-04-05,CUTTER,BOATS,0,1,4
328,2026-04-05,LAUNCH,BOATS,0,4,1
328,2026-04-05,JUNK,BOATS,0,1,2
328,2026-04-05,DUGOUT,BOATS,0,1,1
328,2026-04-05,RIGOROUS,WORDS MEANING HARD,1,3,2
328,2026-04-05,DIFFICULT,WORDS MEANING HARD,1,1,3
328,2026-04-05,TALL,WORDS MEANING HARD,1,4,3
328,2026-04-05,FIRMLY,WORDS MEANING HARD,1,3,1
328,2026-04-05,WILDLIFE,ASSOCIATED WITH LAGOON,2,2,2
328,2026-04-05,MOUTH,ASSOCIATED WITH LAGOON,2,3,4
328,2026-04-05,PROTECTED,ASSOCIATED WITH LAGOON,2,4,4
328,2026-04-05,ENCLOSED,ASSOCIATED WITH LAGOON,2,4,2
328,2026-04-05,MURKY,ALL START WITH 'M',3,2,1
328,2026-04-05,MANOR,ALL START WITH 'M',3,2,4
328,2026-04-05,MORAL,ALL START WITH 'M',3,3,3
328,2026-04-05,MINOR,ALL START WITH 'M',3,2,3
329,2026-04-05,BOOKCASE,FURNITURE,0,4,4
329,2026-04-05,WARDROBE,FURNITURE,0,2,2
329,2026-04-05,TABLE,FURNITURE,0,1,1
329,2026-04-05,LAMP,FURNITURE,0,2,3
329,2026-04-05,TRY,WORDS MEANING FIND,1,3,2
329,2026-04-05,DISCOVERY,WORDS MEANING FIND,1,3,4
329,2026-04-05,DETERMINE,WORDS MEANING FIND,1,1,2
329,2026-04-05,RECEIVE,WORDS MEANING FIND,1,4,3
329,2026-04-05,SKATING,ASSOCIATED WITH SILVER,2,1,3
329,2026-04-05,STAR,ASSOCIATED WITH SILVER,2,2,4
329,2026-04-05,ZINC,ASSOCIATED WITH SILVER,2,2,1
329,2026-04-05,RELAY,ASSOCIATED WITH SILVER,2,4,1
329,2026-04-05,UNDER,___ WAY,3,1,4
329,2026-04-05,AIR,___ WAY,3,3,3
329,2026-04-05,PATH,___ WAY,3,3,1
329,2026-04-05,DRIVE,___ WAY,3,4,2
330,2026-04-05,PYTHON,SNAKES,0,2,4
330,2026-04-05,GARTER,SNAKES,0,3,4
330,2026-04-05,ANACONDA,SNAKES,0,4,2
330,2026-04-05,CORN,SNAKES,0,2,1
330,2026-04-05,SIZZLING,WORDS MEANING HOT,1,3,3
330,2026-04-05,SENSUAL,WORDS MEANING HOT,1,4,3
330,2026-04-05,BOILING,WORDS MEANING HOT,1,4,1
330,2026-04-05,TORRID,WORDS MEANING HOT,1,3,2
330,2026-04-05,PRIZE,ASSOCIATED WITH PEACE,2,1,2
330,2026-04-05,CONFLICT,ASSOCIATED WITH PEACE,2,3,1
330,2026-04-05,AGREEMENT,ASSOCIATED WITH PEACE,2,1,1
330,2026-04-05,HARMONY,ASSOCIATED WITH PEACE,2,1,3
330,2026-04-05,GOWN,NIGHT ___,3,4,4
330,2026-04-05,STAND,NIGHT ___,3,2,2
330,2026-04-05,FALL,NIGHT ___,3,1,4
330,2026-04-05,CAP,NIGHT ___,3,2,3
331,2026-04-05,FEATURE,PARTS OF THE FACE,0,2,2
331,2026-04-05,CHEEK,PARTS OF THE FACE,0,4,1
331,2026-04-05,FOREHEAD,PARTS OF THE FACE,0,1,4
331,2026-04-05,FACIAL,PARTS OF THE FACE,0,1,2
331,2026-04-05,BASS,WORDS MEANING DEEP,1,4,4
331,2026-04-05,CRYPTIC,WORDS MEANING DEEP,1,2,4
331,2026-04-05,MYSTERIOUS,WORDS MEANING DEEP,1,2,3
331,2026-04-05,RICH,WORDS MEANING DEEP,1,3,1
331,2026-04-05,TONGUE,ASSOCIATED WITH GLACIER,2,4,2
331,2026-04-05,PLATEAU,ASSOCIATED WITH GLACIER,2,1,3
331,2026-04-05,EXTREMITY,ASSOCIATED WITH GLACIER,2,1,1
331,2026-04-05,DRAINING,ASSOCIATED WITH GLACIER,2,4,3
331,2026-04-05,SEA,___ SIDE,3,3,4
331,2026-04-05,BROAD,___ SIDE,3,2,1
331,2026-04-05,HILL,___ SIDE,3,3,2
331,2026-04-05,DARK,___ SIDE,3,3,3
332,2026-04-05,HACK,HORSE BREEDS,0,1,1
332,2026-04-05,PONY,HORSE BREEDS,0,4,4
332,2026-04-05,ARAB,HORSE BREEDS,0,3,2
332,2026-04-05,CHESTNUT,HORSE BREEDS,0,2,1
332,2026-04-05,HANDY,WORDS MEANING CLEVER,1,1,4
332,2026-04-05,ADEPT,WORDS MEANING CLEVER,1,3,1
332,2026-04-05,ABLE,WORDS MEANING CLEVER,1,2,2
332,2026-04-05,INGENIOUS,WORDS MEANING CLEVER,1,4,2
332,2026-04-05,ESTATES,WORDS RELATED TO WEALTH,2,1,3
332,2026-04-05,RICHNESS,WORDS RELATED TO WEALTH,2,4,3
332,2026-04-05,FINANCIAL,WORDS RELATED TO WEALTH,2,3,4
332,2026-04-05,AFFLUENCE,WORDS RELATED TO WEALTH,2,2,3
332,2026-04-05,INSPIRE,CONTAINS 'IRE',3,2,4
332,2026-04-05,REQUIRE,CONTAINS 'IRE',3,3,3
332,2026-04-05,ENTIRE,CONTAINS 'IRE',3,4,1
332,2026-04-05,HIRE,CONTAINS 'IRE',3,1,2
333,2026-04-05,ARMADILLO,MAMMALS,0,2,1
333,2026-04-05,BEAR,MAMMALS,0,1,1
333,2026-04-05,COW,MAMMALS,0,1,3
333,2026-04-05,BULL,MAMMALS,0,1,2
333,2026-04-05,MOODY,WORDS MEANING DARK,1,3,1
333,2026-04-05,BLACK,WORDS MEANING DARK,1,2,2
333,2026-04-05,WICKED,WORDS MEANING DARK,1,3,3
333,2026-04-05,DOUR,WORDS MEANING DARK,1,4,3
333,2026-04-05,GOTHIC,ASSOCIATED WITH CASTLE,2,2,3
333,2026-04-05,DUKE,ASSOCIATED WITH CASTLE,2,1,4
333,2026-04-05,GATE,ASSOCIATED WITH CASTLE,2,2,4
333,2026-04-05,INHERITED,ASSOCIATED WITH CASTLE,2,4,4
333,2026-04-05,NET,___ WORK,3,4,1
333,2026-04-05,PAPER,___ WORK,3,4,2
333,2026-04-05,HOME,___ WORK,3,3,2
333,2026-04-05,SOCIAL,___ WORK,3,3,4
334,2026-04-05,SMELT,FISH,0,1,3
334,2026-04-05,BLEAK,FISH,0,2,2
334,2026-04-05,COD,FISH,0,4,1
334,2026-04-05,PIKE,FISH,0,4,3
334,2026-04-05,CUTE,WORDS MEANING BEAUTIFUL,1,3,3
334,2026-04-05,DAINTY,WORDS MEANING BEAUTIFUL,1,1,1
334,2026-04-05,BEAU,WORDS MEANING BEAUTIFUL,1,2,3
334,2026-04-05,BEAUTY,WORDS MEANING BEAUTIFUL,1,2,1
334,2026-04-05,SING,WORDS RELATED TO HOPE,2,4,2
334,2026-04-05,OMEN,WORDS RELATED TO HOPE,2,3,1
334,2026-04-05,PROSPECT,WORDS RELATED TO HOPE,2,1,2
334,2026-04-05,VOW,WORDS RELATED TO HOPE,2,3,4
334,2026-04-05,CAST,OVER ___,3,3,2
334,2026-04-05,LAP,OVER ___,3,1,4
334,2026-04-05,SEE,OVER ___,3,2,4
334,2026-04-05,HAUL,OVER ___,3,4,4
335,2026-04-05,FRAME,PARTS OF A SHIP,0,2,4
335,2026-04-05,DECK,PARTS OF A SHIP,0,4,2
335,2026-04-05,TOP,PARTS OF A SHIP,0,1,4
335,2026-04-05,BULWARK,PARTS OF A SHIP,0,1,2
335,2026-04-05,ODD,WORDS MEANING STRANGE,1,3,4
335,2026-04-05,PECULIAR,WORDS MEANING STRANGE,1,4,3
335,2026-04-05,IRONIC,WORDS MEANING STRANGE,1,3,2
335,2026-04-05,INTRIGUING,WORDS MEANING STRANGE,1,2,3
335,2026-04-05,SENTENCES,GOES WITH PRISON,2,1,1
335,2026-04-05,PUNISHMENT,GOES WITH PRISON,2,3,1
335,2026-04-05,SENTENCE,GOES WITH PRISON,2,2,2
335,2026-04-05,INMATES,GOES WITH PRISON,2,2,1
335,2026-04-05,LET,EYE ___,3,4,1
335,2026-04-05,BALL,EYE ___,3,1,3
335,2026-04-05,LID,EYE ___,3,4,4
335,2026-04-05,PIECE,EYE ___,3,3,3
336,2026-04-05,RICE,GRAINS,0,2,3
336,2026-04-05,WHEAT,GRAINS,0,3,4
336,2026-04-05,BARLEY,GRAINS,0,3,3
336,2026-04-05,GRIST,GRAINS,0,2,2
336,2026-04-05,HIT,WORDS MEANING FIX,1,4,3
336,2026-04-05,FASTEN,WORDS MEANING FIX,1,1,4
336,2026-04-05,HOLD,WORDS MEANING FIX,1,2,4
336,2026-04-05,DRESS,WORDS MEANING FIX,1,3,1
336,2026-04-05,MORAL,ASSOCIATED WITH KINDNESS,2,4,1
336,2026-04-05,HONESTY,ASSOCIATED WITH KINDNESS,2,1,3
336,2026-04-05,VIRTUE,ASSOCIATED WITH KINDNESS,2,4,2
336,2026-04-05,DEVOTION,ASSOCIATED WITH KINDNESS,2,4,4
336,2026-04-05,MERIT,ANAGRAMS OF EACH OTHER,3,1,2
336,2026-04-05,TIMER,ANAGRAMS OF EACH OTHER,3,2,1
336,2026-04-05,MITRE,ANAGRAMS OF EACH OTHER,3,3,2
336,2026-04-05,MITER,ANAGRAMS OF EACH OTHER,3,1,1
337,2026-04-05,CHICAGO,CARD GAMES,0,2,2
337,2026-04-05,HEARTS,CARD GAMES,0,4,1
337,2026-04-05,MICHIGAN,CARD GAMES,0,1,4
337,2026-04-05,CONTRACT,CARD GAMES,0,2,1
337,2026-04-05,TIGHT,WORDS MEANING SMOOTH,1,2,3
337,2026-04-05,FAST,WORDS MEANING SMOOTH,1,1,1
337,2026-04-05,SLEEK,WORDS MEANING SMOOTH,1,1,2
337,2026-04-05,SATIN,WORDS MEANING SMOOTH,1,4,4
337,2026-04-05,GENERATING,ASSOCIATED WITH WIND,2,2,4
337,2026-04-05,EROSION,ASSOCIATED WITH WIND,2,3,3
337,2026-04-05,HURRICANE,ASSOCIATED WITH WIND,2,1,3
337,2026-04-05,ENSEMBLE,ASSOCIATED WITH WIND,2,3,2
337,2026-04-05,WIND,___ FALL,3,3,1
337,2026-04-05,RAIN,___ FALL,3,3,4
337,2026-04-05,FREE,___ FALL,3,4,3
337,2026-04-05,LAND,___ FALL,3,4,2
338,2026-04-05,METALLIC,FABRICS,0,2,2
338,2026-04-05,LINEN,FABRICS,0,4,3
338,2026-04-05,WOOL,FABRICS,0,2,1
338,2026-04-05,COATING,FABRICS,0,3,3
338,2026-04-05,ENERGY,WORDS MEANING PUSH,1,1,3
338,2026-04-05,IMPETUS,WORDS MEANING PUSH,1,2,4
338,2026-04-05,BOOST,WORDS MEANING PUSH,1,4,4
338,2026-04-05,FORCE,WORDS MEANING PUSH,1,4,1
338,2026-04-05,MADONNA,ASSOCIATED WITH AMBITION,2,3,1
338,2026-04-05,BECOME,ASSOCIATED WITH AMBITION,2,1,2
338,2026-04-05,ACHIEVE,ASSOCIATED WITH AMBITION,2,3,2
338,2026-04-05,DESIRE,ASSOCIATED WITH AMBITION,2,4,2
338,2026-04-05,BOARD,SEA ___,3,1,1
338,2026-04-05,SHELL,SEA ___,3,2,3
338,2026-04-05,SICK,SEA ___,3,1,4
338,2026-04-05,BIRD,SEA ___,3,3,4
339,2026-04-05,TORSO,BODY PARTS,0,3,4
339,2026-04-05,CAVITY,BODY PARTS,0,2,1
339,2026-04-05,TRUNK,BODY PARTS,0,3,1
339,2026-04-05,FORK,BODY PARTS,0,1,4
339,2026-04-05,HANDSOME,WORDS MEANING BEAUTIFUL,1,1,2
339,2026-04-05,SPLENDID,WORDS MEANING BEAUTIFUL,1,2,4
339,2026-04-05,STUNNING,WORDS MEANING BEAUTIFUL,1,3,2
339,2026-04-05,ESTHETIC,WORDS MEANING BEAUTIFUL,1,4,4
339,2026-04-05,BUT,GOES WITH TIME,2,2,3
339,2026-04-05,WERE,GOES WITH TIME,2,4,2
339,2026-04-05,REQUIRED,GOES WITH TIME,2,4,1
339,2026-04-05,CAN,GOES WITH TIME,2,1,1
339,2026-04-05,SCHOOL,___ YARD,3,1,3
339,2026-04-05,RAIL,___ YARD,3,4,3
339,2026-04-05,BARN,___ YARD,3,3,3
339,2026-04-05,CHURCH,___ YARD,3,2,2
340,2026-04-05,COTTON,FABRICS,0,2,3
340,2026-04-05,JEAN,FABRICS,0,2,4
340,2026-04-05,MOTLEY,FABRICS,0,3,4
340,2026-04-05,CALICO,FABRICS,0,1,1
340,2026-04-05,INTENSIVE,WORDS MEANING LOUD,1,3,3
340,2026-04-05,ROWDY,WORDS MEANING LOUD,1,2,2
340,2026-04-05,INTENSE,WORDS MEANING LOUD,1,2,1
340,2026-04-05,TURBULENT,WORDS MEANING LOUD,1,1,4
340,2026-04-05,DAIRY,WORDS RELATED TO FARM,2,4,1
340,2026-04-05,CHICKEN,WORDS RELATED TO FARM,2,3,1
340,2026-04-05,NEAR,WORDS RELATED TO FARM,2,4,2
340,2026-04-05,BREEDING,WORDS RELATED TO FARM,2,3,2
340,2026-04-05,HOLD,DIFFER BY ONE LETTER FROM 'COLD',3,1,2
340,2026-04-05,OLD,DIFFER BY ONE LETTER FROM 'COLD',3,4,3
340,2026-04-05,FOLD,DIFFER BY ONE LETTER FROM 'COLD',3,1,3
340,2026-04-05,MOLD,DIFFER BY ONE LETTER FROM 'COLD',3,4,4
341,2026-04-05,FARO,CARD GAMES,0,4,2
341,2026-04-05,NAPOLEON,CARD GAMES,0,3,2
341,2026-04-05,NAP,CARD GAMES,0,4,4
341,2026-04-05,CHICAGO,CARD GAMES,0,4,3
341,2026-04-05,BARK,WORDS MEANING SHOUT,1,4,1
341,2026-04-05,SCREAM,WORDS MEANING SHOUT,1,2,4
341,2026-04-05,ROAR,WORDS MEANING SHOUT,1,1,4
341,2026-04-05,PROCLAIM,WORDS MEANING SHOUT,1,2,3
341,2026-04-05,RADIUS,ASSOCIATED WITH SUN,2,1,1
341,2026-04-05,STAR,ASSOCIATED WITH SUN,2,1,3
341,2026-04-05,HORIZON,ASSOCIATED WITH SUN,2,3,3
341,2026-04-05,MAGNITUDE,ASSOCIATED WITH SUN,2,2,1
341,2026-04-05,SCORE,___ BOARD,3,2,2
341,2026-04-05,BODY,___ BOARD,3,3,1
341,2026-04-05,CHECK,___ BOARD,3,3,4
341,2026-04-05,FLAP,___ BOARD,3,1,2
342,2026-04-05,TANGO,DANCES,0,3,3
342,2026-04-05,MAZURKA,DANCES,0,4,4
342,2026-04-05,DANCING,DANCES,0,1,2
342,2026-04-05,QUICKSTEP,DANCES,0,1,1
342,2026-04-05,FORAGE,WORDS MEANING EAT,1,1,4
342,2026-04-05,DEVOUR,WORDS MEANING EAT,1,4,2
342,2026-04-05,SWALLOW,WORDS MEANING EAT,1,4,3
342,2026-04-05,RUST,WORDS MEANING EAT,1,3,4
342,2026-04-05,BUDDHIST,ASSOCIATED WITH WISDOM,2,1,3
342,2026-04-05,GOD,ASSOCIATED WITH WISDOM,2,2,4
342,2026-04-05,JESUS,ASSOCIATED WITH WISDOM,2,2,2
342,2026-04-05,COURAGE,ASSOCIATED WITH WISDOM,2,4,1
342,2026-04-05,SHED,BLOOD ___,3,3,2
342,2026-04-05,LINE,BLOOD ___,3,2,3
342,2026-04-05,STAIN,BLOOD ___,3,3,1
342,2026-04-05,HOUND,BLOOD ___,3,2,1
343,2026-04-05,KEYBOARD,COMPUTER PARTS,0,2,4
343,2026-04-05,PROCESSOR,COMPUTER PARTS,0,1,2
343,2026-04-05,STORAGE,COMPUTER PARTS,0,4,4
343,2026-04-05,PERIPHERAL,COMPUTER PARTS,0,1,3
343,2026-04-05,DOUR,WORDS MEANING DARK,1,3,1
343,2026-04-05,MOROSE,WORDS MEANING DARK,1,3,2
343,2026-04-05,SOUR,WORDS MEANING DARK,1,2,1
343,2026-04-05,COLORED,WORDS MEANING DARK,1,1,1
343,2026-04-05,POP,ASSOCIATED WITH MUSIC,2,3,4
343,2026-04-05,INFLUENCES,ASSOCIATED WITH MUSIC,2,4,2
343,2026-04-05,ORCHESTRA,ASSOCIATED WITH MUSIC,2,2,2
343,2026-04-05,CONCERT,ASSOCIATED WITH MUSIC,2,4,1
343,2026-04-05,SIDE,UNDER ___,3,3,3
343,2026-04-05,WORLD,UNDER ___,3,1,4
343,2026-04-05,FOOT,UNDER ___,3,4,3
343,2026-04-05,DONE,UNDER ___,3,2,3
344,2026-04-05,CANVAS,PAINTING STYLES,0,4,4
344,2026-04-05,PICTURE,PAINTING STYLES,0,3,1
344,2026-04-05,WASH,PAINTING STYLES,0,4,2
344,2026-04-05,LANDSCAPE,PAINTING STYLES,0,1,2
344,2026-04-05,DISGUSTED,WORDS MEANING ANGRY,1,2,1
344,2026-04-05,ROUGH,WORDS MEANING ANGRY,1,3,3
344,2026-04-05,STORMY,WORDS MEANING ANGRY,1,3,4
344,2026-04-05,RESTLESS,WORDS MEANING ANGRY,1,3,2
344,2026-04-05,STABILITY,WORDS RELATED TO RESILIENCE,2,1,4
344,2026-04-05,DYNAMIC,WORDS RELATED TO RESILIENCE,2,2,3
344,2026-04-05,COPING,WORDS RELATED TO RESILIENCE,2,1,3
344,2026-04-05,ENHANCE,WORDS RELATED TO RESILIENCE,2,1,1
344,2026-04-05,REDDER,PALINDROMES,3,4,3
344,2026-04-05,DETARTRATED,PALINDROMES,3,2,2
344,2026-04-05,LEVEL,PALINDROMES,3,4,1
344,2026-04-05,CIVIC,PALINDROMES,3,2,4
345,2026-04-05,ARMADILLO,MAMMALS,0,3,3
345,2026-04-05,BEAR,MAMMALS,0,1,4
345,2026-04-05,LIVESTOCK,MAMMALS,0,1,3
345,2026-04-05,COW,MAMMALS,0,4,1
345,2026-04-05,CUTTING,WORDS MEANING COLD,1,4,4
345,2026-04-05,COOL,WORDS MEANING COLD,1,3,2
345,2026-04-05,BLEAK,WORDS MEANING COLD,1,3,4
345,2026-04-05,PERFECT,WORDS MEANING COLD,1,1,2
345,2026-04-05,PROBATION,ASSOCIATED WITH PRISON,2,2,4
345,2026-04-05,SOLITARY,ASSOCIATED WITH PRISON,2,2,3
345,2026-04-05,WARDEN,ASSOCIATED WITH PRISON,2,3,1
345,2026-04-05,DETENTION,ASSOCIATED WITH PRISON,2,4,3
345,2026-04-05,JUNK,___ YARD,3,4,2
345,2026-04-05,STOCK,___ YARD,3,1,1
345,2026-04-05,DOOR,___ YARD,3,2,2
345,2026-04-05,BACK,___ YARD,3,2,1
346,2026-04-05,COBRA,SNAKES,0,4,2
346,2026-04-05,PYTHON,SNAKES,0,1,4
346,2026-04-05,GARTER,SNAKES,0,1,3
346,2026-04-05,MILK,SNAKES,0,3,1
346,2026-04-05,OBSCURE,WORDS MEANING DARK,1,2,2
346,2026-04-05,INACTIVE,WORDS MEANING DARK,1,3,3
346,2026-04-05,DISMAL,WORDS MEANING DARK,1,4,1
346,2026-04-05,NIGHT,WORDS MEANING DARK,1,2,3
346,2026-04-05,FRIENDSHIP,ASSOCIATED WITH PEACE,2,1,1
346,2026-04-05,PROSPERITY,ASSOCIATED WITH PEACE,2,2,1
346,2026-04-05,JUSTICE,ASSOCIATED WITH PEACE,2,3,4
346,2026-04-05,ACCORD,ASSOCIATED WITH PEACE,2,4,3
346,2026-04-05,ARM,FIRE ___,3,2,4
346,2026-04-05,BRAND,FIRE ___,3,3,2
346,2026-04-05,FIGHTER,FIRE ___,3,4,4
346,2026-04-05,WOOD,FIRE ___,3,1,2
347,2026-04-05,CHIP,COMPUTER PARTS,0,4,2
347,2026-04-05,PROCESSOR,COMPUTER PARTS,0,1,3
347,2026-04-05,MEMORY,COMPUTER PARTS,0,1,2
347,2026-04-05,STORE,COMPUTER PARTS,0,1,1
347,2026-04-05,RETURN,WORDS MEANING FALL,1,4,4
347,2026-04-05,DESCEND,WORDS MEANING FALL,1,3,3
347,2026-04-05,DIMINISH,WORDS MEANING FALL,1,3,1
347,2026-04-05,SHINE,WORDS MEANING FALL,1,2,1
347,2026-04-05,HAMPTON,ASSOCIATED WITH HARBOR,2,4,3
347,2026-04-05,CARRIER,ASSOCIATED WITH HARBOR,2,4,1
347,2026-04-05,HAWAIIAN,ASSOCIATED WITH HARBOR,2,2,3
347,2026-04-05,SUNK,ASSOCIATED WITH HARBOR,2,3,2
347,2026-04-05,STAND,HAND ___,3,1,4
347,2026-04-05,CUFF,HAND ___,3,3,4
347,2026-04-05,WRITING,HAND ___,3,2,2
347,2026-04-05,BAG,HAND ___,3,2,4
348,2026-04-05,COMB,TOOLS,0,1,2
348,2026-04-05,TAP,TOOLS,0,1,4
348,2026-04-05,STYLE,TOOLS,0,3,3
348,2026-04-05,BUFFER,TOOLS,0,3,1
348,2026-04-05,FIERY,WORDS MEANING HOT,1,1,3
348,2026-04-05,FERVENT,WORDS MEANING HOT,1,2,2
348,2026-04-05,WANTED,WORDS MEANING HOT,1,4,3
348,2026-04-05,SIZZLING,WORDS MEANING HOT,1,2,1
348,2026-04-05,EXCITEMENT,WORDS RELATED TO TENSION,2,4,1
348,2026-04-05,DRAMA,WORDS RELATED TO TENSION,2,2,3
348,2026-04-05,RIVALRY,WORDS RELATED TO TENSION,2,1,1
348,2026-04-05,ESCALATION,WORDS RELATED TO TENSION,2,3,4
348,2026-04-05,DINE,DIFFER BY ONE LETTER FROM 'FINE',3,2,4
348,2026-04-05,PINE,DIFFER BY ONE LETTER FROM 'FINE',3,4,2
348,2026-04-05,WINE,DIFFER BY ONE LETTER FROM 'FINE',3,3,2
348,2026-04-05,NINE,DIFFER BY ONE LETTER FROM 'FINE',3,4,4
349,2026-04-05,GINGER,SPICES,0,3,2
349,2026-04-05,NUTMEG,SPICES,0,4,4
349,2026-04-05,ANISE,SPICES,0,3,4
349,2026-04-05,FENNEL,SPICES,0,2,2
349,2026-04-05,INHIBIT,WORDS MEANING STOP,1,1,4
349,2026-04-05,LEAVE,WORDS MEANING STOP,1,2,4
349,2026-04-05,TERMINATE,WORDS MEANING STOP,1,4,3
349,2026-04-05,SUSPEND,WORDS MEANING STOP,1,3,3
349,2026-04-05,IRRIGATION,ASSOCIATED WITH RIVER,2,4,2
349,2026-04-05,DAMS,ASSOCIATED WITH RIVER,2,2,3
349,2026-04-05,UPSTREAM,ASSOCIATED WITH RIVER,2,4,1
349,2026-04-05,TROUT,ASSOCIATED WITH RIVER,2,1,1
349,2026-04-05,WORK,___ DAY,3,1,3
349,2026-04-05,MID,___ DAY,3,2,1
349,2026-04-05,SUN,___ DAY,3,3,1
349,2026-04-05,WEEK,___ DAY,3,1,2
350,2026-04-05,VENUS,PLANETS,0,2,3
350,2026-04-05,MARS,PLANETS,0,2,2
350,2026-04-05,JUPITER,PLANETS,0,1,2
350,2026-04-05,NEPTUNE,PLANETS,0,1,1
350,2026-04-05,TELL,WORDS MEANING SPEAK,1,4,1
350,2026-04-05,TREAT,WORDS MEANING SPEAK,1,2,4
350,2026-04-05,MEAN,WORDS MEANING SPEAK,1,1,4
350,2026-04-05,EXPLAIN,WORDS MEANING SPEAK,1,2,1
350,2026-04-05,SUBSTITUTE,WORDS RELATED TO GRIEF,2,3,2
350,2026-04-05,SMART,WORDS RELATED TO GRIEF,2,3,4
350,2026-04-05,DISMAY,WORDS RELATED TO GRIEF,2,4,2
350,2026-04-05,LOSS,WORDS RELATED TO GRIEF,2,4,4
350,2026-04-05,CHANGE,SHORT ___,3,1,3
350,2026-04-05,HAND,SHORT ___,3,3,1
350,2026-04-05,CUT,SHORT ___,3,4,3
350,2026-04-05,CAKE,SHORT ___,3,3,3
351,2026-04-05,THIRD,CAR PARTS,0,4,3
351,2026-04-05,LOW,CAR PARTS,0,1,3
351,2026-04-05,BUFFER,CAR PARTS,0,3,2
351,2026-04-05,ROOF,CAR PARTS,0,4,2
351,2026-04-05,SHOPPING,WORDS MEANING STEAL,1,2,2
351,2026-04-05,ROBBERY,WORDS MEANING STEAL,1,1,2
351,2026-04-05,BARGAIN,WORDS MEANING STEAL,1,1,1
351,2026-04-05,SWIPE,WORDS MEANING STEAL,1,3,1
351,2026-04-05,CAME,GOES WITH TIME,2,2,1
351,2026-04-05,BETWEEN,GOES WITH TIME,2,4,1
351,2026-04-05,WERE,GOES WITH TIME,2,1,4
351,2026-04-05,REQUIRED,GOES WITH TIME,2,2,4
351,2026-04-05,AIR,___ FIELD,3,3,4
351,2026-04-05,MINE,___ FIELD,3,4,4
351,2026-04-05,PLAY,___ FIELD,3,3,3
351,2026-04-05,WHEAT,___ FIELD,3,2,3
352,2026-04-05,PLATFORM,TYPES OF SHOES,0,3,2
352,2026-04-05,OXFORD,TYPES OF SHOES,0,3,4
352,2026-04-05,SNEAKER,TYPES OF SHOES,0,1,3
352,2026-04-05,PUMP,TYPES OF SHOES,0,4,2
352,2026-04-05,WICKED,WORDS MEANING HEAVY,1,1,1
352,2026-04-05,OVERWEIGHT,WORDS MEANING HEAVY,1,1,4
352,2026-04-05,COMPACT,WORDS MEANING HEAVY,1,3,3
352,2026-04-05,ARDUOUS,WORDS MEANING HEAVY,1,1,2
352,2026-04-05,COURAGE,ASSOCIATED WITH LOYALTY,2,3,1
352,2026-04-05,BETRAYAL,ASSOCIATED WITH LOYALTY,2,4,1
352,2026-04-05,CONSUMERS,ASSOCIATED WITH LOYALTY,2,4,3
352,2026-04-05,CROWN,ASSOCIATED WITH LOYALTY,2,2,3
352,2026-04-05,FLOW,CONTAINS 'LOW',3,4,4
352,2026-04-05,FELLOW,CONTAINS 'LOW',3,2,1
352,2026-04-05,BLOW,CONTAINS 'LOW',3,2,2
352,2026-04-05,BELOW,CONTAINS 'LOW',3,2,4
353,2026-04-05,PUPPY,DOG BREEDS,0,1,2
353,2026-04-05,TOY,DOG BREEDS,0,4,2
353,2026-04-05,ALSATIAN,DOG BREEDS,0,3,1
353,2026-04-05,BARKER,DOG BREEDS,0,4,4
353,2026-04-05,TALLY,WORDS MEANING HIT,1,4,3
353,2026-04-05,STRIKE,WORDS MEANING HIT,1,3,4
353,2026-04-05,DISPATCH,WORDS MEANING HIT,1,2,2
353,2026-04-05,REMOVE,WORDS MEANING HIT,1,2,3
353,2026-04-05,TUBING,ASSOCIATED WITH STEEL,2,2,4
353,2026-04-05,METALS,ASSOCIATED WITH STEEL,2,4,1
353,2026-04-05,HULL,ASSOCIATED WITH STEEL,2,1,1
353,2026-04-05,ARMOR,ASSOCIATED WITH STEEL,2,1,4
353,2026-04-05,FRONT,___ YARD,3,2,1
353,2026-04-05,FARM,___ YARD,3,3,2
353,2026-04-05,DOOR,___ YARD,3,3,3
353,2026-04-05,SHIP,___ YARD,3,1,3
354,2026-04-05,SALMON,FISH,0,1,3
354,2026-04-05,ROACH,FISH,0,3,1
354,2026-04-05,BASS,FISH,0,2,4
354,2026-04-05,COD,FISH,0,4,4
354,2026-04-05,LAME,WORDS MEANING WEAK,1,2,2
354,2026-04-05,TENUOUS,WORDS MEANING WEAK,1,4,3
354,2026-04-05,WEAKENED,WORDS MEANING WEAK,1,1,1
354,2026-04-05,UNSTRESSED,WORDS MEANING WEAK,1,3,2
354,2026-04-05,GENIUS,WORDS RELATED TO BEAUTY,2,2,3
354,2026-04-05,IDEAL,WORDS RELATED TO BEAUTY,2,4,2
354,2026-04-05,GREATNESS,WORDS RELATED TO BEAUTY,2,1,4
354,2026-04-05,PERSONAL,WORDS RELATED TO BEAUTY,2,2,1
354,2026-04-05,STREAM,DOWN ___,3,3,4
354,2026-04-05,SIDE,DOWN ___,3,1,2
354,2026-04-05,LOAD,DOWN ___,3,3,3
354,2026-04-05,WARD,DOWN ___,3,4,1
355,2026-04-05,CAVITY,BODY PARTS,0,4,1
355,2026-04-05,TORSO,BODY PARTS,0,2,1
355,2026-04-05,NECK,BODY PARTS,0,2,2
355,2026-04-05,ARM,BODY PARTS,0,4,2
355,2026-04-05,HONORABLE,WORDS MEANING HONEST,1,2,4
355,2026-04-05,RELIABLE,WORDS MEANING HONEST,1,4,3
355,2026-04-05,FAIR,WORDS MEANING HONEST,1,2,3
355,2026-04-05,DEPENDABLE,WORDS MEANING HONEST,1,3,3
355,2026-04-05,LAGUNA,ASSOCIATED WITH LAGOON,2,1,3
355,2026-04-05,SEPARATED,ASSOCIATED WITH LAGOON,2,1,4
355,2026-04-05,ATTRACTION,ASSOCIATED WITH LAGOON,2,1,2
355,2026-04-05,TIDE,ASSOCIATED WITH LAGOON,2,3,4
355,2026-04-05,MELON,WATER ___,3,1,1
355,2026-04-05,FALL,WATER ___,3,3,1
355,2026-04-05,PROOF,WATER ___,3,3,2
355,2026-04-05,MARK,WATER ___,3,4,4
356,2026-04-05,COSMOS,FLOWERS,0,2,1
356,2026-04-05,POPPY,FLOWERS,0,2,4
356,2026-04-05,COMPOSITE,FLOWERS,0,3,2
356,2026-04-05,PEONY,FLOWERS,0,1,1
356,2026-04-05,CARPET,WORDS MEANING HIDE,1,2,2
356,2026-04-05,VEIL,WORDS MEANING HIDE,1,1,4
356,2026-04-05,BURY,WORDS MEANING HIDE,1,3,4
356,2026-04-05,FELL,WORDS MEANING HIDE,1,4,2
356,2026-04-05,GENERATING,ASSOCIATED WITH WIND,2,4,1
356,2026-04-05,TUNNEL,ASSOCIATED WITH WIND,2,2,3
356,2026-04-05,INTENSITY,ASSOCIATED WITH WIND,2,3,3
356,2026-04-05,WEATHER,ASSOCIATED WITH WIND,2,3,1
356,2026-04-05,RAKE,ENDS WITH 'AKE',3,4,4
356,2026-04-05,CAKE,ENDS WITH 'AKE',3,1,3
356,2026-04-05,TAKE,ENDS WITH 'AKE',3,4,3
356,2026-04-05,FAKE,ENDS WITH 'AKE',3,1,2
357,2026-04-05,SAILOR,HATS,0,4,1
357,2026-04-05,LID,HATS,0,2,3
357,2026-04-05,BEAVER,HATS,0,3,1
357,2026-04-05,PANAMA,HATS,0,2,2
357,2026-04-05,GLOOMY,WORDS MEANING DARK,1,1,3
357,2026-04-05,BLUE,WORDS MEANING DARK,1,4,4
357,2026-04-05,WICKED,WORDS MEANING DARK,1,1,4
357,2026-04-05,BENIGHTED,WORDS MEANING DARK,1,3,2
357,2026-04-05,CREST,ASSOCIATED WITH DUNE,2,1,1
357,2026-04-05,THAT,ASSOCIATED WITH DUNE,2,2,1
357,2026-04-05,AREAS,ASSOCIATED WITH DUNE,2,4,2
357,2026-04-05,LINE,ASSOCIATED WITH DUNE,2,1,2
357,2026-04-05,TOOL,___ BOX,3,4,3
357,2026-04-05,POST,___ BOX,3,3,4
357,2026-04-05,SAND,___ BOX,3,3,3
357,2026-04-05,THUNDER,___ BOX,3,2,4
358,2026-04-05,SALMON,FISH,0,3,1
358,2026-04-05,TROUT,FISH,0,3,4
358,2026-04-05,SMELT,FISH,0,2,4
358,2026-04-05,BLEAK,FISH,0,1,3
358,2026-04-05,SATIN,WORDS MEANING SMOOTH,1,3,2
358,2026-04-05,SLICK,WORDS MEANING SMOOTH,1,1,2
358,2026-04-05,SLEEK,WORDS MEANING SMOOTH,1,2,1
358,2026-04-05,FAST,WORDS MEANING SMOOTH,1,3,3
358,2026-04-05,PSYCHOLOGY,ASSOCIATED WITH DISCIPLINE,2,4,1
358,2026-04-05,ECONOMICS,ASSOCIATED WITH DISCIPLINE,2,2,3
358,2026-04-05,CONCERNED,ASSOCIATED WITH DISCIPLINE,2,1,1
358,2026-04-05,CLERGY,ASSOCIATED WITH DISCIPLINE,2,2,2
358,2026-04-05,MAN,SNOW ___,3,1,4
358,2026-04-05,BOUND,SNOW ___,3,4,3
358,2026-04-05,DROP,SNOW ___,3,4,2
358,2026-04-05,DRIFT,SNOW ___,3,4,4
359,2026-04-05,BEARD,PARTS OF THE FACE,0,2,2
359,2026-04-05,NOSE,PARTS OF THE FACE,0,1,1
359,2026-04-05,CHIN,PARTS OF THE FACE,0,4,4
359,2026-04-05,MOUTH,PARTS OF THE FACE,0,3,2
359,2026-04-05,ROAR,WORDS MEANING LAUGH,1,3,4
359,2026-04-05,HOWL,WORDS MEANING LAUGH,1,2,3
359,2026-04-05,MOUSE,WORDS MEANING LAUGH,1,4,1
359,2026-04-05,REALLY,WORDS MEANING LAUGH,1,4,2
359,2026-04-05,AND,GOES WITH KITCHEN,2,1,3
359,2026-04-05,THE,GOES WITH KITCHEN,2,3,3
359,2026-04-05,PANTRY,GOES WITH KITCHEN,2,3,1
359,2026-04-05,RESTAURANT,GOES WITH KITCHEN,2,4,3
359,2026-04-05,WHIRL,___ POOL,3,1,4
359,2026-04-05,DEAD,___ POOL,3,2,1
359,2026-04-05,SWIMMING,___ POOL,3,1,2
359,2026-04-05,GENE,___ POOL,3,2,4
360,2026-04-05,LANDSCAPE,PAINTING STYLES,0,2,2
360,2026-04-05,PICTURE,PAINTING STYLES,0,3,4
360,2026-04-05,MINIATURE,PAINTING STYLES,0,1,2
360,2026-04-05,CANVAS,PAINTING STYLES,0,3,3
360,2026-04-05,EXTEND,WORDS MEANING RUN,1,4,3
360,2026-04-05,WORK,WORDS MEANING RUN,1,2,4
360,2026-04-05,CAMPAIGN,WORDS MEANING RUN,1,1,1
360,2026-04-05,TALLY,WORDS MEANING RUN,1,4,1
360,2026-04-05,VOCAL,WORDS RELATED TO MUSIC,2,2,1
360,2026-04-05,GENRE,WORDS RELATED TO MUSIC,2,4,4
360,2026-04-05,AUDIO,WORDS RELATED TO MUSIC,2,4,2
360,2026-04-05,COMPOSER,WORDS RELATED TO MUSIC,2,1,4
360,2026-04-05,MACK,DIFFER BY ONE LETTER FROM 'BACK',3,1,3
360,2026-04-05,JACK,DIFFER BY ONE LETTER FROM 'BACK',3,3,2
360,2026-04-05,SACK,DIFFER BY ONE LETTER FROM 'BACK',3,3,1
360,2026-04-05,HACK,DIFFER BY ONE LETTER FROM 'BACK',3,2,3
361,2026-04-05,PEANUT,NUTS,0,2,3
361,2026-04-05,BRAZIL,NUTS,0,4,4
361,2026-04-05,WALNUT,NUTS,0,4,1
361,2026-04-05,COCONUT,NUTS,0,1,4
361,2026-04-05,INTENSE,WORDS MEANING THICK,1,1,3
361,2026-04-05,STOCKY,WORDS MEANING THICK,1,3,1
361,2026-04-05,BULK,WORDS MEANING THICK,1,1,1
361,2026-04-05,CREAM,WORDS MEANING THICK,1,4,2
361,2026-04-05,DRESS,ASSOCIATED WITH WEDDING,2,2,4
361,2026-04-05,DIVORCE,ASSOCIATED WITH WEDDING,2,3,3
361,2026-04-05,FUNERAL,ASSOCIATED WITH WEDDING,2,2,1
361,2026-04-05,DRESSES,ASSOCIATED WITH WEDDING,2,3,4
361,2026-04-05,DOWN,___ TIME,3,1,2
361,2026-04-05,LONG,___ TIME,3,4,3
361,2026-04-05,FULL,___ TIME,3,3,2
361,2026-04-05,PART,___ TIME,3,2,2
362,2026-04-05,POPPY,FLOWERS,0,1,4
362,2026-04-05,COMPOSITE,FLOWERS,0,4,4
362,2026-04-05,COSMOS,FLOWERS,0,1,1
362,2026-04-05,STOCK,FLOWERS,0,2,1
362,2026-04-05,WAN,WORDS MEANING WEAK,1,2,2
362,2026-04-05,LIMP,WORDS MEANING WEAK,1,3,3
362,2026-04-05,WATERY,WORDS MEANING WEAK,1,4,1
362,2026-04-05,THIN,WORDS MEANING WEAK,1,1,3
362,2026-04-05,SERA,WORDS RELATED TO SERENITY,2,3,4
362,2026-04-05,CRYSTAL,WORDS RELATED TO SERENITY,2,4,3
362,2026-04-05,CARGO,WORDS RELATED TO SERENITY,2,4,2
362,2026-04-05,GENRE,WORDS RELATED TO SERENITY,2,3,2
362,2026-04-05,BACK,GREEN ___,3,2,4
362,2026-04-05,LAND,GREEN ___,3,2,3
362,2026-04-05,HOUSE,GREEN ___,3,3,1
362,2026-04-05,CARD,GREEN ___,3,1,2
363,2026-04-05,TRUNK,BODY PARTS,0,4,3
363,2026-04-05,CAVITY,BODY PARTS,0,2,4
363,2026-04-05,HEAD,BODY PARTS,0,4,2
363,2026-04-05,FORK,BODY PARTS,0,1,3
363,2026-04-05,DIFFICULT,WORDS MEANING HARD,1,1,4
363,2026-04-05,STRONG,WORDS MEANING HARD,1,1,1
363,2026-04-05,SEVERE,WORDS MEANING HARD,1,3,3
363,2026-04-05,TOUGH,WORDS MEANING HARD,1,3,1
363,2026-04-05,CHAPEL,ASSOCIATED WITH CASTLE,2,3,4
363,2026-04-05,BUILT,ASSOCIATED WITH CASTLE,2,4,1
363,2026-04-05,ESTATES,ASSOCIATED WITH CASTLE,2,3,2
363,2026-04-05,HILL,ASSOCIATED WITH CASTLE,2,2,1
363,2026-04-05,FORE,___ GROUND,3,2,2
363,2026-04-05,PLAY,___ GROUND,3,2,3
363,2026-04-05,ABOVE,___ GROUND,3,1,2
363,2026-04-05,BACK,___ GROUND,3,4,4
364,2026-04-05,PEONY,FLOWERS,0,2,3
364,2026-04-05,POPPY,FLOWERS,0,1,3
364,2026-04-05,STOCK,FLOWERS,0,4,2
364,2026-04-05,COMPOSITE,FLOWERS,0,2,2
364,2026-04-05,TELL,WORDS MEANING LOOK,1,2,1
364,2026-04-05,CONSULT,WORDS MEANING LOOK,1,3,1
364,2026-04-05,IDENTIFY,WORDS MEANING LOOK,1,4,3
364,2026-04-05,SEEM,WORDS MEANING LOOK,1,3,3
364,2026-04-05,ROCKS,ASSOCIATED WITH REEF,2,3,2
364,2026-04-05,TURTLE,ASSOCIATED WITH REEF,2,2,4
364,2026-04-05,KNOT,ASSOCIATED WITH REEF,2,1,4
364,2026-04-05,WRECK,ASSOCIATED WITH REEF,2,1,1
364,2026-04-05,BUTTON,WORDS WITH DOUBLE 'T',3,4,1
364,2026-04-05,KITTEN,WORDS WITH DOUBLE 'T',3,3,4
364,2026-04-05,CUTTER,WORDS WITH DOUBLE 'T',3,1,2
364,2026-04-05,PATTERN,WORDS WITH DOUBLE 'T',3,4,4
365,2026-04-05,FENNEL,SPICES,0,1,4
365,2026-04-05,ANISE,SPICES,0,4,3
365,2026-04-05,NUTMEG,SPICES,0,1,3
365,2026-04-05,PAPRIKA,SPICES,0,1,2
365,2026-04-05,PLACE,WORDS MEANING WALK,1,3,4
365,2026-04-05,ROUTE,WORDS MEANING WALK,1,2,2
365,2026-04-05,TOE,WORDS MEANING WALK,1,4,4
365,2026-04-05,LEAVE,WORDS MEANING WALK,1,2,4
365,2026-04-05,ACCORD,ASSOCIATED WITH PEACE,2,1,1
365,2026-04-05,CORPS,ASSOCIATED WITH PEACE,2,3,2
365,2026-04-05,AGREEMENT,ASSOCIATED WITH PEACE,2,3,3
365,2026-04-05,SHERIFF,ASSOCIATED WITH PEACE,2,2,1
365,2026-04-05,LAND,___ MARK,3,2,3
365,2026-04-05,POST,___ MARK,3,4,2
365,2026-04-05,BIRTH,___ MARK,3,3,1
365,2026-04-05,TRADE,___ MARK,3,4,1
366,2026-04-05,SATURN,PLANETS,0,1,3
366,2026-04-05,MARS,PLANETS,0,4,3
366,2026-04-05,MERCURY,PLANETS,0,4,4
366,2026-04-05,VENUS,PLANETS,0,2,1
366,2026-04-05,BREAKUP,WORDS MEANING FALL,1,3,3
366,2026-04-05,SHINE,WORDS MEANING FALL,1,2,4
366,2026-04-05,TWILIGHT,WORDS MEANING FALL,1,1,1
366,2026-04-05,TOPPLING,WORDS MEANING FALL,1,3,2
366,2026-04-05,DESTROYING,ASSOCIATED WITH REVENGE,2,1,2
366,2026-04-05,DEFEAT,ASSOCIATED WITH REVENGE,2,3,1
366,2026-04-05,RETURNS,ASSOCIATED WITH REVENGE,2,3,4
366,2026-04-05,MURDERED,ASSOCIATED WITH REVENGE,2,1,4
366,2026-04-05,YARD,BACK ___,3,2,2
366,2026-04-05,BENCH,BACK ___,3,2,3
366,2026-04-05,HANDED,BACK ___,3,4,2
366,2026-04-05,DROP,BACK ___,3,4,1
367,2026-04-05,PERIPHERAL,COMPUTER PARTS,0,2,1
367,2026-04-05,CHIP,COMPUTER PARTS,0,2,3
367,2026-04-05,KEYBOARD,COMPUTER PARTS,0,4,4
367,2026-04-05,STORE,COMPUTER PARTS,0,3,2
367,2026-04-05,WEAKLY,WORDS MEANING WEAK,1,3,3
367,2026-04-05,FRAIL,WORDS MEANING WEAK,1,2,2
367,2026-04-05,FAINT,WORDS MEANING WEAK,1,3,1
367,2026-04-05,IMPERFECT,WORDS MEANING WEAK,1,2,4
367,2026-04-05,PICNIC,GOES WITH BEACH,2,1,4
367,2026-04-05,WERE,GOES WITH BEACH,2,4,2
367,2026-04-05,WAVES,GOES WITH BEACH,2,4,1
367,2026-04-05,ARE,GOES WITH BEACH,2,4,3
367,2026-04-05,TOLL,___ GATE,3,1,1
367,2026-04-05,LYCH,___ GATE,3,3,4
367,2026-04-05,IRON,___ GATE,3,1,2
367,2026-04-05,FLAP,___ GATE,3,1,3
368,2026-04-05,SOCCER,SPORTS,0,1,4
368,2026-04-05,FLOATING,SPORTS,0,3,4
368,2026-04-05,SQUASH,SPORTS,0,2,3
368,2026-04-05,ATHLETICS,SPORTS,0,3,2
368,2026-04-05,DARKENED,WORDS MEANING OLD,1,2,4
368,2026-04-05,GREY,WORDS MEANING OLD,1,1,2
368,2026-04-05,GENUINE,WORDS MEANING OLD,1,4,2
368,2026-04-05,FAMILIAR,WORDS MEANING OLD,1,4,3
368,2026-04-05,ORDER,WORDS RELATED TO DISCIPLINE,2,4,4
368,2026-04-05,PSYCHOLOGY,WORDS RELATED TO DISCIPLINE,2,1,1
368,2026-04-05,PUNISHMENT,WORDS RELATED TO DISCIPLINE,2,2,1
368,2026-04-05,CORRECTION,WORDS RELATED TO DISCIPLINE,2,4,1
368,2026-04-05,THIRD,COULD BE A NUMBER OR ADJECTIVE,3,3,1
368,2026-04-05,SECOND,COULD BE A NUMBER OR ADJECTIVE,3,3,3
368,2026-04-05,PRIME,COULD BE A NUMBER OR ADJECTIVE,3,2,2
368,2026-04-05,FIRST,COULD BE A NUMBER OR ADJECTIVE,3,1,3
369,2026-04-05,CORN,SNAKES,0,3,1
369,2026-04-05,ANACONDA,SNAKES,0,1,1
369,2026-04-05,GARTER,SNAKES,0,1,4
369,2026-04-05,MILK,SNAKES,0,4,4
369,2026-04-05,LINED,WORDS MEANING ROUGH,1,2,3
369,2026-04-05,SHAGGY,WORDS MEANING ROUGH,1,3,2
369,2026-04-05,ROCKY,WORDS MEANING ROUGH,1,1,2
369,2026-04-05,DIFFICULT,WORDS MEANING ROUGH,1,3,3
369,2026-04-05,COLLAPSED,ASSOCIATED WITH TOWER,2,1,3
369,2026-04-05,BELLS,ASSOCIATED WITH TOWER,2,2,1
369,2026-04-05,THERE,ASSOCIATED WITH TOWER,2,4,3
369,2026-04-05,CORNER,ASSOCIATED WITH TOWER,2,4,2
369,2026-04-05,GOLD,___ STONE,3,4,1
369,2026-04-05,KEY,___ STONE,3,2,2
369,2026-04-05,HEAD,___ STONE,3,2,4
369,2026-04-05,SAND,___ STONE,3,3,4
370,2026-04-05,CEREAL,GRAINS,0,1,3
370,2026-04-05,BARLEY,GRAINS,0,4,3
370,2026-04-05,CORN,GRAINS,0,2,4
370,2026-04-05,GRIST,GRAINS,0,3,2
370,2026-04-05,STOVE,WORDS MEANING EAT,1,2,2
370,2026-04-05,COOKING,WORDS MEANING EAT,1,3,3
370,2026-04-05,FEED,WORDS MEANING EAT,1,2,1
370,2026-04-05,BITE,WORDS MEANING EAT,1,3,4
370,2026-04-05,PATIENCE,ASSOCIATED WITH HUMILITY,2,2,3
370,2026-04-05,CHARITY,ASSOCIATED WITH HUMILITY,2,4,1
370,2026-04-05,COMPASSION,ASSOCIATED WITH HUMILITY,2,1,4
370,2026-04-05,PURITY,ASSOCIATED WITH HUMILITY,2,4,2
370,2026-04-05,MINE,GOLD ___,3,1,1
370,2026-04-05,FIELD,GOLD ___,3,1,2
370,2026-04-05,FISH,GOLD ___,3,3,1
370,2026-04-05,SMITH,GOLD ___,3,4,4
371,2026-04-05,QUARTER,PARTS OF A SHIP,0,4,1
371,2026-04-05,TACK,PARTS OF A SHIP,0,2,4
371,2026-04-05,GALLEY,PARTS OF A SHIP,0,2,1
371,2026-04-05,FIN,PARTS OF A SHIP,0,1,3
371,2026-04-05,ABUSE,WORDS MEANING SHOUT,1,3,1
371,2026-04-05,SQUALL,WORDS MEANING SHOUT,1,1,2
371,2026-04-05,CALL,WORDS MEANING SHOUT,1,3,2
371,2026-04-05,CRY,WORDS MEANING SHOUT,1,4,4
371,2026-04-05,FALLEN,GOES WITH SNOW,2,1,1
371,2026-04-05,GOOSE,GOES WITH SNOW,2,1,4
371,2026-04-05,BEGAN,GOES WITH SNOW,2,2,3
371,2026-04-05,COVERED,GOES WITH SNOW,2,4,3
371,2026-04-05,RAIN,___ WATER,3,3,3
371,2026-04-05,UNDER,___ WATER,3,2,2
371,2026-04-05,ROSE,___ WATER,3,4,2
371,2026-04-05,GROUND,___ WATER,3,3,4
372,2026-04-05,MIST,CLOUD TYPES,0,1,1
372,2026-04-05,HAZE,CLOUD TYPES,0,4,1
372,2026-04-05,AEROSOL,CLOUD TYPES,0,3,2
372,2026-04-05,SMOKE,CLOUD TYPES,0,4,2
372,2026-04-05,FAST,WORDS MEANING HOT,1,2,2
372,2026-04-05,NEAR,WORDS MEANING HOT,1,3,3
372,2026-04-05,STIFLING,WORDS MEANING HOT,1,1,2
372,2026-04-05,NEW,WORDS MEANING HOT,1,4,4
372,2026-04-05,COUPLE,WORDS RELATED TO WEDDING,2,2,4
372,2026-04-05,MARRIED,WORDS RELATED TO WEDDING,2,2,3
372,2026-04-05,JOY,WORDS RELATED TO WEDDING,2,2,1
372,2026-04-05,WIFE,WORDS RELATED TO WEDDING,2,3,1
372,2026-04-05,WEAR,WORDS THAT SOUND LIKE ANOTHER WORD,3,1,4
372,2026-04-05,WEEK,WORDS THAT SOUND LIKE ANOTHER WORD,3,4,3
372,2026-04-05,BORE,WORDS THAT SOUND LIKE ANOTHER WORD,3,3,4
372,2026-04-05,PREY,WORDS THAT SOUND LIKE ANOTHER WORD,3,1,3
373,2026-04-05,COMPOSITE,FLOWERS,0,1,3
373,2026-04-05,COSMOS,FLOWERS,0,4,4
373,2026-04-05,PEONY,FLOWERS,0,4,3
373,2026-04-05,STOCK,FLOWERS,0,2,2
373,2026-04-05,TALLY,WORDS MEANING RUN,1,3,1
373,2026-04-05,BUNK,WORDS MEANING RUN,1,1,2
373,2026-04-05,RANGE,WORDS MEANING RUN,1,1,1
373,2026-04-05,HUNT,WORDS MEANING RUN,1,2,1
373,2026-04-05,THE,ASSOCIATED WITH GARDEN,2,1,4
373,2026-04-05,GATE,ASSOCIATED WITH GARDEN,2,3,2
373,2026-04-05,WAS,ASSOCIATED WITH GARDEN,2,3,3
373,2026-04-05,MERIT,ASSOCIATED WITH GARDEN,2,2,3
373,2026-04-05,TOP,___ SIDE,3,3,4
373,2026-04-05,SEA,___ SIDE,3,4,2
373,2026-04-05,COURT,___ SIDE,3,4,1
373,2026-04-05,ROAD,___ SIDE,3,2,4
374,2026-04-05,FLY,INSECTS,0,4,3
374,2026-04-05,FLEA,INSECTS,0,4,4
374,2026-04-05,WORKER,INSECTS,0,2,3
374,2026-04-05,EPHEMERAL,INSECTS,0,4,2
374,2026-04-05,INSTANT,WORDS MEANING FAST,1,1,1
374,2026-04-05,FAITHFUL,WORDS MEANING FAST,1,2,4
374,2026-04-05,SPEEDING,WORDS MEANING FAST,1,3,2
374,2026-04-05,FLEET,WORDS MEANING FAST,1,3,1
374,2026-04-05,TELL,ASSOCIATED WITH TRUTH,2,2,1
374,2026-04-05,TRUE,ASSOCIATED WITH TRUTH,2,1,4
374,2026-04-05,BEAUTY,ASSOCIATED WITH TRUTH,2,4,1
374,2026-04-05,LOGIC,ASSOCIATED WITH TRUTH,2,2,2
374,2026-04-05,MILL,WIND ___,3,3,3
374,2026-04-05,FALL,WIND ___,3,1,2
374,2026-04-05,PIPE,WIND ___,3,1,3
374,2026-04-05,SHIELD,WIND ___,3,3,4
375,2026-04-05,GRILLE,CAR PARTS,0,4,2
375,2026-04-05,ROOF,CAR PARTS,0,4,1
375,2026-04-05,THIRD,CAR PARTS,0,1,4
375,2026-04-05,HIGH,CAR PARTS,0,3,2
375,2026-04-05,SATISFYING,WORDS MEANING HAPPY,1,1,1
375,2026-04-05,BLESSED,WORDS MEANING HAPPY,1,1,2
375,2026-04-05,CHEERY,WORDS MEANING HAPPY,1,2,1
375,2026-04-05,BEAUTIFUL,WORDS MEANING HAPPY,1,2,3
375,2026-04-05,SHADE,GOES WITH SUN,2,3,1
375,2026-04-05,DIAMETER,GOES WITH SUN,2,2,2
375,2026-04-05,ARE,GOES WITH SUN,2,4,4
375,2026-04-05,SHINES,GOES WITH SUN,2,3,3
375,2026-04-05,ANTI,___ FIRE,3,3,4
375,2026-04-05,SPEAR,___ FIRE,3,2,4
375,2026-04-05,HELL,___ FIRE,3,1,3
375,2026-04-05,WILD,___ FIRE,3,4,3
376,2026-04-05,JIG,DANCES,0,2,1
376,2026-04-05,QUICKSTEP,DANCES,0,2,4
376,2026-04-05,STRIP,DANCES,0,4,3
376,2026-04-05,SHIMMY,DANCES,0,3,4
376,2026-04-05,LIGHT,WORDS MEANING FALL,1,3,3
376,2026-04-05,LOWER,WORDS MEANING FALL,1,1,4
376,2026-04-05,DOWNFALL,WORDS MEANING FALL,1,4,2
376,2026-04-05,DECLIVITY,WORDS MEANING FALL,1,2,3
376,2026-04-05,DETENTION,WORDS RELATED TO LIBERTY,2,1,3
376,2026-04-05,EQUALITY,WORDS RELATED TO LIBERTY,2,4,4
376,2026-04-05,RIGHT,WORDS RELATED TO LIBERTY,2,3,1
376,2026-04-05,LEEWAY,WORDS RELATED TO LIBERTY,2,4,1
376,2026-04-05,RADAR,PALINDROMES,3,3,2
376,2026-04-05,REVIVER,PALINDROMES,3,1,2
376,2026-04-05,DEED,PALINDROMES,3,1,1
376,2026-04-05,STATS,PALINDROMES,3,2,2
377,2026-04-05,FOG,CLOUD TYPES,0,3,2
377,2026-04-05,SMOKE,CLOUD TYPES,0,2,4
377,2026-04-05,MUSHROOM,CLOUD TYPES,0,4,4
377,2026-04-05,AEROSOL,CLOUD TYPES,0,4,1
377,2026-04-05,GOOD,WORDS MEANING CLEVER,1,3,4
377,2026-04-05,INVENTIVE,WORDS MEANING CLEVER,1,1,2
377,2026-04-05,SENSIBLE,WORDS MEANING CLEVER,1,1,3
377,2026-04-05,NEAT,WORDS MEANING CLEVER,1,3,3
377,2026-04-05,SITUATED,ASSOCIATED WITH VILLAGE,2,2,2
377,2026-04-05,CENSUS,ASSOCIATED WITH VILLAGE,2,2,1
377,2026-04-05,HAMLET,ASSOCIATED WITH VILLAGE,2,3,1
377,2026-04-05,WITHIN,ASSOCIATED WITH VILLAGE,2,1,1
377,2026-04-05,VOLLEY,___ BALL,3,4,2
377,2026-04-05,BASKET,___ BALL,3,4,3
377,2026-04-05,ODD,___ BALL,3,1,4
377,2026-04-05,FOOT,___ BALL,3,2,3
378,2026-04-05,WILDCAT,CAT BREEDS,0,2,4
378,2026-04-05,MALTESE,CAT BREEDS,0,4,3
378,2026-04-05,PAINTER,CAT BREEDS,0,3,2
378,2026-04-05,TOM,CAT BREEDS,0,2,3
378,2026-04-05,RAUCOUS,WORDS MEANING LOUD,1,2,1
378,2026-04-05,CHEAP,WORDS MEANING LOUD,1,1,2
378,2026-04-05,VOCAL,WORDS MEANING LOUD,1,1,4
378,2026-04-05,HEATED,WORDS MEANING LOUD,1,1,1
378,2026-04-05,RESPECT,ASSOCIATED WITH LOYALTY,2,4,1
378,2026-04-05,CARD,ASSOCIATED WITH LOYALTY,2,3,1
378,2026-04-05,LOYAL,ASSOCIATED WITH LOYALTY,2,4,4
378,2026-04-05,BRAND,ASSOCIATED WITH LOYALTY,2,3,4
378,2026-04-05,WIND,CROSS ___,3,3,3
378,2026-04-05,WALK,CROSS ___,3,1,3
378,2026-04-05,BOW,CROSS ___,3,2,2
378,2026-04-05,BAR,CROSS ___,3,4,2
379,2026-04-05,WINDOW,CAR PARTS,0,1,2
379,2026-04-05,THIRD,CAR PARTS,0,3,3
379,2026-04-05,HORN,CAR PARTS,0,2,3
379,2026-04-05,THROTTLE,CAR PARTS,0,1,1
379,2026-04-05,LEAVE,WORDS MEANING WALK,1,1,3
379,2026-04-05,PEDESTRIAN,WORDS MEANING WALK,1,3,4
379,2026-04-05,ROAD,WORDS MEANING WALK,1,3,2
379,2026-04-05,PATH,WORDS MEANING WALK,1,2,2
379,2026-04-05,COLLECTION,ASSOCIATED WITH MUSEUM,2,4,3
379,2026-04-05,DEDICATED,ASSOCIATED WITH MUSEUM,2,4,1
379,2026-04-05,DRAWINGS,ASSOCIATED WITH MUSEUM,2,2,1
379,2026-04-05,ART,ASSOCIATED WITH MUSEUM,2,2,4
379,2026-04-05,LINE,BLOOD ___,3,1,4
379,2026-04-05,HOUND,BLOOD ___,3,4,2
379,2026-04-05,STREAM,BLOOD ___,3,4,4
379,2026-04-05,BANK,BLOOD ___,3,3,1
380,2026-04-05,CHESTNUT,NUTS,0,1,2
380,2026-04-05,MAST,NUTS,0,1,4
380,2026-04-05,COCONUT,NUTS,0,2,4
380,2026-04-05,BRAZIL,NUTS,0,1,1
380,2026-04-05,JOURNEY,WORDS MEANING WALK,1,4,1
380,2026-04-05,JUMP,WORDS MEANING WALK,1,2,1
380,2026-04-05,FIGHTING,WORDS MEANING WALK,1,1,3
380,2026-04-05,TOE,WORDS MEANING WALK,1,4,3
380,2026-04-05,DESIGNATE,WORDS RELATED TO FATE,2,3,4
380,2026-04-05,FUTURE,WORDS RELATED TO FATE,2,4,4
380,2026-04-05,UNIVERSE,WORDS RELATED TO FATE,2,3,3
380,2026-04-05,PURPOSE,WORDS RELATED TO FATE,2,2,3
380,2026-04-05,UPHOLD,STARTS WITH 'UP',3,3,1
380,2026-04-05,UPHILL,STARTS WITH 'UP',3,4,2
380,2026-04-05,UPBEAT,STARTS WITH 'UP',3,2,2
380,2026-04-05,UPGRADE,STARTS WITH 'UP',3,3,2
381,2026-04-05,AUCTION,CARD GAMES,0,3,1
381,2026-04-05,PARLIAMENT,CARD GAMES,0,1,3
381,2026-04-05,MICHIGAN,CARD GAMES,0,2,2
381,2026-04-05,DRAW,CARD GAMES,0,2,3
381,2026-04-05,EASY,WORDS MEANING LIGHT,1,4,4
381,2026-04-05,PALE,WORDS MEANING LIGHT,1,4,2
381,2026-04-05,DEFICIENT,WORDS MEANING LIGHT,1,4,3
381,2026-04-05,FALL,WORDS MEANING LIGHT,1,3,3
381,2026-04-05,CLOCK,ASSOCIATED WITH TOWER,2,3,4
381,2026-04-05,LANDMARK,ASSOCIATED WITH TOWER,2,1,4
381,2026-04-05,RESTORED,ASSOCIATED WITH TOWER,2,1,1
381,2026-04-05,STANDS,ASSOCIATED WITH TOWER,2,4,1
381,2026-04-05,BLACK,___ WATER,3,3,2
381,2026-04-05,UNDER,___ WATER,3,2,4
381,2026-04-05,WASTE,___ WATER,3,1,2
381,2026-04-05,STILL,___ WATER,3,2,1
382,2026-04-05,BARKER,DOG BREEDS,0,1,3
382,2026-04-05,HUSKY,DOG BREEDS,0,1,4
382,2026-04-05,TERRIER,DOG BREEDS,0,4,1
382,2026-04-05,PUPPY,DOG BREEDS,0,2,2
382,2026-04-05,OBLITERATE,WORDS MEANING DESTROY,1,2,1
382,2026-04-05,UNDERMINE,WORDS MEANING DESTROY,1,3,2
382,2026-04-05,DISRUPTION,WORDS MEANING DESTROY,1,3,3
382,2026-04-05,ERADICATE,WORDS MEANING DESTROY,1,2,3
382,2026-04-05,RELIGIOUS,ASSOCIATED WITH FREEDOM,2,4,2
382,2026-04-05,MOVEMENT,ASSOCIATED WITH FREEDOM,2,1,2
382,2026-04-05,PRESS,ASSOCIATED WITH FREEDOM,2,4,4
382,2026-04-05,SPEECH,ASSOCIATED WITH FREEDOM,2,1,1
382,2026-04-05,BURNS,SIDE ___,3,3,4
382,2026-04-05,TRACK,SIDE ___,3,2,4
382,2026-04-05,WALK,SIDE ___,3,4,3
382,2026-04-05,LINE,SIDE ___,3,3,1
383,2026-04-05,NECK,BODY PARTS,0,3,1
383,2026-04-05,CAVITY,BODY PARTS,0,2,1
383,2026-04-05,TRUNK,BODY PARTS,0,4,3
383,2026-04-05,ARM,BODY PARTS,0,3,2
383,2026-04-05,OUTCRY,WORDS MEANING SHOUT,1,1,1
383,2026-04-05,SCREAM,WORDS MEANING SHOUT,1,2,2
383,2026-04-05,SQUALL,WORDS MEANING SHOUT,1,4,2
383,2026-04-05,ABUSE,WORDS MEANING SHOUT,1,3,4
383,2026-04-05,PLANTS,GOES WITH DUNE,2,4,4
383,2026-04-05,VEGETATION,GOES WITH DUNE,2,4,1
383,2026-04-05,WINDS,GOES WITH DUNE,2,2,4
383,2026-04-05,COUNTRY,GOES WITH DUNE,2,2,3
383,2026-04-05,AIR,___ SHIP,3,1,3
383,2026-04-05,FRIEND,___ SHIP,3,1,2
383,2026-04-05,HARD,___ SHIP,3,1,4
383,2026-04-05,OWNER,___ SHIP,3,3,3
384,2026-04-05,PEACOCK,BUTTERFLIES,0,3,3
384,2026-04-05,MONARCH,BUTTERFLIES,0,4,2
384,2026-04-05,BLUE,BUTTERFLIES,0,2,4
384,2026-04-05,COPPER,BUTTERFLIES,0,1,2
384,2026-04-05,BIG,WORDS MEANING LOUD,1,2,1
384,2026-04-05,BLASTING,WORDS MEANING LOUD,1,3,2
384,2026-04-05,THUNDEROUS,WORDS MEANING LOUD,1,1,3
384,2026-04-05,ROARING,WORDS MEANING LOUD,1,1,1
384,2026-04-05,SNOW,WORDS RELATED TO GLACIER,2,2,3
384,2026-04-05,BYRD,WORDS RELATED TO GLACIER,2,3,1
384,2026-04-05,EXTREMITY,WORDS RELATED TO GLACIER,2,2,2
384,2026-04-05,PEAK,WORDS RELATED TO GLACIER,2,4,3
384,2026-04-05,LAMP,MEANINGS OF 'LIGHT',3,3,4
384,2026-04-05,EASY,MEANINGS OF 'LIGHT',3,4,1
384,2026-04-05,IGNITE,MEANINGS OF 'LIGHT',3,4,4
384,2026-04-05,PALE,MEANINGS OF 'LIGHT',3,1,4
385,2026-04-05,MALTESE,CAT BREEDS,0,2,2
385,2026-04-05,SIAMESE,CAT BREEDS,0,1,1
385,2026-04-05,PAINTER,CAT BREEDS,0,2,3
385,2026-04-05,TOM,CAT BREEDS,0,4,4
385,2026-04-05,ENJOYMENT,WORDS MEANING HAPPY,1,2,1
385,2026-04-05,PLEASANT,WORDS MEANING HAPPY,1,2,4
385,2026-04-05,LAUGHING,WORDS MEANING HAPPY,1,4,1
385,2026-04-05,CHEERFUL,WORDS MEANING HAPPY,1,3,1
385,2026-04-05,EXPLORED,ASSOCIATED WITH CAVE,2,1,4
385,2026-04-05,EXCAVATION,ASSOCIATED WITH CAVE,2,3,3
385,2026-04-05,SALAMANDER,ASSOCIATED WITH CAVE,2,3,4
385,2026-04-05,TEMPLE,ASSOCIATED WITH CAVE,2,3,2
385,2026-04-05,SCORE,___ BOOK,3,4,2
385,2026-04-05,POCKET,___ BOOK,3,1,3
385,2026-04-05,RULE,___ BOOK,3,4,3
385,2026-04-05,GUEST,___ BOOK,3,1,2
386,2026-04-05,SKIFF,BOATS,0,3,3
386,2026-04-05,STEAMBOAT,BOATS,0,1,2
386,2026-04-05,DUGOUT,BOATS,0,4,4
386,2026-04-05,BARGE,BOATS,0,3,4
386,2026-04-05,DRAW,WORDS MEANING PULL,1,2,3
386,2026-04-05,GONE,WORDS MEANING PULL,1,2,4
386,2026-04-05,EXTRACTION,WORDS MEANING PULL,1,1,1
386,2026-04-05,TENSION,WORDS MEANING PULL,1,4,3
386,2026-04-05,PULL,WORDS RELATED TO TENSION,2,4,2
386,2026-04-05,VOLTAGE,WORDS RELATED TO TENSION,2,2,2
386,2026-04-05,CONFLICT,WORDS RELATED TO TENSION,2,4,1
386,2026-04-05,RIGIDITY,WORDS RELATED TO TENSION,2,1,4
386,2026-04-05,TOWN,DOWN ___,3,3,1
386,2026-04-05,WARD,DOWN ___,3,3,2
386,2026-04-05,GRADE,DOWN ___,3,1,3
386,2026-04-05,HILL,DOWN ___,3,2,1
387,2026-04-05,FIRST,CAR PARTS,0,2,1
387,2026-04-05,BUFFER,CAR PARTS,0,4,4
387,2026-04-05,HOOD,CAR PARTS,0,2,3
387,2026-04-05,HIGH,CAR PARTS,0,1,2
387,2026-04-05,SLIM,WORDS MEANING NARROW,1,4,2
387,2026-04-05,SLENDER,WORDS MEANING NARROW,1,1,4
387,2026-04-05,PETTY,WORDS MEANING NARROW,1,2,2
387,2026-04-05,DIMINISH,WORDS MEANING NARROW,1,1,1
387,2026-04-05,TREATIES,GOES WITH PEACE,2,1,3
387,2026-04-05,THE,GOES WITH PEACE,2,4,3
387,2026-04-05,THAN,GOES WITH PEACE,2,3,1
387,2026-04-05,NOBEL,GOES WITH PEACE,2,3,4
387,2026-04-05,TRAFFIC,___ LIGHT,3,2,4
387,2026-04-05,LIME,___ LIGHT,3,4,1
387,2026-04-05,SEARCH,___ LIGHT,3,3,3
387,2026-04-05,MOON,___ LIGHT,3,3,2
388,2026-04-05,AEROSOL,CLOUD TYPES,0,4,2
388,2026-04-05,FOG,CLOUD TYPES,0,4,3
388,2026-04-05,HUNTER,CLOUD TYPES,0,1,4
388,2026-04-05,HAZE,CLOUD TYPES,0,1,3
388,2026-04-05,INHIBIT,WORDS MEANING STOP,1,1,2
388,2026-04-05,ARREST,WORDS MEANING STOP,1,3,3
388,2026-04-05,HITCH,WORDS MEANING STOP,1,4,4
388,2026-04-05,QUITTING,WORDS MEANING STOP,1,3,4
388,2026-04-05,ILLUSION,WORDS RELATED TO DREAM,2,2,4
388,2026-04-05,DREAMER,WORDS RELATED TO DREAM,2,3,2
388,2026-04-05,WANTED,WORDS RELATED TO DREAM,2,2,2
388,2026-04-05,GIRL,WORDS RELATED TO DREAM,2,2,1
388,2026-04-05,DIAMOND,COULD BE A SUIT OR VERB,3,2,3
388,2026-04-05,SPADE,COULD BE A SUIT OR VERB,3,3,1
388,2026-04-05,HEART,COULD BE A SUIT OR VERB,3,4,1
388,2026-04-05,CLUB,COULD BE A SUIT OR VERB,3,1,1
389,2026-04-05,ANACONDA,SNAKES,0,4,2
389,2026-04-05,GARTER,SNAKES,0,4,4
389,2026-04-05,MILK,SNAKES,0,3,1
389,2026-04-05,COBRA,SNAKES,0,4,3
389,2026-04-05,HARSH,WORDS MEANING ROUGH,1,1,1
389,2026-04-05,SHAGGY,WORDS MEANING ROUGH,1,1,3
389,2026-04-05,ROUGHLY,WORDS MEANING ROUGH,1,3,2
389,2026-04-05,AGGRESSIVE,WORDS MEANING ROUGH,1,2,2
389,2026-04-05,BASIN,ASSOCIATED WITH RIVER,2,4,1
389,2026-04-05,ABOUT,ASSOCIATED WITH RIVER,2,3,3
389,2026-04-05,PASSES,ASSOCIATED WITH RIVER,2,2,1
389,2026-04-05,WATERSHED,ASSOCIATED WITH RIVER,2,2,4
389,2026-04-05,HEAD,___ STONE,3,2,3
389,2026-04-05,COBBLE,___ STONE,3,3,4
389,2026-04-05,MILL,___ STONE,3,1,2
389,2026-04-05,CORNER,___ STONE,3,1,4
390,2026-04-05,ANACONDA,SNAKES,0,4,4
390,2026-04-05,MILK,SNAKES,0,2,1
390,2026-04-05,BOA,SNAKES,0,1,2
390,2026-04-05,GARTER,SNAKES,0,4,1
390,2026-04-05,LOUDLY,WORDS MEANING LOUD,1,3,1
390,2026-04-05,FLASHY,WORDS MEANING LOUD,1,2,2
390,2026-04-05,KEEN,WORDS MEANING LOUD,1,1,3
390,2026-04-05,VIBRANT,WORDS MEANING LOUD,1,4,2
390,2026-04-05,REFORMED,ASSOCIATED WITH FAITH,2,3,3
390,2026-04-05,DOCTRINE,ASSOCIATED WITH FAITH,2,2,4
390,2026-04-05,MISSIONARY,ASSOCIATED WITH FAITH,2,4,3
390,2026-04-05,DIVINE,ASSOCIATED WITH FAITH,2,1,1
390,2026-04-05,SHOW,SIDE ___,3,3,2
390,2026-04-05,CAR,SIDE ___,3,1,4
390,2026-04-05,LINE,SIDE ___,3,3,4
390,2026-04-05,STEP,SIDE ___,3,2,3
391,2026-04-05,TORSO,BODY PARTS,0,3,4
391,2026-04-05,LEG,BODY PARTS,0,2,2
391,2026-04-05,TRUNK,BODY PARTS,0,2,4
391,2026-04-05,ARM,BODY PARTS,0,1,1
391,2026-04-05,STILL,WORDS MEANING SMOOTH,1,4,3
391,2026-04-05,FLUID,WORDS MEANING SMOOTH,1,3,2
391,2026-04-05,QUIET,WORDS MEANING SMOOTH,1,1,3
391,2026-04-05,POLITIC,WORDS MEANING SMOOTH,1,3,1
391,2026-04-05,DRIFTS,GOES WITH SNOW,2,1,4
391,2026-04-05,ARE,GOES WITH SNOW,2,2,1
391,2026-04-05,MAY,GOES WITH SNOW,2,4,2
391,2026-04-05,WINDS,GOES WITH SNOW,2,2,3
391,2026-04-05,SIDE,FIRE ___,3,4,1
391,2026-04-05,MAN,FIRE ___,3,1,2
391,2026-04-05,BRAND,FIRE ___,3,4,4
391,2026-04-05,WORK,FIRE ___,3,3,3
392,2026-04-05,PUSSY,CAT BREEDS,0,1,1
392,2026-04-05,KITTY,CAT BREEDS,0,1,2
392,2026-04-05,PAINTER,CAT BREEDS,0,2,1
392,2026-04-05,TOM,CAT BREEDS,0,1,4
392,2026-04-05,BURST,WORDS MEANING BREAK,1,3,4
392,2026-04-05,INTERRUPT,WORDS MEANING BREAK,1,2,2
392,2026-04-05,BREACH,WORDS MEANING BREAK,1,2,4
392,2026-04-05,REVEAL,WORDS MEANING BREAK,1,4,3
392,2026-04-05,EVENT,WORDS RELATED TO SILVER,2,1,3
392,2026-04-05,ELDERLY,WORDS RELATED TO SILVER,2,3,2
392,2026-04-05,MINES,WORDS RELATED TO SILVER,2,4,4
392,2026-04-05,OAK,WORDS RELATED TO SILVER,2,4,2
392,2026-04-05,SORE,RHYMES WITH 'DOOR',3,2,3
392,2026-04-05,FLOOR,RHYMES WITH 'DOOR',3,3,3
392,2026-04-05,SHORE,RHYMES WITH 'DOOR',3,3,1
392,2026-04-05,BORE,RHYMES WITH 'DOOR',3,4,1
393,2026-04-05,VENUS,PLANETS,0,1,3
393,2026-04-05,JUPITER,PLANETS,0,4,3
393,2026-04-05,SATURN,PLANETS,0,4,4
393,2026-04-05,NEPTUNE,PLANETS,0,2,1
393,2026-04-05,SOUND,WORDS MEANING HAPPY,1,3,4
393,2026-04-05,PLEASURE,WORDS MEANING HAPPY,1,1,2
393,2026-04-05,CHEERY,WORDS MEANING HAPPY,1,4,2
393,2026-04-05,EXCELLENT,WORDS MEANING HAPPY,1,1,4
393,2026-04-05,BATS,ASSOCIATED WITH CAVE,2,1,1
393,2026-04-05,SYSTEM,ASSOCIATED WITH CAVE,2,2,3
393,2026-04-05,DISCOVERED,ASSOCIATED WITH CAVE,2,3,2
393,2026-04-05,THERE,ASSOCIATED WITH CAVE,2,3,3
393,2026-04-05,HEAD,___ LIGHT,3,2,2
393,2026-04-05,TWI,___ LIGHT,3,2,4
393,2026-04-05,NIGHT,___ LIGHT,3,3,1
393,2026-04-05,MOON,___ LIGHT,3,4,1
394,2026-04-05,PAINTER,CAT BREEDS,0,4,3
394,2026-04-05,QUEEN,CAT BREEDS,0,3,1
394,2026-04-05,MALTESE,CAT BREEDS,0,4,1
394,2026-04-05,TOM,CAT BREEDS,0,4,2
394,2026-04-05,FOOD,WORDS MEANING EAT,1,4,4
394,2026-04-05,ABSORB,WORDS MEANING EAT,1,2,2
394,2026-04-05,DINE,WORDS MEANING EAT,1,1,4
394,2026-04-05,DINING,WORDS MEANING EAT,1,2,4
394,2026-04-05,CREATIVE,WORDS RELATED TO CREATIVITY,2,3,2
394,2026-04-05,INGENUITY,WORDS RELATED TO CREATIVITY,2,1,2
394,2026-04-05,MOTIVATION,WORDS RELATED TO CREATIVITY,2,3,3
394,2026-04-05,ENTERPRISE,WORDS RELATED TO CREATIVITY,2,3,4
394,2026-04-05,HAND,SHORT ___,3,1,3
394,2026-04-05,CUT,SHORT ___,3,1,1
394,2026-04-05,CAKE,SHORT ___,3,2,3
394,2026-04-05,FALL,SHORT ___,3,2,1
395,2026-04-05,LOG,PARTS OF A SHIP,0,3,3
395,2026-04-05,BAY,PARTS OF A SHIP,0,4,3
395,2026-04-05,TAIL,PARTS OF A SHIP,0,4,1
395,2026-04-05,SKELETON,PARTS OF A SHIP,0,3,2
395,2026-04-05,RIOTOUS,WORDS MEANING FAST,1,2,3
395,2026-04-05,FIRM,WORDS MEANING FAST,1,2,2
395,2026-04-05,QUICK,WORDS MEANING FAST,1,1,1
395,2026-04-05,DISSIPATED,WORDS MEANING FAST,1,3,4
395,2026-04-05,WORN,ASSOCIATED WITH SILVER,2,1,3
395,2026-04-05,OLYMPICS,ASSOCIATED WITH SILVER,2,1,4
395,2026-04-05,STAR,ASSOCIATED WITH SILVER,2,4,2
395,2026-04-05,OAK,ASSOCIATED WITH SILVER,2,3,1
395,2026-04-05,SMITH,BLACK ___,3,2,4
395,2026-04-05,MAIL,BLACK ___,3,2,1
395,2026-04-05,BERRY,BLACK ___,3,4,4
395,2026-04-05,BIRD,BLACK ___,3,1,2
396,2026-04-05,ISLAM,RELIGIONS,0,2,4
396,2026-04-05,FAITH,RELIGIONS,0,1,1
396,2026-04-05,VOODOO,RELIGIONS,0,4,1
396,2026-04-05,MAHAYANA,RELIGIONS,0,3,4
396,2026-04-05,ATTRACTIVE,WORDS MEANING BEAUTIFUL,1,2,1
396,2026-04-05,GLORIOUS,WORDS MEANING BEAUTIFUL,1,3,3
396,2026-04-05,ESTHETIC,WORDS MEANING BEAUTIFUL,1,2,3
396,2026-04-05,SCENIC,WORDS MEANING BEAUTIFUL,1,4,4
396,2026-04-05,SANDY,ASSOCIATED WITH DESERT,2,4,3
396,2026-04-05,LANDSCAPE,ASSOCIATED WITH DESERT,2,4,2
396,2026-04-05,RAINFALL,ASSOCIATED WITH DESERT,2,1,2
396,2026-04-05,VEGAS,ASSOCIATED WITH DESERT,2,3,1
396,2026-04-05,CIVIC,PALINDROMES,3,3,2
396,2026-04-05,RACECAR,PALINDROMES,3,1,3
396,2026-04-05,REVIVER,PALINDROMES,3,1,4
396,2026-04-05,MADAM,PALINDROMES,3,2,2
397,2026-04-05,CORAL,GEMS,0,3,4
397,2026-04-05,TURQUOISE,GEMS,0,3,3
397,2026-04-05,PLASMA,GEMS,0,4,3
397,2026-04-05,DIAMOND,GEMS,0,1,3
397,2026-04-05,LAVISH,WORDS MEANING RICH,1,2,3
397,2026-04-05,PRODUCTIVE,WORDS MEANING RICH,1,4,1
397,2026-04-05,AFFLUENT,WORDS MEANING RICH,1,1,1
397,2026-04-05,DEEP,WORDS MEANING RICH,1,1,2
397,2026-04-05,MACHINERY,ASSOCIATED WITH FARM,2,2,2
397,2026-04-05,MILK,ASSOCIATED WITH FARM,2,3,2
397,2026-04-05,LIVESTOCK,ASSOCIATED WITH FARM,2,2,4
397,2026-04-05,HORSES,ASSOCIATED WITH FARM,2,1,4
397,2026-04-05,BIRTH,___ MARK,3,4,4
397,2026-04-05,TRADE,___ MARK,3,2,1
397,2026-04-05,BOOK,___ MARK,3,3,1
397,2026-04-05,CHECK,___ MARK,3,4,2
398,2026-04-05,SALMON,FISH,0,4,4
398,2026-04-05,BLEAK,FISH,0,1,4
398,2026-04-05,BASS,FISH,0,2,3
398,2026-04-05,SMELT,FISH,0,2,1
398,2026-04-05,LAME,WORDS MEANING WEAK,1,3,1
398,2026-04-05,VULNERABLE,WORDS MEANING WEAK,1,4,1
398,2026-04-05,SPINELESS,WORDS MEANING WEAK,1,2,4
398,2026-04-05,THIN,WORDS MEANING WEAK,1,3,2
398,2026-04-05,PRESSURE,ASSOCIATED WITH TENSION,2,2,2
398,2026-04-05,STRINGS,ASSOCIATED WITH TENSION,2,1,1
398,2026-04-05,CULMINATED,ASSOCIATED WITH TENSION,2,4,3
398,2026-04-05,SURFACE,ASSOCIATED WITH TENSION,2,3,3
398,2026-04-05,LAP,OVER ___,3,4,2
398,2026-04-05,SEE,OVER ___,3,3,4
398,2026-04-05,CAST,OVER ___,3,1,3
398,2026-04-05,JOYED,OVER ___,3,1,2
399,2026-04-05,KEYBOARD,COMPUTER PARTS,0,4,2
399,2026-04-05,CHIP,COMPUTER PARTS,0,1,3
399,2026-04-05,PROCESSOR,COMPUTER PARTS,0,4,4
399,2026-04-05,MEMORY,COMPUTER PARTS,0,4,1
399,2026-04-05,THICK,WORDS MEANING DEEP,1,3,3
399,2026-04-05,RICH,WORDS MEANING DEEP,1,4,3
399,2026-04-05,CRYPTIC,WORDS MEANING DEEP,1,2,3
399,2026-04-05,MYSTERIOUS,WORDS MEANING DEEP,1,3,2
399,2026-04-05,THERE,GOES WITH BRIDGE,2,1,4
399,2026-04-05,FREEWAY,GOES WITH BRIDGE,2,2,2
399,2026-04-05,GAP,GOES WITH BRIDGE,2,2,1
399,2026-04-05,HISTORIC,GOES WITH BRIDGE,2,3,1
399,2026-04-05,CALL,BIRD ___,3,2,4
399,2026-04-05,WATCH,BIRD ___,3,1,1
399,2026-04-05,SEED,BIRD ___,3,1,2
399,2026-04-05,BATH,BIRD ___,3,3,4
400,2026-04-05,CRIB,CARD GAMES,0,4,2
400,2026-04-05,MONTE,CARD GAMES,0,3,3
400,2026-04-05,NAPOLEON,CARD GAMES,0,4,3
400,2026-04-05,FARO,CARD GAMES,0,4,1
400,2026-04-05,STRIKE,WORDS MEANING HIT,1,3,1
400,2026-04-05,MAKE,WORDS MEANING HIT,1,2,4
400,2026-04-05,PUNCH,WORDS MEANING HIT,1,2,1
400,2026-04-05,BUMP,WORDS MEANING HIT,1,2,3
400,2026-04-05,SLEEP,ASSOCIATED WITH DREAM,2,1,1
400,2026-04-05,GIRL,ASSOCIATED WITH DREAM,2,2,2
400,2026-04-05,TRUE,ASSOCIATED WITH DREAM,2,1,3
400,2026-04-05,POP,ASSOCIATED WITH DREAM,2,1,2
400,2026-04-05,HOLLY,COULD BE TREE OR NAME,3,4,4
400,2026-04-05,CEDAR,COULD BE TREE OR NAME,3,3,4
400,2026-04-05,OLIVE,COULD BE TREE OR NAME,3,3,2
400,2026-04-05,HAZEL,COULD BE TREE OR NAME,3,1,4
401,2026-04-05,ANISE,SPICES,0,4,1
401,2026-04-05,GINGER,SPICES,0,3,3
401,2026-04-05,FENNEL,SPICES,0,4,2
401,2026-04-05,PAPRIKA,SPICES,0,3,4
401,2026-04-05,HEAVY,WORDS MEANING THICK,1,2,1
401,2026-04-05,THICKLY,WORDS MEANING THICK,1,1,3
401,2026-04-05,DENSE,WORDS MEANING THICK,1,2,3
401,2026-04-05,SYRUPY,WORDS MEANING THICK,1,2,2
401,2026-04-05,MANOR,ASSOCIATED WITH CASTLE,2,1,2
401,2026-04-05,STOOD,ASSOCIATED WITH CASTLE,2,4,4
401,2026-04-05,CENTURY,ASSOCIATED WITH CASTLE,2,3,1
401,2026-04-05,CALLED,ASSOCIATED WITH CASTLE,2,3,2
401,2026-04-05,SOFT,___ BALL,3,1,4
401,2026-04-05,HAND,___ BALL,3,1,1
401,2026-04-05,CANNON,___ BALL,3,4,3
401,2026-04-05,FOOT,___ BALL,3,2,4
402,2026-04-05,MARS,PLANETS,0,3,4
402,2026-04-05,SATURN,PLANETS,0,1,2
402,2026-04-05,VENUS,PLANETS,0,1,1
402,2026-04-05,NEPTUNE,PLANETS,0,4,1
402,2026-04-05,STAIR,WORDS MEANING WALK,1,4,2
402,2026-04-05,CLIMB,WORDS MEANING WALK,1,3,3
402,2026-04-05,GAIT,WORDS MEANING WALK,1,1,4
402,2026-04-05,JOURNEY,WORDS MEANING WALK,1,2,4
402,2026-04-05,EVENT,WORDS RELATED TO PRIDE,2,3,2
402,2026-04-05,QUEER,WORDS RELATED TO PRIDE,2,4,3
402,2026-04-05,PRESTIGE,WORDS RELATED TO PRIDE,2,1,3
402,2026-04-05,UNITY,WORDS RELATED TO PRIDE,2,2,3
402,2026-04-05,RISE,SUN ___,3,4,4
402,2026-04-05,BURN,SUN ___,3,2,2
402,2026-04-05,SCREEN,SUN ___,3,2,1
402,2026-04-05,BEAM,SUN ___,3,3,1
403,2026-04-05,LEG,BODY PARTS,0,1,2
403,2026-04-05,TRUNK,BODY PARTS,0,2,1
403,2026-04-05,HEAD,BODY PARTS,0,1,3
403,2026-04-05,NECK,BODY PARTS,0,4,1
403,2026-04-05,TRITE,WORDS MEANING TIRED,1,3,1
403,2026-04-05,BANAL,WORDS MEANING TIRED,1,3,3
403,2026-04-05,HACKNEYED,WORDS MEANING TIRED,1,4,3
403,2026-04-05,THREADBARE,WORDS MEANING TIRED,1,1,4
403,2026-04-05,COUPLE,GOES WITH WEDDING,2,4,4
403,2026-04-05,GROOM,GOES WITH WEDDING,2,3,4
403,2026-04-05,WILL,GOES WITH WEDDING,2,3,2
403,2026-04-05,BAND,GOES WITH WEDDING,2,2,3
403,2026-04-05,WORK,___ ROOM,3,1,1
403,2026-04-05,DRESS,___ ROOM,3,4,2
403,2026-04-05,CLOAK,___ ROOM,3,2,2
403,2026-04-05,LIVING,___ ROOM,3,2,4
404,2026-04-05,WATERCOLOR,PAINTING STYLES,0,4,1
404,2026-04-05,FRESCO,PAINTING STYLES,0,4,4
404,2026-04-05,MINIATURE,PAINTING STYLES,0,4,2
404,2026-04-05,LANDSCAPE,PAINTING STYLES,0,1,2
404,2026-04-05,STUDYING,WORDS MEANING LOOK,1,1,4
404,2026-04-05,SPIRIT,WORDS MEANING LOOK,1,3,3
404,2026-04-05,FACE,WORDS MEANING LOOK,1,4,3
404,2026-04-05,READ,WORDS MEANING LOOK,1,2,1
404,2026-04-05,POPE,ASSOCIATED WITH FAITH,2,1,1
404,2026-04-05,GOD,ASSOCIATED WITH FAITH,2,2,2
404,2026-04-05,TRUTH,ASSOCIATED WITH FAITH,2,3,1
404,2026-04-05,RELIGION,ASSOCIATED WITH FAITH,2,3,4
404,2026-04-05,SHELF,ALL START WITH 'S',3,1,3
404,2026-04-05,SEIZE,ALL START WITH 'S',3,2,3
404,2026-04-05,SENSE,ALL START WITH 'S',3,3,2
404,2026-04-05,SCALE,ALL START WITH 'S',3,2,4
405,2026-04-05,PIE,LANGUAGES,0,4,2
405,2026-04-05,GREEK,LANGUAGES,0,4,3
405,2026-04-05,INDIAN,LANGUAGES,0,1,1
405,2026-04-05,BARRAGE,LANGUAGES,0,1,4
405,2026-04-05,WORRISOME,WORDS MEANING HEAVY,1,2,3
405,2026-04-05,STRESSED,WORDS MEANING HEAVY,1,4,1
405,2026-04-05,HIGH,WORDS MEANING HEAVY,1,3,3
405,2026-04-05,STEEP,WORDS MEANING HEAVY,1,2,4
405,2026-04-05,SHALLOW,ASSOCIATED WITH LAGOON,2,1,2
405,2026-04-05,PROTECTED,ASSOCIATED WITH LAGOON,2,2,1
405,2026-04-05,SURROUNDED,ASSOCIATED WITH LAGOON,2,4,4
405,2026-04-05,DEPTHS,ASSOCIATED WITH LAGOON,2,2,2
405,2026-04-05,ALE,___ HOUSE,3,3,2
405,2026-04-05,FULL,___ HOUSE,3,1,3
405,2026-04-05,TREE,___ HOUSE,3,3,4
405,2026-04-05,CLUB,___ HOUSE,3,3,1
406,2026-04-05,TOWER,BOATS,0,4,2
406,2026-04-05,CRUISER,BOATS,0,2,2
406,2026-04-05,BARGE,BOATS,0,4,4
406,2026-04-05,JOLLY,BOATS,0,1,3
406,2026-04-05,READY,WORDS MEANING CLEVER,1,3,4
406,2026-04-05,GOOD,WORDS MEANING CLEVER,1,4,3
406,2026-04-05,CAGEY,WORDS MEANING CLEVER,1,4,1
406,2026-04-05,CAPABLE,WORDS MEANING CLEVER,1,1,1
406,2026-04-05,AUTONOMY,WORDS RELATED TO LIBERTY,2,1,2
406,2026-04-05,BOWL,WORDS RELATED TO LIBERTY,2,2,4
406,2026-04-05,PROSPERITY,WORDS RELATED TO LIBERTY,2,1,4
406,2026-04-05,HAPPINESS,WORDS RELATED TO LIBERTY,2,3,3
406,2026-04-05,KEEP,UP ___,3,2,1
406,2026-04-05,BRING,UP ___,3,3,2
406,2026-04-05,HOLD,UP ___,3,3,1
406,2026-04-05,STREAM,UP ___,3,2,3
407,2026-04-05,BAY,PARTS OF A SHIP,0,3,3
407,2026-04-05,DECK,PARTS OF A SHIP,0,2,1
407,2026-04-05,SHEET,PARTS OF A SHIP,0,3,4
407,2026-04-05,SCREW,PARTS OF A SHIP,0,1,4
407,2026-04-05,CANNY,WORDS MEANING CLEVER,1,2,2
407,2026-04-05,CUNNING,WORDS MEANING CLEVER,1,3,1
407,2026-04-05,APT,WORDS MEANING CLEVER,1,2,3
407,2026-04-05,CAGEY,WORDS MEANING CLEVER,1,3,2
407,2026-04-05,CANAL,ASSOCIATED WITH RIVER,2,2,4
407,2026-04-05,CROSSING,ASSOCIATED WITH RIVER,2,4,4
407,2026-04-05,HEADWATERS,ASSOCIATED WITH RIVER,2,1,2
407,2026-04-05,BRAZIL,ASSOCIATED WITH RIVER,2,4,3
407,2026-04-05,WEEK,___ DAY,3,4,1
407,2026-04-05,BIRTH,___ DAY,3,1,3
407,2026-04-05,WORK,___ DAY,3,4,2
407,2026-04-05,SUN,___ DAY,3,1,1
408,2026-04-05,BOARD,FURNITURE,0,1,1
408,2026-04-05,NEST,FURNITURE,0,2,3
408,2026-04-05,LOUNGE,FURNITURE,0,2,4
408,2026-04-05,STOOL,FURNITURE,0,1,2
408,2026-04-05,ADVANCING,WORDS MEANING PUSH,1,3,4
408,2026-04-05,SURGE,WORDS MEANING PUSH,1,2,1
408,2026-04-05,PROPEL,WORDS MEANING PUSH,1,1,3
408,2026-04-05,INCITE,WORDS MEANING PUSH,1,4,4
408,2026-04-05,RICHARD,ASSOCIATED WITH CLIFF,2,1,4
408,2026-04-05,EDGE,ASSOCIATED WITH CLIFF,2,4,3
408,2026-04-05,TOPS,ASSOCIATED WITH CLIFF,2,4,2
408,2026-04-05,EROSION,ASSOCIATED WITH CLIFF,2,4,1
408,2026-04-05,HEART,CONTAINS 'ART',3,3,1
408,2026-04-05,ARTIST,CONTAINS 'ART',3,2,2
408,2026-04-05,DARTED,CONTAINS 'ART',3,3,2
408,2026-04-05,SMART,CONTAINS 'ART',3,3,3
409,2026-04-05,TOY,DOG BREEDS,0,1,3
409,2026-04-05,COLLIE,DOG BREEDS,0,4,4
409,2026-04-05,MALTESE,DOG BREEDS,0,1,4
409,2026-04-05,TERRIER,DOG BREEDS,0,2,1
409,2026-04-05,UNEASY,WORDS MEANING STRANGE,1,3,4
409,2026-04-05,SURPRISING,WORDS MEANING STRANGE,1,3,3
409,2026-04-05,EERIE,WORDS MEANING STRANGE,1,3,1
409,2026-04-05,FREAK,WORDS MEANING STRANGE,1,3,2
409,2026-04-05,THREATENED,ASSOCIATED WITH FOREST,2,2,3
409,2026-04-05,TIMBER,ASSOCIATED WITH FOREST,2,1,1
409,2026-04-05,TRAILS,ASSOCIATED WITH FOREST,2,2,2
409,2026-04-05,WILDERNESS,ASSOCIATED WITH FOREST,2,4,2
409,2026-04-05,BASE,___ BALL,3,2,4
409,2026-04-05,CANNON,___ BALL,3,4,1
409,2026-04-05,PIN,___ BALL,3,1,2
409,2026-04-05,CRICKET,___ BALL,3,4,3
410,2026-04-05,MILK,SNAKES,0,4,1
410,2026-04-05,ANACONDA,SNAKES,0,2,4
410,2026-04-05,PYTHON,SNAKES,0,3,4
410,2026-04-05,GARTER,SNAKES,0,3,3
410,2026-04-05,DAMN,WORDS MEANING SHALLOW,1,3,2
410,2026-04-05,CURSORY,WORDS MEANING SHALLOW,1,2,2
410,2026-04-05,TRIFLING,WORDS MEANING SHALLOW,1,4,4
410,2026-04-05,SMALL,WORDS MEANING SHALLOW,1,3,1
410,2026-04-05,ALLIES,WORDS RELATED TO BETRAYAL,2,1,2
410,2026-04-05,KILL,WORDS RELATED TO BETRAYAL,2,2,3
410,2026-04-05,TRUST,WORDS RELATED TO BETRAYAL,2,4,3
410,2026-04-05,ARREST,WORDS RELATED TO BETRAYAL,2,1,1
410,2026-04-05,CAP,NIGHT ___,3,1,3
410,2026-04-05,SHADE,NIGHT ___,3,1,4
410,2026-04-05,CLUB,NIGHT ___,3,2,1
410,2026-04-05,LIFE,NIGHT ___,3,4,2
411,2026-04-05,EYEBROW,PARTS OF THE FACE,0,3,3
411,2026-04-05,NOSE,PARTS OF THE FACE,0,2,1
411,2026-04-05,MOUTH,PARTS OF THE FACE,0,3,2
411,2026-04-05,EYE,PARTS OF THE FACE,0,2,4
411,2026-04-05,MYSTERIOUS,WORDS MEANING STRANGE,1,2,3
411,2026-04-05,ECCENTRIC,WORDS MEANING STRANGE,1,1,1
411,2026-04-05,UNIQUE,WORDS MEANING STRANGE,1,2,2
411,2026-04-05,SINGULAR,WORDS MEANING STRANGE,1,4,3
411,2026-04-05,SHIFT,ASSOCIATED WITH NIGHT,2,3,1
411,2026-04-05,RAW,ASSOCIATED WITH NIGHT,2,1,2
411,2026-04-05,BED,ASSOCIATED WITH NIGHT,2,3,4
411,2026-04-05,MIDNIGHT,ASSOCIATED WITH NIGHT,2,4,2
411,2026-04-05,BROAD,___ SIDE,3,4,1
411,2026-04-05,RING,___ SIDE,3,4,4
411,2026-04-05,COURT,___ SIDE,3,1,4
411,2026-04-05,LAKE,___ SIDE,3,1,3
412,2026-04-05,BARLEY,GRAINS,0,1,3
412,2026-04-05,RICE,GRAINS,0,1,2
412,2026-04-05,CORN,GRAINS,0,2,2
412,2026-04-05,WHEAT,GRAINS,0,3,2
412,2026-04-05,NOISE,WORDS MEANING LOUD,1,2,4
412,2026-04-05,TAWDRY,WORDS MEANING LOUD,1,2,1
412,2026-04-05,THUNDEROUS,WORDS MEANING LOUD,1,1,4
412,2026-04-05,BLASTING,WORDS MEANING LOUD,1,4,3
412,2026-04-05,BANDIT,WORDS RELATED TO PIRATE,2,2,3
412,2026-04-05,STATIONS,WORDS RELATED TO PIRATE,2,4,4
412,2026-04-05,BAY,WORDS RELATED TO PIRATE,2,3,3
412,2026-04-05,TREASURE,WORDS RELATED TO PIRATE,2,4,2
412,2026-04-05,USELESS,ENDS WITH 'LESS',3,4,1
412,2026-04-05,CARELESS,ENDS WITH 'LESS',3,1,1
412,2026-04-05,WIRELESS,ENDS WITH 'LESS',3,3,1
412,2026-04-05,ENDLESS,ENDS WITH 'LESS',3,3,4
413,2026-04-05,ACACIA,TREES,0,3,3
413,2026-04-05,LINDEN,TREES,0,3,1
413,2026-04-05,CHESTNUT,TREES,0,4,1
413,2026-04-05,WILLOW,TREES,0,1,3
413,2026-04-05,BUILDUP,WORDS MEANING INCREASE,1,4,3
413,2026-04-05,EXTEND,WORDS MEANING INCREASE,1,1,2
413,2026-04-05,EXTENSION,WORDS MEANING INCREASE,1,4,4
413,2026-04-05,ENLARGE,WORDS MEANING INCREASE,1,3,4
413,2026-04-05,DEVOTED,ASSOCIATED WITH MUSEUM,2,4,2
413,2026-04-05,NATURAL,ASSOCIATED WITH MUSEUM,2,1,1
413,2026-04-05,PIECES,ASSOCIATED WITH MUSEUM,2,3,2
413,2026-04-05,CURATOR,ASSOCIATED WITH MUSEUM,2,2,1
413,2026-04-05,LETTER,___ BOX,3,2,2
413,2026-04-05,TOOL,___ BOX,3,2,3
413,2026-04-05,CARD,___ BOX,3,1,4
413,2026-04-05,POST,___ BOX,3,2,4
414,2026-04-05,SATURN,PLANETS,0,3,4
414,2026-04-05,MERCURY,PLANETS,0,3,2
414,2026-04-05,JUPITER,PLANETS,0,2,4
414,2026-04-05,VENUS,PLANETS,0,4,2
414,2026-04-05,AMPLE,WORDS MEANING RICH,1,4,1
414,2026-04-05,WEALTHY,WORDS MEANING RICH,1,1,2
414,2026-04-05,LOADED,WORDS MEANING RICH,1,1,3
414,2026-04-05,LUXURIOUS,WORDS MEANING RICH,1,4,4
414,2026-04-05,REACTOR,ASSOCIATED WITH POWER,2,3,1
414,2026-04-05,GENERATION,ASSOCIATED WITH POWER,2,2,2
414,2026-04-05,RANGERS,ASSOCIATED WITH POWER,2,2,1
414,2026-04-05,ELECTRIC,ASSOCIATED WITH POWER,2,1,1
414,2026-04-05,RISE,HIGH ___,3,4,3
414,2026-04-05,SCHOOL,HIGH ___,3,3,3
414,2026-04-05,LAND,HIGH ___,3,1,4
414,2026-04-05,LIGHT,HIGH ___,3,2,3
415,2026-04-05,HARDWARE,COMPUTER PARTS,0,4,2
415,2026-04-05,CHIP,COMPUTER PARTS,0,2,4
415,2026-04-05,KEYBOARD,COMPUTER PARTS,0,3,1
415,2026-04-05,STORAGE,COMPUTER PARTS,0,4,4
415,2026-04-05,WONDERFUL,WORDS MEANING HAPPY,1,1,2
415,2026-04-05,GRATIFYING,WORDS MEANING HAPPY,1,4,1
415,2026-04-05,LAUGHING,WORDS MEANING HAPPY,1,4,3
415,2026-04-05,SATISFIED,WORDS MEANING HAPPY,1,1,3
415,2026-04-05,TERRAIN,ASSOCIATED WITH JUNGLE,2,3,4
415,2026-04-05,ZOO,ASSOCIATED WITH JUNGLE,2,2,2
415,2026-04-05,JIM,ASSOCIATED WITH JUNGLE,2,3,3
415,2026-04-05,CAT,ASSOCIATED WITH JUNGLE,2,1,4
415,2026-04-05,EVERY,___ DAY,3,3,2
415,2026-04-05,WEEK,___ DAY,3,2,3
415,2026-04-05,GOOD,___ DAY,3,2,1
415,2026-04-05,PAY,___ DAY,3,1,1
416,2026-04-05,POPPY,FLOWERS,0,4,4
416,2026-04-05,STOCK,FLOWERS,0,4,1
416,2026-04-05,COSMOS,FLOWERS,0,3,4
416,2026-04-05,PEONY,FLOWERS,0,1,1
416,2026-04-05,FEEL,WORDS MEANING FIND,1,1,4
416,2026-04-05,RECEIVE,WORDS MEANING FIND,1,2,3
416,2026-04-05,OBSERVE,WORDS MEANING FIND,1,3,1
416,2026-04-05,OCCUR,WORDS MEANING FIND,1,2,1
416,2026-04-05,DISORDER,ASSOCIATED WITH CHAOS,2,4,2
416,2026-04-05,SHADOW,ASSOCIATED WITH CHAOS,2,3,3
416,2026-04-05,FANTASY,ASSOCIATED WITH CHAOS,2,1,2
416,2026-04-05,DARKNESS,ASSOCIATED WITH CHAOS,2,2,2
416,2026-04-05,CURVE,MEANINGS OF 'WAVE',3,1,3
416,2026-04-05,RIPPLE,MEANINGS OF 'WAVE',3,3,2
416,2026-04-05,SURF,MEANINGS OF 'WAVE',3,2,4
416,2026-04-05,SIGNAL,MEANINGS OF 'WAVE',3,4,3
417,2026-04-05,PLUG,HORSE BREEDS,0,2,2
417,2026-04-05,ENTIRE,HORSE BREEDS,0,4,1
417,2026-04-05,GREY,HORSE BREEDS,0,2,3
417,2026-04-05,PONY,HORSE BREEDS,0,3,3
417,2026-04-05,HUNGRY,WORDS MEANING EAT,1,3,1
417,2026-04-05,DIET,WORDS MEANING EAT,1,4,3
417,2026-04-05,DINNER,WORDS MEANING EAT,1,1,3
417,2026-04-05,FEAST,WORDS MEANING EAT,1,4,4
417,2026-04-05,COASTAL,ASSOCIATED WITH OCEAN,2,2,1
417,2026-04-05,WITH,ASSOCIATED WITH OCEAN,2,3,2
417,2026-04-05,FLOOR,ASSOCIATED WITH OCEAN,2,2,4
417,2026-04-05,RIDGES,ASSOCIATED WITH OCEAN,2,4,2
417,2026-04-05,BACK,___ FIRE,3,1,2
417,2026-04-05,BON,___ FIRE,3,1,4
417,2026-04-05,GUN,___ FIRE,3,1,1
417,2026-04-05,CEASE,___ FIRE,3,3,4
418,2026-04-05,POPPY,FLOWERS,0,1,2
418,2026-04-05,AZALEA,FLOWERS,0,2,1
418,2026-04-05,PEONY,FLOWERS,0,4,4
418,2026-04-05,ROSE,FLOWERS,0,4,3
418,2026-04-05,FLIGHT,WORDS MEANING STEAL,1,2,2
418,2026-04-05,THIEF,WORDS MEANING STEAL,1,3,2
418,2026-04-05,ROB,WORDS MEANING STEAL,1,4,2
418,2026-04-05,SWIPE,WORDS MEANING STEAL,1,4,1
418,2026-04-05,LOGIC,ASSOCIATED WITH TRUTH,2,2,3
418,2026-04-05,GOD,ASSOCIATED WITH TRUTH,2,1,3
418,2026-04-05,SERUM,ASSOCIATED WITH TRUTH,2,1,1
418,2026-04-05,FACTS,ASSOCIATED WITH TRUTH,2,3,4
418,2026-04-05,DOG,BIRD ___,3,3,3
418,2026-04-05,BATH,BIRD ___,3,3,1
418,2026-04-05,WATCH,BIRD ___,3,2,4
418,2026-04-05,HOUSE,BIRD ___,3,1,4
419,2026-04-05,THROTTLE,CAR PARTS,0,2,4
419,2026-04-05,GRILLE,CAR PARTS,0,4,4
419,2026-04-05,HIGH,CAR PARTS,0,2,3
419,2026-04-05,WINDOW,CAR PARTS,0,1,4
419,2026-04-05,REACH,WORDS MEANING HIT,1,2,1
419,2026-04-05,STRIKING,WORDS MEANING HIT,1,3,1
419,2026-04-05,OFF,WORDS MEANING HIT,1,4,3
419,2026-04-05,REMOVE,WORDS MEANING HIT,1,1,3
419,2026-04-05,COLOR,ASSOCIATED WITH LIGHT,2,1,1
419,2026-04-05,DARKNESS,ASSOCIATED WITH LIGHT,2,4,2
419,2026-04-05,BEAM,ASSOCIATED WITH LIGHT,2,3,4
419,2026-04-05,RAIL,ASSOCIATED WITH LIGHT,2,4,1
419,2026-04-05,UNDER,___ GROUND,3,1,2
419,2026-04-05,CAMP,___ GROUND,3,3,3
419,2026-04-05,BATTLE,___ GROUND,3,2,2
419,2026-04-05,ABOVE,___ GROUND,3,3,2
420,2026-04-05,STEEL,METALS,0,4,4
420,2026-04-05,BABBITT,METALS,0,2,4
420,2026-04-05,SLUG,METALS,0,4,1
420,2026-04-05,STAINLESS,METALS,0,2,2
420,2026-04-05,LATE,WORDS MEANING NEW,1,2,1
420,2026-04-05,MODERN,WORDS MEANING NEW,1,1,2
420,2026-04-05,NEWLY,WORDS MEANING NEW,1,3,3
420,2026-04-05,NOVEL,WORDS MEANING NEW,1,2,3
420,2026-04-05,INTEREST,ASSOCIATED WITH LOVE,2,1,4
420,2026-04-05,KISS,ASSOCIATED WITH LOVE,2,4,3
420,2026-04-05,FEELINGS,ASSOCIATED WITH LOVE,2,3,1
420,2026-04-05,SONG,ASSOCIATED WITH LOVE,2,1,1
420,2026-04-05,LEAD,VOWEL PATTERN EA,3,3,4
420,2026-04-05,MEAL,VOWEL PATTERN EA,3,3,2
420,2026-04-05,HEAP,VOWEL PATTERN EA,3,1,3
420,2026-04-05,FEAR,VOWEL PATTERN EA,3,4,2
421,2026-04-05,BUFFER,TOOLS,0,3,4
421,2026-04-05,SAW,TOOLS,0,1,1
421,2026-04-05,RAKE,TOOLS,0,2,3
421,2026-04-05,RAM,TOOLS,0,4,1
421,2026-04-05,ATTENDANCE,WORDS MEANING HELP,1,1,2
421,2026-04-05,USING,WORDS MEANING HELP,1,4,2
421,2026-04-05,AIDE,WORDS MEANING HELP,1,3,1
421,2026-04-05,FAVOR,WORDS MEANING HELP,1,4,4
421,2026-04-05,BAY,ASSOCIATED WITH BEACH,2,4,3
421,2026-04-05,SWIMMING,ASSOCIATED WITH BEACH,2,1,3
421,2026-04-05,WAVES,ASSOCIATED WITH BEACH,2,3,3
421,2026-04-05,BEACHES,ASSOCIATED WITH BEACH,2,1,4
421,2026-04-05,TOWN,___ HOUSE,3,2,2
421,2026-04-05,ROUND,___ HOUSE,3,3,2
421,2026-04-05,FULL,___ HOUSE,3,2,4
421,2026-04-05,ALE,___ HOUSE,3,2,1
422,2026-04-05,PEPPER,SPICES,0,3,3
422,2026-04-05,FENNEL,SPICES,0,1,3
422,2026-04-05,ANISE,SPICES,0,2,3
422,2026-04-05,NUTMEG,SPICES,0,4,2
422,2026-04-05,FORESTALL,WORDS MEANING STOP,1,4,3
422,2026-04-05,POINT,WORDS MEANING STOP,1,2,1
422,2026-04-05,BREAK,WORDS MEANING STOP,1,1,2
422,2026-04-05,SUSPENSION,WORDS MEANING STOP,1,4,1
422,2026-04-05,ONE,WORDS RELATED TO TIME,2,2,4
422,2026-04-05,CHRONOLOGY,WORDS RELATED TO TIME,2,4,4
422,2026-04-05,ALTITUDE,WORDS RELATED TO TIME,2,1,1
422,2026-04-05,TOWER,WORDS RELATED TO TIME,2,1,4
422,2026-04-05,CHAIR,HIGH ___,3,2,2
422,2026-04-05,LIGHT,HIGH ___,3,3,4
422,2026-04-05,LAND,HIGH ___,3,3,2
422,2026-04-05,SCHOOL,HIGH ___,3,3,1
423,2026-04-05,REVERSE,CAR PARTS,0,1,2
423,2026-04-05,HORN,CAR PARTS,0,4,4
423,2026-04-05,GRILLE,CAR PARTS,0,4,2
423,2026-04-05,LOW,CAR PARTS,0,3,3
423,2026-04-05,REST,WORDS MEANING SLEEP,1,4,1
423,2026-04-05,AWAKE,WORDS MEANING SLEEP,1,1,1
423,2026-04-05,IDLE,WORDS MEANING SLEEP,1,3,2
423,2026-04-05,STAY,WORDS MEANING SLEEP,1,1,3
423,2026-04-05,ALTAR,GOES WITH CHURCH,2,2,4
423,2026-04-05,GOTHIC,GOES WITH CHURCH,2,3,1
423,2026-04-05,THERE,GOES WITH CHURCH,2,2,2
423,2026-04-05,LEADERS,GOES WITH CHURCH,2,3,4
423,2026-04-05,BRICK,FIRE ___,3,2,3
423,2026-04-05,WORK,FIRE ___,3,2,1
423,2026-04-05,CRACKER,FIRE ___,3,4,3
423,2026-04-05,PROOF,FIRE ___,3,1,4
424,2026-04-05,BUG,INSECTS,0,1,4
424,2026-04-05,FLEA,INSECTS,0,2,1
424,2026-04-05,QUEEN,INSECTS,0,3,1
424,2026-04-05,CRICKET,INSECTS,0,1,3
424,2026-04-05,JOY,WORDS MEANING HAPPY,1,4,4
424,2026-04-05,JOYOUS,WORDS MEANING HAPPY,1,2,2
424,2026-04-05,GRATIFYING,WORDS MEANING HAPPY,1,3,4
424,2026-04-05,AGREEABLE,WORDS MEANING HAPPY,1,3,2
424,2026-04-05,QUEST,ASSOCIATED WITH GLORY,2,4,2
424,2026-04-05,SHALL,ASSOCIATED WITH GLORY,2,1,2
424,2026-04-05,HOLY,ASSOCIATED WITH GLORY,2,4,1
424,2026-04-05,HOLE,ASSOCIATED WITH GLORY,2,1,1
424,2026-04-05,ROSE,COULD BE A COLOR OR FRUIT,3,3,3
424,2026-04-05,ORANGE,COULD BE A COLOR OR FRUIT,3,4,3
424,2026-04-05,OLIVE,COULD BE A COLOR OR FRUIT,3,2,3
424,2026-04-05,PLUM,COULD BE A COLOR OR FRUIT,3,2,4
425,2026-04-05,BONNET,HATS,0,3,4
425,2026-04-05,PANAMA,HATS,0,2,2
425,2026-04-05,STETSON,HATS,0,2,3
425,2026-04-05,DERBY,HATS,0,2,1
425,2026-04-05,LOWERING,WORDS MEANING FALL,1,3,2
425,2026-04-05,SURRENDER,WORDS MEANING FALL,1,4,1
425,2026-04-05,DESCEND,WORDS MEANING FALL,1,1,2
425,2026-04-05,DESCENT,WORDS MEANING FALL,1,2,4
425,2026-04-05,THEATER,ASSOCIATED WITH DREAM,2,3,3
425,2026-04-05,POP,ASSOCIATED WITH DREAM,2,4,4
425,2026-04-05,DREAMER,ASSOCIATED WITH DREAM,2,1,4
425,2026-04-05,COME,ASSOCIATED WITH DREAM,2,3,1
425,2026-04-05,MID,___ DAY,3,4,3
425,2026-04-05,WORK,___ DAY,3,4,2
425,2026-04-05,EVERY,___ DAY,3,1,3
425,2026-04-05,WEEK,___ DAY,3,1,1
426,2026-04-05,MATERIAL,FABRICS,0,3,1
426,2026-04-05,CALICO,FABRICS,0,4,1
426,2026-04-05,TAFFETA,FABRICS,0,2,2
426,2026-04-05,JEAN,FABRICS,0,4,4
426,2026-04-05,ONSET,WORDS MEANING BEGIN,1,1,3
426,2026-04-05,GET,WORDS MEANING BEGIN,1,2,1
426,2026-04-05,CONDUCT,WORDS MEANING BEGIN,1,3,3
426,2026-04-05,OPENING,WORDS MEANING BEGIN,1,2,3
426,2026-04-05,GENTLENESS,ASSOCIATED WITH HUMILITY,2,3,4
426,2026-04-05,SILENCE,ASSOCIATED WITH HUMILITY,2,1,4
426,2026-04-05,INTEGRITY,ASSOCIATED WITH HUMILITY,2,1,1
426,2026-04-05,HUMBLE,ASSOCIATED WITH HUMILITY,2,1,2
426,2026-04-05,MAN,FIRE ___,3,3,2
426,2026-04-05,WOOD,FIRE ___,3,2,4
426,2026-04-05,PROOF,FIRE ___,3,4,3
426,2026-04-05,BRAND,FIRE ___,3,4,2
427,2026-04-05,STERN,PARTS OF A SHIP,0,3,4
427,2026-04-05,HOLD,PARTS OF A SHIP,0,4,3
427,2026-04-05,BAY,PARTS OF A SHIP,0,2,1
427,2026-04-05,TACK,PARTS OF A SHIP,0,2,3
427,2026-04-05,DISSIPATED,WORDS MEANING FAST,1,3,1
427,2026-04-05,FIRM,WORDS MEANING FAST,1,4,4
427,2026-04-05,LOYAL,WORDS MEANING FAST,1,1,2
427,2026-04-05,RIOTOUS,WORDS MEANING FAST,1,3,3
427,2026-04-05,FORCES,GOES WITH MARKET,2,2,4
427,2026-04-05,BILLION,GOES WITH MARKET,2,3,2
427,2026-04-05,HAS,GOES WITH MARKET,2,4,2
427,2026-04-05,CAN,GOES WITH MARKET,2,4,1
427,2026-04-05,WHEAT,___ FIELD,3,1,4
427,2026-04-05,BATTLE,___ FIELD,3,2,2
427,2026-04-05,DOWN,___ FIELD,3,1,3
427,2026-04-05,OIL,___ FIELD,3,1,1
428,2026-04-05,DANCING,DANCES,0,2,2
428,2026-04-05,QUICKSTEP,DANCES,0,3,4
428,2026-04-05,CHARLESTON,DANCES,0,3,2
428,2026-04-05,TANGO,DANCES,0,3,3
428,2026-04-05,CREEP,WORDS MEANING STEAL,1,1,4
428,2026-04-05,PLUNDER,WORDS MEANING STEAL,1,2,4
428,2026-04-05,RIP,WORDS MEANING STEAL,1,3,1
428,2026-04-05,THEFT,WORDS MEANING STEAL,1,1,1
428,2026-04-05,ASTRONAUT,ASSOCIATED WITH SPACE,2,4,3
428,2026-04-05,SOLAR,ASSOCIATED WITH SPACE,2,1,2
428,2026-04-05,SATELLITE,ASSOCIATED WITH SPACE,2,4,2
428,2026-04-05,ORBIT,ASSOCIATED WITH SPACE,2,2,1
428,2026-04-05,VILLAGE,CONTAINS 'AGE',3,4,4
428,2026-04-05,AVERAGE,CONTAINS 'AGE',3,1,3
428,2026-04-05,MANAGE,CONTAINS 'AGE',3,4,1
428,2026-04-05,USAGE,CONTAINS 'AGE',3,2,3
429,2026-04-05,SPECTATOR,TYPES OF SHOES,0,1,3
429,2026-04-05,FIN,TYPES OF SHOES,0,1,2
429,2026-04-05,WALKER,TYPES OF SHOES,0,4,2
429,2026-04-05,PLATFORM,TYPES OF SHOES,0,4,1
429,2026-04-05,TRANSIT,WORDS MEANING MOVE,1,2,4
429,2026-04-05,TRANSFER,WORDS MEANING MOVE,1,2,2
429,2026-04-05,ACT,WORDS MEANING MOVE,1,3,1
429,2026-04-05,JOURNEY,WORDS MEANING MOVE,1,2,1
429,2026-04-05,REEF,ASSOCIATED WITH OCEAN,2,3,4
429,2026-04-05,THAT,ASSOCIATED WITH OCEAN,2,1,1
429,2026-04-05,ARCTIC,ASSOCIATED WITH OCEAN,2,4,4
429,2026-04-05,ESCORT,ASSOCIATED WITH OCEAN,2,3,3
429,2026-04-05,SAND,___ STONE,3,3,2
429,2026-04-05,GRAVE,___ STONE,3,4,3
429,2026-04-05,HEAD,___ STONE,3,2,3
429,2026-04-05,MILL,___ STONE,3,1,4
430,2026-04-05,MINUET,DANCES,0,1,4
430,2026-04-05,STRIP,DANCES,0,3,3
430,2026-04-05,COTILLION,DANCES,0,3,1
430,2026-04-05,BALLET,DANCES,0,4,4
430,2026-04-05,DEPRESSING,WORDS MEANING SAD,1,2,1
430,2026-04-05,TRAGIC,WORDS MEANING SAD,1,1,3
430,2026-04-05,WRETCHED,WORDS MEANING SAD,1,2,3
430,2026-04-05,GRIEF,WORDS MEANING SAD,1,3,2
430,2026-04-05,FALSITY,ASSOCIATED WITH TRUTH,2,1,2
430,2026-04-05,BEAUTY,ASSOCIATED WITH TRUTH,2,4,3
430,2026-04-05,DARE,ASSOCIATED WITH TRUTH,2,2,4
430,2026-04-05,LIE,ASSOCIATED WITH TRUTH,2,1,1
430,2026-04-05,FALL,SNOW ___,3,4,2
430,2026-04-05,STORM,SNOW ___,3,3,4
430,2026-04-05,PLOW,SNOW ___,3,4,1
430,2026-04-05,BALL,SNOW ___,3,2,2
431,2026-04-05,KEYBOARD,COMPUTER PARTS,0,4,1
431,2026-04-05,STORAGE,COMPUTER PARTS,0,2,4
431,2026-04-05,MONITOR,COMPUTER PARTS,0,3,2
431,2026-04-05,PERIPHERAL,COMPUTER PARTS,0,2,1
431,2026-04-05,CLEAR,WORDS MEANING LIGHT,1,2,2
431,2026-04-05,WAKEFUL,WORDS MEANING LIGHT,1,2,3
431,2026-04-05,EASY,WORDS MEANING LIGHT,1,3,1
431,2026-04-05,WEAK,WORDS MEANING LIGHT,1,3,3
431,2026-04-05,DECORATED,ASSOCIATED WITH STONE,2,3,4
431,2026-04-05,MASONRY,ASSOCIATED WITH STONE,2,1,3
431,2026-04-05,PORCH,ASSOCIATED WITH STONE,2,1,4
431,2026-04-05,ARCHES,ASSOCIATED WITH STONE,2,1,2
431,2026-04-05,WORK,___ DAY,3,4,2
431,2026-04-05,WEEK,___ DAY,3,1,1
431,2026-04-05,SUN,___ DAY,3,4,4
431,2026-04-05,GOOD,___ DAY,3,4,3
432,2026-04-05,SNEAKER,TYPES OF SHOES,0,4,2
432,2026-04-05,SPECTATOR,TYPES OF SHOES,0,4,3
432,2026-04-05,PUMP,TYPES OF SHOES,0,4,1
432,2026-04-05,WALKER,TYPES OF SHOES,0,4,4
432,2026-04-05,DECLARE,WORDS MEANING BREAK,1,2,1
432,2026-04-05,COLLAPSE,WORDS MEANING BREAK,1,1,4
432,2026-04-05,GIVE,WORDS MEANING BREAK,1,1,1
432,2026-04-05,BUMP,WORDS MEANING BREAK,1,2,4
432,2026-04-05,NAZI,ASSOCIATED WITH WAR,2,2,3
432,2026-04-05,ARMY,ASSOCIATED WITH WAR,2,3,1
432,2026-04-05,CRIMES,ASSOCIATED WITH WAR,2,2,2
432,2026-04-05,EFFORT,ASSOCIATED WITH WAR,2,1,3
432,2026-04-05,TWO,WORDS THAT SOUND LIKE ANOTHER WORD,3,3,2
432,2026-04-05,PEAR,WORDS THAT SOUND LIKE ANOTHER WORD,3,1,2
432,2026-04-05,MAIL,WORDS THAT SOUND LIKE ANOTHER WORD,3,3,3
432,2026-04-05,SHORE,WORDS THAT SOUND LIKE ANOTHER WORD,3,3,4
433,2026-04-05,ARABIAN,HORSE BREEDS,0,1,3
433,2026-04-05,MOUNT,HORSE BREEDS,0,3,4
433,2026-04-05,CHESTNUT,HORSE BREEDS,0,1,4
433,2026-04-05,STALLION,HORSE BREEDS,0,3,1
433,2026-04-05,DELIGHTED,WORDS MEANING HAPPY,1,4,1
433,2026-04-05,BRIGHT,WORDS MEANING HAPPY,1,4,3
433,2026-04-05,AGREEABLE,WORDS MEANING HAPPY,1,4,2
433,2026-04-05,CONTENT,WORDS MEANING HAPPY,1,2,4
433,2026-04-05,PLASTIC,ASSOCIATED WITH STEEL,2,3,2
433,2026-04-05,TONS,ASSOCIATED WITH STEEL,2,4,4
433,2026-04-05,WELDED,ASSOCIATED WITH STEEL,2,2,3
433,2026-04-05,TUBE,ASSOCIATED WITH STEEL,2,1,1
433,2026-04-05,HAND,___ BOOK,3,1,2
433,2026-04-05,CASE,___ BOOK,3,3,3
433,2026-04-05,SOURCE,___ BOOK,3,2,2
433,2026-04-05,PASS,___ BOOK,3,2,1
434,2026-04-05,PANAMA,HATS,0,2,1
434,2026-04-05,STETSON,HATS,0,1,3
434,2026-04-05,BONNET,HATS,0,1,2
434,2026-04-05,FEDORA,HATS,0,2,3
434,2026-04-05,EXQUISITE,WORDS MEANING BEAUTIFUL,1,3,3
434,2026-04-05,AESTHETIC,WORDS MEANING BEAUTIFUL,1,3,4
434,2026-04-05,DELIGHTFUL,WORDS MEANING BEAUTIFUL,1,4,2
434,2026-04-05,GLAMOROUS,WORDS MEANING BEAUTIFUL,1,4,4
434,2026-04-05,LOYALTY,ASSOCIATED WITH BETRAYAL,2,2,2
434,2026-04-05,FRIENDSHIP,ASSOCIATED WITH BETRAYAL,2,3,1
434,2026-04-05,KILL,ASSOCIATED WITH BETRAYAL,2,3,2
434,2026-04-05,MURDER,ASSOCIATED WITH BETRAYAL,2,2,4
434,2026-04-05,DOG,UNDER ___,3,1,1
434,2026-04-05,FOOT,UNDER ___,3,1,4
434,2026-04-05,PASS,UNDER ___,3,4,3
434,2026-04-05,AGE,UNDER ___,3,4,1
435,2026-04-05,LOG,PARTS OF A SHIP,0,3,4
435,2026-04-05,HELM,PARTS OF A SHIP,0,2,1
435,2026-04-05,HOLD,PARTS OF A SHIP,0,1,1
435,2026-04-05,FIN,PARTS OF A SHIP,0,1,4
435,2026-04-05,COLORED,WORDS MEANING DARK,1,1,2
435,2026-04-05,SORRY,WORDS MEANING DARK,1,3,3
435,2026-04-05,SOUR,WORDS MEANING DARK,1,2,4
435,2026-04-05,DREARY,WORDS MEANING DARK,1,4,2
435,2026-04-05,LAGOON,ASSOCIATED WITH REEF,2,4,3
435,2026-04-05,ALGAE,ASSOCIATED WITH REEF,2,3,2
435,2026-04-05,DIVERS,ASSOCIATED WITH REEF,2,2,3
435,2026-04-05,NAUTICAL,ASSOCIATED WITH REEF,2,4,1
435,2026-04-05,WORD,CROSS ___,3,3,1
435,2026-04-05,BOW,CROSS ___,3,2,2
435,2026-04-05,COUNTRY,CROSS ___,3,4,4
435,2026-04-05,CHECK,CROSS ___,3,1,3
436,2026-04-05,SQUASH,VEGETABLES,0,1,2
436,2026-04-05,MUSHROOM,VEGETABLES,0,3,3
436,2026-04-05,MUSTARD,VEGETABLES,0,1,3
436,2026-04-05,ONION,VEGETABLES,0,4,2
436,2026-04-05,HANG,WORDS MEANING FALL,1,3,4
436,2026-04-05,STRIKE,WORDS MEANING FALL,1,4,3
436,2026-04-05,FLOW,WORDS MEANING FALL,1,2,1
436,2026-04-05,LESSEN,WORDS MEANING FALL,1,4,1
436,2026-04-05,DEPTH,WORDS RELATED TO WEALTH,2,2,3
436,2026-04-05,RESOURCE,WORDS RELATED TO WEALTH,2,3,2
436,2026-04-05,INHERITED,WORDS RELATED TO WEALTH,2,3,1
436,2026-04-05,LUCK,WORDS RELATED TO WEALTH,2,2,2
436,2026-04-05,CHAIN,ALL END WITH 'N',3,1,4
436,2026-04-05,SIREN,ALL END WITH 'N',3,4,4
436,2026-04-05,RAVEN,ALL END WITH 'N',3,1,1
436,2026-04-05,OFTEN,ALL END WITH 'N',3,2,4
437,2026-04-05,WALNUT,NUTS,0,1,1
437,2026-04-05,MAST,NUTS,0,3,3
437,2026-04-05,BRAZIL,NUTS,0,4,1
437,2026-04-05,PEANUT,NUTS,0,2,4
437,2026-04-05,INHUMAN,WORDS MEANING COLD,1,4,2
437,2026-04-05,WINTRY,WORDS MEANING COLD,1,2,3
437,2026-04-05,STALE,WORDS MEANING COLD,1,1,3
437,2026-04-05,INHUMANE,WORDS MEANING COLD,1,3,4
437,2026-04-05,ARE,ASSOCIATED WITH ISLAND,2,1,2
437,2026-04-05,ARC,ASSOCIATED WITH ISLAND,2,3,1
437,2026-04-05,THERE,ASSOCIATED WITH ISLAND,2,4,3
437,2026-04-05,SCHOOL,ASSOCIATED WITH ISLAND,2,2,1
437,2026-04-05,BREAD,___ BOX,3,3,2
437,2026-04-05,SAND,___ BOX,3,1,4
437,2026-04-05,THUNDER,___ BOX,3,2,2
437,2026-04-05,TOOL,___ BOX,3,4,4
438,2026-04-05,CEREAL,GRAINS,0,4,1
438,2026-04-05,BARLEY,GRAINS,0,3,2
438,2026-04-05,CORN,GRAINS,0,1,3
438,2026-04-05,WHEAT,GRAINS,0,3,1
438,2026-04-05,OCCUR,WORDS MEANING SPEAK,1,4,2
438,2026-04-05,TREAT,WORDS MEANING SPEAK,1,2,2
438,2026-04-05,LECTURE,WORDS MEANING SPEAK,1,4,3
438,2026-04-05,COMMENT,WORDS MEANING SPEAK,1,2,4
438,2026-04-05,DANGEROUS,ASSOCIATED WITH DANGER,2,3,4
438,2026-04-05,EXTINCTION,ASSOCIATED WITH DANGER,2,4,4
438,2026-04-05,MOUSE,ASSOCIATED WITH DANGER,2,1,2
438,2026-04-05,COLLAPSE,ASSOCIATED WITH DANGER,2,1,1
438,2026-04-05,RULE,OVER ___,3,2,3
438,2026-04-05,HAUL,OVER ___,3,3,3
438,2026-04-05,COAT,OVER ___,3,2,1
438,2026-04-05,PASS,OVER ___,3,1,4
439,2026-04-05,QUARTER,PARTS OF A SHIP,0,2,1
439,2026-04-05,TOP,PARTS OF A SHIP,0,3,4
439,2026-04-05,SCREW,PARTS OF A SHIP,0,4,1
439,2026-04-05,HOLD,PARTS OF A SHIP,0,1,3
439,2026-04-05,STILL,WORDS MEANING QUIET,1,2,4
439,2026-04-05,PLACID,WORDS MEANING QUIET,1,2,2
439,2026-04-05,RESTRAINED,WORDS MEANING QUIET,1,1,4
439,2026-04-05,HUSHED,WORDS MEANING QUIET,1,4,3
439,2026-04-05,BAILEY,ASSOCIATED WITH CASTLE,2,3,3
439,2026-04-05,GOTHIC,ASSOCIATED WITH CASTLE,2,3,2
439,2026-04-05,GROUNDS,ASSOCIATED WITH CASTLE,2,1,2
439,2026-04-05,REBUILT,ASSOCIATED WITH CASTLE,2,4,2
439,2026-04-05,PAY,___ DAY,3,2,3
439,2026-04-05,SUN,___ DAY,3,1,1
439,2026-04-05,BIRTH,___ DAY,3,3,1
439,2026-04-05,GOOD,___ DAY,3,4,4
440,2026-04-05,WOOL,FABRICS,0,1,1
440,2026-04-05,FIBER,FABRICS,0,4,1
440,2026-04-05,NETWORK,FABRICS,0,2,2
440,2026-04-05,MESH,FABRICS,0,2,3
440,2026-04-05,ESOTERIC,WORDS MEANING DEEP,1,2,1
440,2026-04-05,BIG,WORDS MEANING DEEP,1,2,4
440,2026-04-05,DEEPLY,WORDS MEANING DEEP,1,3,2
440,2026-04-05,LOW,WORDS MEANING DEEP,1,3,3
440,2026-04-05,ONE,WORDS RELATED TO TIME,2,4,2
440,2026-04-05,DURATION,WORDS RELATED TO TIME,2,4,4
440,2026-04-05,MOMENTUM,WORDS RELATED TO TIME,2,1,3
440,2026-04-05,MONTH,WORDS RELATED TO TIME,2,3,1
440,2026-04-05,WEAR,WORDS THAT SOUND LIKE ANOTHER WORD,3,3,4
440,2026-04-05,KNOW,WORDS THAT SOUND LIKE ANOTHER WORD,3,4,3
440,2026-04-05,SEA,WORDS THAT SOUND LIKE ANOTHER WORD,3,1,2
440,2026-04-05,WHICH,WORDS THAT SOUND LIKE ANOTHER WORD,3,1,4
441,2026-04-05,CHARLESTON,DANCES,0,3,2
441,2026-04-05,TWIST,DANCES,0,2,4
441,2026-04-05,COTILLION,DANCES,0,4,2
441,2026-04-05,JIG,DANCES,0,3,3
441,2026-04-05,EERIE,WORDS MEANING STRANGE,1,1,4
441,2026-04-05,GROTESQUE,WORDS MEANING STRANGE,1,2,2
441,2026-04-05,WRONG,WORDS MEANING STRANGE,1,4,3
441,2026-04-05,FREAK,WORDS MEANING STRANGE,1,4,1
441,2026-04-05,EDIFICE,ASSOCIATED WITH VOLCANO,2,4,4
441,2026-04-05,CRATER,ASSOCIATED WITH VOLCANO,2,2,1
441,2026-04-05,INACTIVE,ASSOCIATED WITH VOLCANO,2,3,1
441,2026-04-05,GASES,ASSOCIATED WITH VOLCANO,2,1,1
441,2026-04-05,TWI,___ LIGHT,3,3,4
441,2026-04-05,SUN,___ LIGHT,3,2,3
441,2026-04-05,DAY,___ LIGHT,3,1,2
441,2026-04-05,FLASH,___ LIGHT,3,1,3
442,2026-04-05,WHEELER,HORSE BREEDS,0,2,1
442,2026-04-05,GELDING,HORSE BREEDS,0,1,3
442,2026-04-05,ARAB,HORSE BREEDS,0,3,1
442,2026-04-05,GREY,HORSE BREEDS,0,1,4
442,2026-04-05,ACHIEVE,WORDS MEANING FIND,1,4,1
442,2026-04-05,RESOLVE,WORDS MEANING FIND,1,2,2
442,2026-04-05,APPEAR,WORDS MEANING FIND,1,3,4
442,2026-04-05,DISCOVER,WORDS MEANING FIND,1,1,2
442,2026-04-05,ADHERENCE,WORDS RELATED TO LOYALTY,2,2,3
442,2026-04-05,INCENTIVE,WORDS RELATED TO LOYALTY,2,4,4
442,2026-04-05,AFFECTION,WORDS RELATED TO LOYALTY,2,1,1
442,2026-04-05,EMPEROR,WORDS RELATED TO LOYALTY,2,4,3
442,2026-04-05,ROAD,HIGH ___,3,4,2
442,2026-04-05,LIGHT,HIGH ___,3,3,3
442,2026-04-05,LAND,HIGH ___,3,3,2
442,2026-04-05,WAY,HIGH ___,3,2,4
443,2026-04-05,LEG,BODY PARTS,0,2,3
443,2026-04-05,HEAD,BODY PARTS,0,3,1
443,2026-04-05,NECK,BODY PARTS,0,4,4
443,2026-04-05,ARM,BODY PARTS,0,2,1
443,2026-04-05,CANNY,WORDS MEANING CLEVER,1,3,3
443,2026-04-05,CAGEY,WORDS MEANING CLEVER,1,1,4
443,2026-04-05,CUNNING,WORDS MEANING CLEVER,1,4,1
443,2026-04-05,INGENIOUS,WORDS MEANING CLEVER,1,3,4
443,2026-04-05,WATERFALL,ASSOCIATED WITH CAVE,2,2,4
443,2026-04-05,ACCESSIBLE,ASSOCIATED WITH CAVE,2,1,2
443,2026-04-05,MONASTERY,ASSOCIATED WITH CAVE,2,4,2
443,2026-04-05,TEMPLE,ASSOCIATED WITH CAVE,2,1,1
443,2026-04-05,STORE,___ ROOM,3,1,3
443,2026-04-05,COURT,___ ROOM,3,3,2
443,2026-04-05,CLASS,___ ROOM,3,4,3
443,2026-04-05,DARK,___ ROOM,3,2,2
444,2026-04-05,ARABIAN,HORSE BREEDS,0,2,3
444,2026-04-05,PALFREY,HORSE BREEDS,0,4,2
444,2026-04-05,CHESTNUT,HORSE BREEDS,0,4,4
444,2026-04-05,GRAY,HORSE BREEDS,0,3,3
444,2026-04-05,VEXED,WORDS MEANING HARD,1,3,4
444,2026-04-05,UNKIND,WORDS MEANING HARD,1,1,4
444,2026-04-05,TIGHT,WORDS MEANING HARD,1,2,2
444,2026-04-05,PETRIFIED,WORDS MEANING HARD,1,3,2
444,2026-04-05,PIETY,WORDS RELATED TO HUMILITY,2,4,1
444,2026-04-05,WISDOM,WORDS RELATED TO HUMILITY,2,1,2
444,2026-04-05,MEDITATION,WORDS RELATED TO HUMILITY,2,2,4
444,2026-04-05,RESTRAINT,WORDS RELATED TO HUMILITY,2,1,1
444,2026-04-05,STAR,ANAGRAMS OF EACH OTHER,3,3,1
444,2026-04-05,TARS,ANAGRAMS OF EACH OTHER,3,2,1
444,2026-04-05,RATS,ANAGRAMS OF EACH OTHER,3,1,3
444,2026-04-05,ARTS,ANAGRAMS OF EACH OTHER,3,4,3
445,2026-04-05,METALLIC,FABRICS,0,4,2
445,2026-04-05,DUCK,FABRICS,0,2,2
445,2026-04-05,GINGHAM,FABRICS,0,4,1
445,2026-04-05,SERGE,FABRICS,0,3,3
445,2026-04-05,IGNORE,WORDS MEANING HIDE,1,3,4
445,2026-04-05,CARPET,WORDS MEANING HIDE,1,1,1
445,2026-04-05,CONCEAL,WORDS MEANING HIDE,1,2,3
445,2026-04-05,FOOL,WORDS MEANING HIDE,1,2,4
445,2026-04-05,CUSTOMERS,ASSOCIATED WITH MARKET,2,1,3
445,2026-04-05,SHARE,ASSOCIATED WITH MARKET,2,1,4
445,2026-04-05,RETAIL,ASSOCIATED WITH MARKET,2,2,1
445,2026-04-05,STOCK,ASSOCIATED WITH MARKET,2,3,1
445,2026-04-05,FLIP,___ SIDE,3,3,2
445,2026-04-05,DARK,___ SIDE,3,4,3
445,2026-04-05,LAKE,___ SIDE,3,4,4
445,2026-04-05,BLIND,___ SIDE,3,1,2
446,2026-04-05,SMELT,FISH,0,3,2
446,2026-04-05,BASS,FISH,0,2,4
446,2026-04-05,PIKE,FISH,0,2,1
446,2026-04-05,SALMON,FISH,0,3,1
446,2026-04-05,SLIGHT,WORDS MEANING WEAK,1,4,1
446,2026-04-05,HELPLESS,WORDS MEANING WEAK,1,4,2
446,2026-04-05,SLACK,WORDS MEANING WEAK,1,1,1
446,2026-04-05,FAINT,WORDS MEANING WEAK,1,3,4
446,2026-04-05,LOYALTY,ASSOCIATED WITH KINDNESS,2,2,3
446,2026-04-05,RABBI,ASSOCIATED WITH KINDNESS,2,4,3
446,2026-04-05,RANDOM,ASSOCIATED WITH KINDNESS,2,1,4
446,2026-04-05,EVIL,ASSOCIATED WITH KINDNESS,2,1,2
446,2026-04-05,PICKED,HAND ___,3,2,2
446,2026-04-05,BOOK,HAND ___,3,1,3
446,2026-04-05,STAND,HAND ___,3,4,4
446,2026-04-05,SHAKE,HAND ___,3,3,3
447,2026-04-05,HARDWARE,COMPUTER PARTS,0,3,2
447,2026-04-05,KEYBOARD,COMPUTER PARTS,0,4,2
447,2026-04-05,MEMORY,COMPUTER PARTS,0,1,1
447,2026-04-05,CHIP,COMPUTER PARTS,0,3,3
447,2026-04-05,EASY,WORDS MEANING LIGHT,1,1,2
447,2026-04-05,FAINT,WORDS MEANING LIGHT,1,4,4
447,2026-04-05,CLEAR,WORDS MEANING LIGHT,1,4,3
447,2026-04-05,UNCLOUDED,WORDS MEANING LIGHT,1,2,1
447,2026-04-05,RIM,GOES WITH CANYON,2,2,3
447,2026-04-05,RANCH,GOES WITH CANYON,2,2,4
447,2026-04-05,DAM,GOES WITH CANYON,2,3,4
447,2026-04-05,WATERFALL,GOES WITH CANYON,2,1,3
447,2026-04-05,SHIP,___ YARD,3,3,1
447,2026-04-05,RAIL,___ YARD,3,4,1
447,2026-04-05,BARN,___ YARD,3,1,4
447,2026-04-05,GRAVE,___ YARD,3,2,2
448,2026-04-05,ISLAM,RELIGIONS,0,1,1
448,2026-04-05,JUDAISM,RELIGIONS,0,3,2
448,2026-04-05,MAHAYANA,RELIGIONS,0,1,3
448,2026-04-05,ANALOGY,RELIGIONS,0,3,4
448,2026-04-05,BREAKDOWN,WORDS MEANING FALL,1,3,3
448,2026-04-05,LESSEN,WORDS MEANING FALL,1,4,1
448,2026-04-05,TUMBLE,WORDS MEANING FALL,1,2,1
448,2026-04-05,LIGHT,WORDS MEANING FALL,1,1,4
448,2026-04-05,EXERCISES,WORDS RELATED TO HARBOR,2,4,4
448,2026-04-05,SUNK,WORDS RELATED TO HARBOR,2,3,1
448,2026-04-05,REFUGE,WORDS RELATED TO HARBOR,2,2,4
448,2026-04-05,OVERHAUL,WORDS RELATED TO HARBOR,2,2,2
448,2026-04-05,OFFICE,CONTAINS 'ICE',3,4,3
448,2026-04-05,SLICE,CONTAINS 'ICE',3,1,2
448,2026-04-05,PRICE,CONTAINS 'ICE',3,4,2
448,2026-04-05,SERVICE,CONTAINS 'ICE',3,2,3
449,2026-04-05,BOW,WEAPONS,0,4,3
449,2026-04-05,CANNON,WEAPONS,0,3,3
449,2026-04-05,PIECE,WEAPONS,0,3,4
449,2026-04-05,TUCK,WEAPONS,0,3,1
449,2026-04-05,ESCAPE,WORDS MEANING LEAVE,1,4,4
449,2026-04-05,CEASE,WORDS MEANING LEAVE,1,3,2
449,2026-04-05,WILL,WORDS MEANING LEAVE,1,1,1
449,2026-04-05,DISCHARGE,WORDS MEANING LEAVE,1,1,2
449,2026-04-05,WOULD,ASSOCIATED WITH DREAM,2,1,3
449,2026-04-05,SEQUENCE,ASSOCIATED WITH DREAM,2,1,4
449,2026-04-05,WAS,ASSOCIATED WITH DREAM,2,2,2
449,2026-04-05,SHE,ASSOCIATED WITH DREAM,2,2,1
449,2026-04-05,SURF,___ WATER,3,2,4
449,2026-04-05,UNDER,___ WATER,3,4,2
449,2026-04-05,CLEAR,___ WATER,3,2,3
449,2026-04-05,BLACK,___ WATER,3,4,1
450,2026-04-05,MINUET,DANCES,0,4,2
450,2026-04-05,BALLET,DANCES,0,4,4
450,2026-04-05,CLOG,DANCES,0,2,1
450,2026-04-05,VARIATION,DANCES,0,4,1
450,2026-04-05,YELL,WORDS MEANING SHOUT,1,2,2
450,2026-04-05,CLAMOR,WORDS MEANING SHOUT,1,1,3
450,2026-04-05,APPEAL,WORDS MEANING SHOUT,1,3,3
450,2026-04-05,HOWL,WORDS MEANING SHOUT,1,3,1
450,2026-04-05,LOVER,WORDS RELATED TO REVENGE,2,3,4
450,2026-04-05,WRATH,WORDS RELATED TO REVENGE,2,1,1
450,2026-04-05,REBELLING,WORDS RELATED TO REVENGE,2,4,3
450,2026-04-05,TRAGEDY,WORDS RELATED TO REVENGE,2,2,4
450,2026-04-05,BOX,BLACK ___,3,1,2
450,2026-04-05,THORN,BLACK ___,3,3,2
450,2026-04-05,BERRY,BLACK ___,3,2,3
450,2026-04-05,MAIL,BLACK ___,3,1,4
451,2026-04-05,STORE,COMPUTER PARTS,0,2,1
451,2026-04-05,BUS,COMPUTER PARTS,0,1,2
451,2026-04-05,STORAGE,COMPUTER PARTS,0,3,3
451,2026-04-05,MEMORY,COMPUTER PARTS,0,4,1
451,2026-04-05,CONCEAL,WORDS MEANING HIDE,1,3,4
451,2026-04-05,VEIL,WORDS MEANING HIDE,1,4,3
451,2026-04-05,OBLITERATE,WORDS MEANING HIDE,1,4,2
451,2026-04-05,COVER,WORDS MEANING HIDE,1,1,1
451,2026-04-05,JOURNEY,GOES WITH WEDDING,2,4,4
451,2026-04-05,BANQUET,GOES WITH WEDDING,2,2,4
451,2026-04-05,PRINCE,GOES WITH WEDDING,2,1,3
451,2026-04-05,HONEYMOON,GOES WITH WEDDING,2,2,3
451,2026-04-05,DAY,___ TIME,3,2,2
451,2026-04-05,FULL,___ TIME,3,1,4
451,2026-04-05,LONG,___ TIME,3,3,1
451,2026-04-05,SPRING,___ TIME,3,3,2
452,2026-04-05,BASS,FISH,0,2,3
452,2026-04-05,ROACH,FISH,0,3,3
452,2026-04-05,TROUT,FISH,0,1,4
452,2026-04-05,COD,FISH,0,3,1
452,2026-04-05,HUMP,WORDS MEANING SLEEP,1,4,1
452,2026-04-05,BED,WORDS MEANING SLEEP,1,4,3
452,2026-04-05,ASLEEP,WORDS MEANING SLEEP,1,3,2
452,2026-04-05,NAP,WORDS MEANING SLEEP,1,1,3
452,2026-04-05,LYING,ASSOCIATED WITH ISLAND,2,2,2
452,2026-04-05,PROVIDENCE,ASSOCIATED WITH ISLAND,2,2,4
452,2026-04-05,MAINLAND,ASSOCIATED WITH ISLAND,2,3,4
452,2026-04-05,HAWAII,ASSOCIATED WITH ISLAND,2,1,2
452,2026-04-05,CATCH,CONTAINS 'CAT',3,4,2
452,2026-04-05,CATFISH,CONTAINS 'CAT',3,1,1
452,2026-04-05,SCATTER,CONTAINS 'CAT',3,4,4
452,2026-04-05,LOCATE,CONTAINS 'CAT',3,2,1
453,2026-04-05,COUCH,FURNITURE,0,4,2
453,2026-04-05,CLOSET,FURNITURE,0,2,1
453,2026-04-05,LOUNGE,FURNITURE,0,3,3
453,2026-04-05,CHEST,FURNITURE,0,4,4
453,2026-04-05,SEVERE,WORDS MEANING HARD,1,4,1
453,2026-04-05,SET,WORDS MEANING HARD,1,3,2
453,2026-04-05,AWKWARD,WORDS MEANING HARD,1,1,1
453,2026-04-05,STIFF,WORDS MEANING HARD,1,1,2
453,2026-04-05,BOOK,ASSOCIATED WITH JUNGLE,2,3,4
453,2026-04-05,CLEARING,ASSOCIATED WITH JUNGLE,2,1,3
453,2026-04-05,ELEPHANT,ASSOCIATED WITH JUNGLE,2,1,4
453,2026-04-05,GYM,ASSOCIATED WITH JUNGLE,2,2,4
453,2026-04-05,TAIL,___ LIGHT,3,2,2
453,2026-04-05,CANDLE,___ LIGHT,3,4,3
453,2026-04-05,SEARCH,___ LIGHT,3,2,3
453,2026-04-05,NIGHT,___ LIGHT,3,3,1
454,2026-04-05,PUSSY,CAT BREEDS,0,3,4
454,2026-04-05,MALTESE,CAT BREEDS,0,3,3
454,2026-04-05,SIAMESE,CAT BREEDS,0,2,4
454,2026-04-05,QUEEN,CAT BREEDS,0,3,1
454,2026-04-05,HIGH,WORDS MEANING INCREASE,1,4,2
454,2026-04-05,ELONGATION,WORDS MEANING INCREASE,1,4,1
454,2026-04-05,PROMOTION,WORDS MEANING INCREASE,1,2,2
454,2026-04-05,STRENGTHEN,WORDS MEANING INCREASE,1,4,4
454,2026-04-05,ABRAHAM,ASSOCIATED WITH SACRIFICE,2,1,3
454,2026-04-05,ISAAC,ASSOCIATED WITH SACRIFICE,2,1,1
454,2026-04-05,HITS,ASSOCIATED WITH SACRIFICE,2,1,4
454,2026-04-05,PRIEST,ASSOCIATED WITH SACRIFICE,2,1,2
454,2026-04-05,ROAD,HIGH ___,3,3,2
454,2026-04-05,RISE,HIGH ___,3,4,3
454,2026-04-05,LIGHT,HIGH ___,3,2,1
454,2026-04-05,LAND,HIGH ___,3,2,3
455,2026-04-05,JAW,PARTS OF THE FACE,0,4,3
455,2026-04-05,MOUTH,PARTS OF THE FACE,0,4,4
455,2026-04-05,BROW,PARTS OF THE FACE,0,3,1
455,2026-04-05,CHEEK,PARTS OF THE FACE,0,1,3
455,2026-04-05,HUSHED,WORDS MEANING QUIET,1,1,4
455,2026-04-05,PLACID,WORDS MEANING QUIET,1,1,2
455,2026-04-05,STILL,WORDS MEANING QUIET,1,4,2
455,2026-04-05,SMOOTH,WORDS MEANING QUIET,1,3,2
455,2026-04-05,BURTON,ASSOCIATED WITH CLIFF,2,2,3
455,2026-04-05,NEST,ASSOCIATED WITH CLIFF,2,2,4
455,2026-04-05,EDWARDS,ASSOCIATED WITH CLIFF,2,3,4
455,2026-04-05,STEEP,ASSOCIATED WITH CLIFF,2,3,3
455,2026-04-05,SPEAR,___ FIRE,3,4,1
455,2026-04-05,HELL,___ FIRE,3,2,2
455,2026-04-05,RAPID,___ FIRE,3,1,1
455,2026-04-05,CAMP,___ FIRE,3,2,1
456,2026-04-05,STYLE,TOOLS,0,2,3
456,2026-04-05,SAW,TOOLS,0,1,4
456,2026-04-05,PLOW,TOOLS,0,2,2
456,2026-04-05,SMOOTHER,TOOLS,0,3,4
456,2026-04-05,HOT,WORDS MEANING FAST,1,3,3
456,2026-04-05,BARRED,WORDS MEANING FAST,1,1,2
456,2026-04-05,CONSTANT,WORDS MEANING FAST,1,4,2
456,2026-04-05,IMMEDIATE,WORDS MEANING FAST,1,1,3
456,2026-04-05,DOOR,ASSOCIATED WITH KITCHEN,2,2,4
456,2026-04-05,LAUNDRY,ASSOCIATED WITH KITCHEN,2,2,1
456,2026-04-05,BREAKFAST,ASSOCIATED WITH KITCHEN,2,1,1
456,2026-04-05,TABLE,ASSOCIATED WITH KITCHEN,2,3,1
456,2026-04-05,CATES,ANAGRAMS OF EACH OTHER,3,4,1
456,2026-04-05,TACES,ANAGRAMS OF EACH OTHER,3,4,3
456,2026-04-05,CARET,ANAGRAMS OF EACH OTHER,3,3,2
456,2026-04-05,CASTE,ANAGRAMS OF EACH OTHER,3,4,4
457,2026-04-05,DRAW,CARD GAMES,0,4,4
457,2026-04-05,CARDS,CARD GAMES,0,1,2
457,2026-04-05,PITCH,CARD GAMES,0,4,2
457,2026-04-05,HEARTS,CARD GAMES,0,4,3
457,2026-04-05,STOCKY,WORDS MEANING THICK,1,2,3
457,2026-04-05,CLOGGED,WORDS MEANING THICK,1,2,2
457,2026-04-05,COMPACT,WORDS MEANING THICK,1,2,1
457,2026-04-05,DENSE,WORDS MEANING THICK,1,3,1
457,2026-04-05,RUNNERS,ASSOCIATED WITH HEAT,2,1,1
457,2026-04-05,MOISTURE,ASSOCIATED WITH HEAT,2,1,3
457,2026-04-05,TREATED,ASSOCIATED WITH HEAT,2,3,3
457,2026-04-05,EQUATION,ASSOCIATED WITH HEAT,2,2,4
457,2026-04-05,FLAP,___ GATE,3,3,2
457,2026-04-05,WATER,___ GATE,3,1,4
457,2026-04-05,TOLL,___ GATE,3,4,1
457,2026-04-05,TURN,___ GATE,3,3,4
458,2026-04-05,FLY,INSECTS,0,3,2
458,2026-04-05,BUG,INSECTS,0,1,4
458,2026-04-05,HOPPER,INSECTS,0,2,1
458,2026-04-05,FLEA,INSECTS,0,4,3
458,2026-04-05,WINTRY,WORDS MEANING COLD,1,2,4
458,2026-04-05,CRISP,WORDS MEANING COLD,1,4,1
458,2026-04-05,FRIGID,WORDS MEANING COLD,1,4,2
458,2026-04-05,INHUMANE,WORDS MEANING COLD,1,3,3
458,2026-04-05,TAX,ASSOCIATED WITH WEALTH,2,1,2
458,2026-04-05,ASSET,ASSOCIATED WITH WEALTH,2,4,4
458,2026-04-05,BENEFITS,ASSOCIATED WITH WEALTH,2,1,3
458,2026-04-05,WEALTHY,ASSOCIATED WITH WEALTH,2,1,1
458,2026-04-05,ACHE,HEAD ___,3,3,4
458,2026-04-05,GEAR,HEAD ___,3,2,3
458,2026-04-05,LONG,HEAD ___,3,3,1
458,2026-04-05,STONE,HEAD ___,3,2,2
459,2026-04-05,FIRST,CAR PARTS,0,4,1
459,2026-04-05,THROTTLE,CAR PARTS,0,1,1
459,2026-04-05,BUMPER,CAR PARTS,0,3,1
459,2026-04-05,HIGH,CAR PARTS,0,3,2
459,2026-04-05,FIERCE,WORDS MEANING ROUGH,1,4,4
459,2026-04-05,HARSH,WORDS MEANING ROUGH,1,3,4
459,2026-04-05,ROCKY,WORDS MEANING ROUGH,1,4,3
459,2026-04-05,JUMPY,WORDS MEANING ROUGH,1,4,2
459,2026-04-05,BOOK,ASSOCIATED WITH JUNGLE,2,3,3
459,2026-04-05,WINGS,ASSOCIATED WITH JUNGLE,2,2,4
459,2026-04-05,TRIBE,ASSOCIATED WITH JUNGLE,2,2,3
459,2026-04-05,CRUISE,ASSOCIATED WITH JUNGLE,2,2,2
459,2026-04-05,STORE,___ ROOM,3,1,2
459,2026-04-05,DRESS,___ ROOM,3,1,3
459,2026-04-05,BALL,___ ROOM,3,1,4
459,2026-04-05,MUD,___ ROOM,3,2,1
460,2026-04-05,BRONZE,METALS,0,4,3
460,2026-04-05,STEEL,METALS,0,4,4
460,2026-04-05,BRASS,METALS,0,4,2
460,2026-04-05,STAINLESS,METALS,0,2,3
460,2026-04-05,TRANQUIL,WORDS MEANING QUIET,1,3,3
460,2026-04-05,RELAXING,WORDS MEANING QUIET,1,2,2
460,2026-04-05,PLACID,WORDS MEANING QUIET,1,3,4
460,2026-04-05,UNMOVED,WORDS MEANING QUIET,1,1,1
460,2026-04-05,PASSION,ASSOCIATED WITH LOVE,2,1,3
460,2026-04-05,SIGHT,ASSOCIATED WITH LOVE,2,2,1
460,2026-04-05,BEAUTIFUL,ASSOCIATED WITH LOVE,2,2,4
460,2026-04-05,ROMANCE,ASSOCIATED WITH LOVE,2,4,1
460,2026-04-05,SUBPAR,STARTS WITH 'SUB',3,1,2
460,2026-04-05,SUBSIDE,STARTS WITH 'SUB',3,3,2
460,2026-04-05,SUBMIT,STARTS WITH 'SUB',3,1,4
460,2026-04-05,SUBWAY,STARTS WITH 'SUB',3,3,1
461,2026-04-05,CONTRACT,CARD GAMES,0,3,2
461,2026-04-05,MONTE,CARD GAMES,0,4,2
461,2026-04-05,RUM,CARD GAMES,0,1,1
461,2026-04-05,CARDS,CARD GAMES,0,4,1
461,2026-04-05,RETRIEVE,WORDS MEANING FIND,1,1,4
461,2026-04-05,APPEAR,WORDS MEANING FIND,1,1,2
461,2026-04-05,AVAILABLE,WORDS MEANING FIND,1,4,4
461,2026-04-05,ATTAIN,WORDS MEANING FIND,1,1,3
461,2026-04-05,ALTAR,ASSOCIATED WITH STONE,2,3,1
461,2026-04-05,TOOLS,ASSOCIATED WITH STONE,2,2,3
461,2026-04-05,LAID,ASSOCIATED WITH STONE,2,2,1
461,2026-04-05,TIMBER,ASSOCIATED WITH STONE,2,3,3
461,2026-04-05,CARD,___ BOARD,3,4,3
461,2026-04-05,KEY,___ BOARD,3,2,2
461,2026-04-05,SIDE,___ BOARD,3,2,4
461,2026-04-05,FLAP,___ BOARD,3,3,4
462,2026-04-05,ROSE,FLOWERS,0,3,2
462,2026-04-05,POPPY,FLOWERS,0,1,3
462,2026-04-05,TULIP,FLOWERS,0,3,1
462,2026-04-05,CLOVER,FLOWERS,0,2,4
462,2026-04-05,SEXY,WORDS MEANING HOT,1,1,1
462,2026-04-05,PEPPERY,WORDS MEANING HOT,1,1,4
462,2026-04-05,FLAMING,WORDS MEANING HOT,1,4,1
462,2026-04-05,FIERY,WORDS MEANING HOT,1,1,2
462,2026-04-05,PRUSSIA,WORDS RELATED TO PEACE,2,4,4
462,2026-04-05,POLITICAL,WORDS RELATED TO PEACE,2,4,3
462,2026-04-05,RESOLUTION,WORDS RELATED TO PEACE,2,2,2
462,2026-04-05,PROCESS,WORDS RELATED TO PEACE,2,2,3
462,2026-04-05,STAGE,BACK ___,3,2,1
462,2026-04-05,HANDED,BACK ___,3,3,4
462,2026-04-05,LASH,BACK ___,3,3,3
462,2026-04-05,STROKE,BACK ___,3,4,2
463,2026-04-05,THIRD,CAR PARTS,0,3,4
463,2026-04-05,REVERSE,CAR PARTS,0,4,2
463,2026-04-05,FIRST,CAR PARTS,0,2,3
463,2026-04-05,TRUNK,CAR PARTS,0,2,2
463,2026-04-05,CRASH,WORDS MEANING SLEEP,1,2,4
463,2026-04-05,STANDBY,WORDS MEANING SLEEP,1,3,2
463,2026-04-05,SUSPENSION,WORDS MEANING SLEEP,1,4,1
463,2026-04-05,BEDTIME,WORDS MEANING SLEEP,1,1,3
463,2026-04-05,MISSIONS,ASSOCIATED WITH MOON,2,1,2
463,2026-04-05,ROCKS,ASSOCIATED WITH MOON,2,4,3
463,2026-04-05,KNIGHT,ASSOCIATED WITH MOON,2,1,4
463,2026-04-05,SAILOR,ASSOCIATED WITH MOON,2,3,1
463,2026-04-05,OLD,___ TIME,3,3,3
463,2026-04-05,LONG,___ TIME,3,1,1
463,2026-04-05,SPRING,___ TIME,3,4,4
463,2026-04-05,FULL,___ TIME,3,2,1
464,2026-04-05,SKIING,SPORTS,0,3,3
464,2026-04-05,BATHE,SPORTS,0,1,3
464,2026-04-05,SLEDDING,SPORTS,0,3,4
464,2026-04-05,HOOPS,SPORTS,0,3,1
464,2026-04-05,INHIBIT,WORDS MEANING STOP,1,3,2
464,2026-04-05,POINT,WORDS MEANING STOP,1,4,2
464,2026-04-05,SHUT,WORDS MEANING STOP,1,2,2
464,2026-04-05,CONTAIN,WORDS MEANING STOP,1,1,2
464,2026-04-05,BEACH,ASSOCIATED WITH CLIFF,2,4,4
464,2026-04-05,SLOPE,ASSOCIATED WITH CLIFF,2,2,3
464,2026-04-05,EROSION,ASSOCIATED WITH CLIFF,2,4,3
464,2026-04-05,TOPS,ASSOCIATED WITH CLIFF,2,2,1
464,2026-04-05,CULL,WORDS WITH DOUBLE 'L',3,4,1
464,2026-04-05,TALL,WORDS WITH DOUBLE 'L',3,2,4
464,2026-04-05,WELL,WORDS WITH DOUBLE 'L',3,1,4
464,2026-04-05,BELL,WORDS WITH DOUBLE 'L',3,1,1
465,2026-04-05,WALNUT,NUTS,0,2,1
465,2026-04-05,BRAZIL,NUTS,0,2,2
465,2026-04-05,PEANUT,NUTS,0,4,4
465,2026-04-05,CHESTNUT,NUTS,0,3,2
465,2026-04-05,MEAN,WORDS MEANING SMALL,1,3,1
465,2026-04-05,SLIM,WORDS MEANING SMALL,1,2,4
465,2026-04-05,NARROW,WORDS MEANING SMALL,1,1,2
465,2026-04-05,SLENDER,WORDS MEANING SMALL,1,1,1
465,2026-04-05,SITUATED,ASSOCIATED WITH VILLAGE,2,1,4
465,2026-04-05,DISTRICT,ASSOCIATED WITH VILLAGE,2,1,3
465,2026-04-05,INHABITED,ASSOCIATED WITH VILLAGE,2,4,2
465,2026-04-05,VERSUS,ASSOCIATED WITH VILLAGE,2,3,4
465,2026-04-05,COBBLE,___ STONE,3,3,3
465,2026-04-05,SAND,___ STONE,3,4,3
465,2026-04-05,MUD,___ STONE,3,2,3
465,2026-04-05,CORNER,___ STONE,3,4,1
466,2026-04-05,GARTER,SNAKES,0,4,4
466,2026-04-05,MILK,SNAKES,0,1,3
466,2026-04-05,BOA,SNAKES,0,4,3
466,2026-04-05,PYTHON,SNAKES,0,3,4
466,2026-04-05,ROAR,WORDS MEANING SHOUT,1,2,2
466,2026-04-05,SQUALL,WORDS MEANING SHOUT,1,1,2
466,2026-04-05,BELLOW,WORDS MEANING SHOUT,1,3,2
466,2026-04-05,APPEAL,WORDS MEANING SHOUT,1,1,1
466,2026-04-05,GENERATION,ASSOCIATED WITH POWER,2,4,2
466,2026-04-05,GENERATING,ASSOCIATED WITH POWER,2,4,1
466,2026-04-05,THERMAL,ASSOCIATED WITH POWER,2,2,3
466,2026-04-05,OUTPUT,ASSOCIATED WITH POWER,2,3,3
466,2026-04-05,THORN,BLACK ___,3,2,4
466,2026-04-05,BOARD,BLACK ___,3,3,1
466,2026-04-05,MAIL,BLACK ___,3,1,4
466,2026-04-05,BERRY,BLACK ___,3,2,1
467,2026-04-05,STORE,COMPUTER PARTS,0,1,4
467,2026-04-05,STORAGE,COMPUTER PARTS,0,4,4
467,2026-04-05,CHIP,COMPUTER PARTS,0,4,2
467,2026-04-05,BUS,COMPUTER PARTS,0,2,3
467,2026-04-05,BROAD,WORDS MEANING WIDE,1,2,1
467,2026-04-05,SPACIOUS,WORDS MEANING WIDE,1,3,1
467,2026-04-05,BLANKET,WORDS MEANING WIDE,1,2,2
467,2026-04-05,EXTENSIVE,WORDS MEANING WIDE,1,1,3
467,2026-04-05,DOCK,GOES WITH HARBOR,2,1,2
467,2026-04-05,CITY,GOES WITH HARBOR,2,1,1
467,2026-04-05,LABORATORY,GOES WITH HARBOR,2,4,3
467,2026-04-05,ISLAND,GOES WITH HARBOR,2,2,4
467,2026-04-05,DATE,UP ___,3,3,3
467,2026-04-05,CAST,UP ___,3,3,4
467,2026-04-05,SWING,UP ___,3,3,2
467,2026-04-05,KEEP,UP ___,3,4,1
468,2026-04-05,GRAY,HORSE BREEDS,0,4,1
468,2026-04-05,MOUNT,HORSE BREEDS,0,1,3
468,2026-04-05,STUD,HORSE BREEDS,0,2,4
468,2026-04-05,POSTER,HORSE BREEDS,0,3,2
468,2026-04-05,IMPORTANT,WORDS MEANING HEAVY,1,4,3
468,2026-04-05,STRONG,WORDS MEANING HEAVY,1,4,4
468,2026-04-05,PONDEROUS,WORDS MEANING HEAVY,1,1,1
468,2026-04-05,OPPRESSIVE,WORDS MEANING HEAVY,1,1,2
468,2026-04-05,MEMPHIS,ASSOCIATED WITH PYRAMID,2,1,4
468,2026-04-05,BLOCKS,ASSOCIATED WITH PYRAMID,2,3,4
468,2026-04-05,SOCCER,ASSOCIATED WITH PYRAMID,2,2,3
468,2026-04-05,TOMB,ASSOCIATED WITH PYRAMID,2,2,1
468,2026-04-05,BIRD,RHYMES WITH 'WORD',3,2,2
468,2026-04-05,STIRRED,RHYMES WITH 'WORD',3,3,3
468,2026-04-05,HERD,RHYMES WITH 'WORD',3,3,1
468,2026-04-05,CURD,RHYMES WITH 'WORD',3,4,2
469,2026-04-05,BRASS,METALS,0,4,2
469,2026-04-05,STEEL,METALS,0,1,1
469,2026-04-05,BRONZE,METALS,0,1,4
469,2026-04-05,BABBITT,METALS,0,2,2
469,2026-04-05,QUIESCENT,WORDS MEANING QUIET,1,3,2
469,2026-04-05,CALMNESS,WORDS MEANING QUIET,1,4,4
469,2026-04-05,SERENE,WORDS MEANING QUIET,1,3,4
469,2026-04-05,SERENITY,WORDS MEANING QUIET,1,1,3
469,2026-04-05,BAY,ASSOCIATED WITH LAGOON,2,2,3
469,2026-04-05,INLET,ASSOCIATED WITH LAGOON,2,2,4
469,2026-04-05,BARRIER,ASSOCIATED WITH LAGOON,2,2,1
469,2026-04-05,DEPTHS,ASSOCIATED WITH LAGOON,2,4,3
469,2026-04-05,FULL,___ HOUSE,3,1,2
469,2026-04-05,COURT,___ HOUSE,3,3,1
469,2026-04-05,OPEN,___ HOUSE,3,3,3
469,2026-04-05,ROAD,___ HOUSE,3,4,1
470,2026-04-05,FEDORA,HATS,0,4,1
470,2026-04-05,SAILOR,HATS,0,1,3
470,2026-04-05,TURBAN,HATS,0,1,4
470,2026-04-05,BEAVER,HATS,0,4,4
470,2026-04-05,HONESTY,WORDS MEANING HONEST,1,2,2
470,2026-04-05,REPUTABLE,WORDS MEANING HONEST,1,4,2
470,2026-04-05,VIRTUOUS,WORDS MEANING HONEST,1,3,3
470,2026-04-05,REAL,WORDS MEANING HONEST,1,2,3
470,2026-04-05,LONG,WORDS RELATED TO TIME,2,1,2
470,2026-04-05,DECADE,WORDS RELATED TO TIME,2,3,4
470,2026-04-05,CLIP,WORDS RELATED TO TIME,2,3,2
470,2026-04-05,METER,WORDS RELATED TO TIME,2,2,1
470,2026-04-05,WAY,WATER ___,3,4,3
470,2026-04-05,PROOF,WATER ___,3,3,1
470,2026-04-05,TIGHT,WATER ___,3,2,4
470,2026-04-05,FALL,WATER ___,3,1,1
471,2026-04-05,BROW,PARTS OF THE FACE,0,2,2
471,2026-04-05,CHEEK,PARTS OF THE FACE,0,4,2
471,2026-04-05,WHISKERS,PARTS OF THE FACE,0,4,1
471,2026-04-05,EYEBROW,PARTS OF THE FACE,0,3,4
471,2026-04-05,FINE,WORDS MEANING HAPPY,1,1,2
471,2026-04-05,ENJOYMENT,WORDS MEANING HAPPY,1,4,4
471,2026-04-05,GOLDEN,WORDS MEANING HAPPY,1,2,1
471,2026-04-05,HAPPILY,WORDS MEANING HAPPY,1,2,3
471,2026-04-05,TERRAIN,ASSOCIATED WITH PLATEAU,2,3,2
471,2026-04-05,WATERSHED,ASSOCIATED WITH PLATEAU,2,1,4
471,2026-04-05,MOUNTAINS,ASSOCIATED WITH PLATEAU,2,1,3
471,2026-04-05,BASIN,ASSOCIATED WITH PLATEAU,2,1,1
471,2026-04-05,HOT,___ WATER,3,3,3
471,2026-04-05,BLACK,___ WATER,3,4,3
471,2026-04-05,DEEP,___ WATER,3,3,1
471,2026-04-05,SEA,___ WATER,3,2,4
472,2026-04-05,GALLOWS,INSTRUMENTS,0,1,2
472,2026-04-05,BLADE,INSTRUMENTS,0,3,4
472,2026-04-05,SWITCH,INSTRUMENTS,0,1,4
472,2026-04-05,BRAND,INSTRUMENTS,0,2,2
472,2026-04-05,SECURE,WORDS MEANING FIX,1,1,1
472,2026-04-05,PREPARE,WORDS MEANING FIX,1,2,3
472,2026-04-05,PATCH,WORDS MEANING FIX,1,4,1
472,2026-04-05,FILL,WORDS MEANING FIX,1,1,3
472,2026-04-05,RETURNS,ASSOCIATED WITH REVENGE,2,3,2
472,2026-04-05,GETS,ASSOCIATED WITH REVENGE,2,3,1
472,2026-04-05,TRAGEDY,ASSOCIATED WITH REVENGE,2,4,2
472,2026-04-05,FALLEN,ASSOCIATED WITH REVENGE,2,2,4
472,2026-04-05,TALES,ANAGRAMS OF EACH OTHER,3,4,3
472,2026-04-05,SLATE,ANAGRAMS OF EACH OTHER,3,3,3
472,2026-04-05,LEAST,ANAGRAMS OF EACH OTHER,3,4,4
472,2026-04-05,STALE,ANAGRAMS OF EACH OTHER,3,2,1
473,2026-04-05,BLADE,WEAPONS,0,4,1
473,2026-04-05,CANNON,WEAPONS,0,2,3
473,2026-04-05,KNUCKLES,WEAPONS,0,2,2
473,2026-04-05,GUN,WEAPONS,0,3,4
473,2026-04-05,SWIPE,WORDS MEANING STEAL,1,4,2
473,2026-04-05,ROBBERY,WORDS MEANING STEAL,1,2,1
473,2026-04-05,TAKE,WORDS MEANING STEAL,1,4,3
473,2026-04-05,PINCH,WORDS MEANING STEAL,1,1,2
473,2026-04-05,RUBBER,ASSOCIATED WITH STEEL,2,1,1
473,2026-04-05,CEMENT,ASSOCIATED WITH STEEL,2,3,1
473,2026-04-05,CONCRETE,ASSOCIATED WITH STEEL,2,4,4
473,2026-04-05,CAGE,ASSOCIATED WITH STEEL,2,1,4
473,2026-04-05,TOP,___ SIDE,3,1,3
473,2026-04-05,BED,___ SIDE,3,3,3
473,2026-04-05,SEA,___ SIDE,3,3,2
473,2026-04-05,COURT,___ SIDE,3,2,4
474,2026-04-05,COTTON,FABRICS,0,4,4
474,2026-04-05,LINT,FABRICS,0,1,3
474,2026-04-05,GINGHAM,FABRICS,0,3,1
474,2026-04-05,CLOTH,FABRICS,0,3,3
474,2026-04-05,DINING,WORDS MEANING EAT,1,4,2
474,2026-04-05,ABSORB,WORDS MEANING EAT,1,4,1
474,2026-04-05,RUST,WORDS MEANING EAT,1,2,3
474,2026-04-05,CHEW,WORDS MEANING EAT,1,3,4
474,2026-04-05,PROBABLY,WORDS RELATED TO DOUBT,2,2,1
474,2026-04-05,SECURE,WORDS RELATED TO DOUBT,2,2,2
474,2026-04-05,COMPLAIN,WORDS RELATED TO DOUBT,2,1,2
474,2026-04-05,DISPUTE,WORDS RELATED TO DOUBT,2,3,2
474,2026-04-05,CAST,DOWN ___,3,1,4
474,2026-04-05,BEAT,DOWN ___,3,2,4
474,2026-04-05,SIZE,DOWN ___,3,4,3
474,2026-04-05,RIGHT,DOWN ___,3,1,1
475,2026-04-05,MEMORY,COMPUTER PARTS,0,3,1
475,2026-04-05,KEYBOARD,COMPUTER PARTS,0,2,3
475,2026-04-05,STORE,COMPUTER PARTS,0,1,4
475,2026-04-05,PROCESSOR,COMPUTER PARTS,0,1,1
475,2026-04-05,CONTAIN,WORDS MEANING STOP,1,2,1
475,2026-04-05,BARRICADE,WORDS MEANING STOP,1,4,2
475,2026-04-05,BLOCK,WORDS MEANING STOP,1,2,2
475,2026-04-05,BLOCKADE,WORDS MEANING STOP,1,3,3
475,2026-04-05,DRESSES,ASSOCIATED WITH WEDDING,2,3,2
475,2026-04-05,HONEYMOON,ASSOCIATED WITH WEDDING,2,3,4
475,2026-04-05,DIANA,ASSOCIATED WITH WEDDING,2,1,2
475,2026-04-05,COUPLES,ASSOCIATED WITH WEDDING,2,4,1
475,2026-04-05,RUN,___ WAY,3,4,3
475,2026-04-05,UNDER,___ WAY,3,1,3
475,2026-04-05,DOOR,___ WAY,3,2,4
475,2026-04-05,PATH,___ WAY,3,4,4
476,2026-04-05,POPPY,FLOWERS,0,1,1
476,2026-04-05,TULIP,FLOWERS,0,4,2
476,2026-04-05,PANSY,FLOWERS,0,3,3
476,2026-04-05,VIOLET,FLOWERS,0,1,4
476,2026-04-05,COOKING,WORDS MEANING EAT,1,3,1
476,2026-04-05,DINING,WORDS MEANING EAT,1,2,1
476,2026-04-05,FORAGE,WORDS MEANING EAT,1,2,2
476,2026-04-05,FEAST,WORDS MEANING EAT,1,3,4
476,2026-04-05,TIMETABLE,WORDS RELATED TO TIME,2,4,1
476,2026-04-05,CLOCK,WORDS RELATED TO TIME,2,3,2
476,2026-04-05,CALENDAR,WORDS RELATED TO TIME,2,1,2
476,2026-04-05,MIX,WORDS RELATED TO TIME,2,4,4
476,2026-04-05,BLINK,ENDS WITH 'INK',3,2,3
476,2026-04-05,SINK,ENDS WITH 'INK',3,2,4
476,2026-04-05,DRINK,ENDS WITH 'INK',3,1,3
476,2026-04-05,MINK,ENDS WITH 'INK',3,4,3
477,2026-04-05,CABBAGE,VEGETABLES,0,3,4
477,2026-04-05,MUSTARD,VEGETABLES,0,3,1
477,2026-04-05,SORREL,VEGETABLES,0,3,3
477,2026-04-05,POTATO,VEGETABLES,0,4,4
477,2026-04-05,KIDDING,WORDS MEANING LAUGH,1,1,3
477,2026-04-05,REALLY,WORDS MEANING LAUGH,1,1,1
477,2026-04-05,AMUSE,WORDS MEANING LAUGH,1,1,2
477,2026-04-05,HOWL,WORDS MEANING LAUGH,1,4,2
477,2026-04-05,SHRUBS,ASSOCIATED WITH GARDEN,2,3,2
477,2026-04-05,FRUIT,ASSOCIATED WITH GARDEN,2,4,1
477,2026-04-05,ACRES,ASSOCIATED WITH GARDEN,2,2,1
477,2026-04-05,KITCHEN,ASSOCIATED WITH GARDEN,2,2,2
477,2026-04-05,UNDER,___ WAY,3,2,4
477,2026-04-05,PATH,___ WAY,3,4,3
477,2026-04-05,AIR,___ WAY,3,2,3
477,2026-04-05,FREE,___ WAY,3,1,4
478,2026-04-05,CEREAL,GRAINS,0,1,3
478,2026-04-05,RICE,GRAINS,0,4,4
478,2026-04-05,WHEAT,GRAINS,0,3,1
478,2026-04-05,CORN,GRAINS,0,2,3
478,2026-04-05,SWORN,WORDS MEANING HONEST,1,3,2
478,2026-04-05,DIGNIFIED,WORDS MEANING HONEST,1,2,4
478,2026-04-05,VIRTUOUS,WORDS MEANING HONEST,1,4,1
478,2026-04-05,ARTLESS,WORDS MEANING HONEST,1,4,3
478,2026-04-05,DILIGENCE,WORDS RELATED TO PATIENCE,2,3,4
478,2026-04-05,KINDNESS,WORDS RELATED TO PATIENCE,2,1,4
478,2026-04-05,JONATHAN,WORDS RELATED TO PATIENCE,2,2,2
478,2026-04-05,BEAT,WORDS RELATED TO PATIENCE,2,1,2
478,2026-04-05,BOARD,BLACK ___,3,4,2
478,2026-04-05,BOX,BLACK ___,3,1,1
478,2026-04-05,THORN,BLACK ___,3,2,1
478,2026-04-05,BOOK,BLACK ___,3,3,3
479,2026-04-05,BUMPER,CAR PARTS,0,3,1
479,2026-04-05,HOOD,CAR PARTS,0,2,4
479,2026-04-05,TRUNK,CAR PARTS,0,2,3
479,2026-04-05,ROOF,CAR PARTS,0,2,1
479,2026-04-05,MISS,WORDS MEANING DECEIVE,1,1,3
479,2026-04-05,LURE,WORDS MEANING DECEIVE,1,2,2
479,2026-04-05,KID,WORDS MEANING DECEIVE,1,3,3
479,2026-04-05,DEFRAUD,WORDS MEANING DECEIVE,1,1,4
479,2026-04-05,LANTERN,ASSOCIATED WITH MAGIC,2,4,3
479,2026-04-05,GATHERING,ASSOCIATED WITH MAGIC,2,3,4
479,2026-04-05,CIRCLE,ASSOCIATED WITH MAGIC,2,1,1
479,2026-04-05,WITCH,ASSOCIATED WITH MAGIC,2,4,2
479,2026-04-05,FALL,DOWN ___,3,1,2
479,2026-04-05,BEAT,DOWN ___,3,4,1
479,2026-04-05,STREAM,DOWN ___,3,3,2
479,2026-04-05,CAST,DOWN ___,3,4,4
480,2026-04-05,MOLE,MAMMALS,0,1,2
480,2026-04-05,LIVESTOCK,MAMMALS,0,4,4
480,2026-04-05,RAT,MAMMALS,0,3,2
480,2026-04-05,ARMADILLO,MAMMALS,0,1,4
480,2026-04-05,POIGNANT,WORDS MEANING SHARP,1,1,3
480,2026-04-05,STACK,WORDS MEANING SHARP,1,3,4
480,2026-04-05,FORCEFUL,WORDS MEANING SHARP,1,2,2
480,2026-04-05,STEEP,WORDS MEANING SHARP,1,2,1
480,2026-04-05,VERSUS,ASSOCIATED WITH VILLAGE,2,3,1
480,2026-04-05,DISTRICT,ASSOCIATED WITH VILLAGE,2,4,1
480,2026-04-05,LIES,ASSOCIATED WITH VILLAGE,2,2,4
480,2026-04-05,EXISTENCE,ASSOCIATED WITH VILLAGE,2,4,2
480,2026-04-05,FEE,RHYMES WITH 'TREE',3,1,1
480,2026-04-05,FREE,RHYMES WITH 'TREE',3,3,3
480,2026-04-05,PEA,RHYMES WITH 'TREE',3,2,3
480,2026-04-05,BEE,RHYMES WITH 'TREE',3,4,3
481,2026-04-05,BARLEY,GRAINS,0,3,3
481,2026-04-05,CEREAL,GRAINS,0,1,3
481,2026-04-05,CORN,GRAINS,0,4,4
481,2026-04-05,RICE,GRAINS,0,4,2
481,2026-04-05,YANK,WORDS MEANING PULL,1,2,1
481,2026-04-05,EXTRACT,WORDS MEANING PULL,1,1,1
481,2026-04-05,COMMIT,WORDS MEANING PULL,1,1,4
481,2026-04-05,PLUCK,WORDS MEANING PULL,1,2,4
481,2026-04-05,GENTLY,ASSOCIATED WITH PLATEAU,2,2,2
481,2026-04-05,SLOPES,ASSOCIATED WITH PLATEAU,2,1,2
481,2026-04-05,TIBET,ASSOCIATED WITH PLATEAU,2,3,2
481,2026-04-05,UPLAND,ASSOCIATED WITH PLATEAU,2,3,4
481,2026-04-05,LAKE,___ SIDE,3,4,1
481,2026-04-05,RING,___ SIDE,3,3,1
481,2026-04-05,BLIND,___ SIDE,3,2,3
481,2026-04-05,ROAD,___ SIDE,3,4,3
482,2026-04-05,DUGOUT,BOATS,0,1,1
482,2026-04-05,BARGE,BOATS,0,2,1
482,2026-04-05,FERRY,BOATS,0,4,4
482,2026-04-05,JOLLY,BOATS,0,1,2
482,2026-04-05,EXTENDED,WORDS MEANING LARGE,1,1,4
482,2026-04-05,HUGE,WORDS MEANING LARGE,1,4,2
482,2026-04-05,GIGANTIC,WORDS MEANING LARGE,1,2,4
482,2026-04-05,STUPENDOUS,WORDS MEANING LARGE,1,3,3
482,2026-04-05,WEALTHY,WORDS RELATED TO WEALTH,2,3,1
482,2026-04-05,HERITAGE,WORDS RELATED TO WEALTH,2,3,4
482,2026-04-05,RICHES,WORDS RELATED TO WEALTH,2,2,3
482,2026-04-05,CROWD,WORDS RELATED TO WEALTH,2,2,2
482,2026-04-05,WORK,HAND ___,3,4,3
482,2026-04-05,HOLD,HAND ___,3,4,1
482,2026-04-05,PICKED,HAND ___,3,1,3
482,2026-04-05,STAND,HAND ___,3,3,2
483,2026-04-05,CHIN,PARTS OF THE FACE,0,2,1
483,2026-04-05,EYE,PARTS OF THE FACE,0,3,1
483,2026-04-05,MOUTH,PARTS OF THE FACE,0,2,2
483,2026-04-05,WHISKERS,PARTS OF THE FACE,0,2,4
483,2026-04-05,GAUDY,WORDS MEANING LOUD,1,1,2
483,2026-04-05,BRASSY,WORDS MEANING LOUD,1,3,2
483,2026-04-05,TAWDRY,WORDS MEANING LOUD,1,1,1
483,2026-04-05,FLASH,WORDS MEANING LOUD,1,3,3
483,2026-04-05,CELL,ASSOCIATED WITH PRISON,2,2,3
483,2026-04-05,GANG,ASSOCIATED WITH PRISON,2,3,4
483,2026-04-05,MURDER,ASSOCIATED WITH PRISON,2,4,2
483,2026-04-05,ROBBERY,ASSOCIATED WITH PRISON,2,1,3
483,2026-04-05,BENCH,BACK ___,3,1,4
483,2026-04-05,LOG,BACK ___,3,4,4
483,2026-04-05,STAGE,BACK ___,3,4,3
483,2026-04-05,STROKE,BACK ___,3,4,1
484,2026-04-05,BINOCULARS,INSTRUMENTS,0,2,4
484,2026-04-05,STAKE,INSTRUMENTS,0,4,2
484,2026-04-05,SPEAR,INSTRUMENTS,0,1,2
484,2026-04-05,COMPASS,INSTRUMENTS,0,4,1
484,2026-04-05,ENORMOUS,WORDS MEANING LARGE,1,1,1
484,2026-04-05,IMMENSE,WORDS MEANING LARGE,1,4,3
484,2026-04-05,RANGY,WORDS MEANING LARGE,1,1,3
484,2026-04-05,BIG,WORDS MEANING LARGE,1,3,1
484,2026-04-05,METALLIC,WORDS RELATED TO STEEL,2,3,3
484,2026-04-05,SWORD,WORDS RELATED TO STEEL,2,2,2
484,2026-04-05,PANELS,WORDS RELATED TO STEEL,2,4,4
484,2026-04-05,FABRIC,WORDS RELATED TO STEEL,2,1,4
484,2026-04-05,FOG,DIFFER BY ONE LETTER FROM 'FROG',3,3,2
484,2026-04-05,BLOG,DIFFER BY ONE LETTER FROM 'FROG',3,3,4
484,2026-04-05,LOG,DIFFER BY ONE LETTER FROM 'FROG',3,2,3
484,2026-04-05,CLOG,DIFFER BY ONE LETTER FROM 'FROG',3,2,1
485,2026-04-05,SKIN,TYPES OF BAGS,0,4,4
485,2026-04-05,PURSE,TYPES OF BAGS,0,4,1
485,2026-04-05,POCKET,TYPES OF BAGS,0,4,3
485,2026-04-05,ENVELOPE,TYPES OF BAGS,0,1,2
485,2026-04-05,RECEIVE,WORDS MEANING FIND,1,3,3
485,2026-04-05,HAPPEN,WORDS MEANING FIND,1,1,1
485,2026-04-05,RESOLVE,WORDS MEANING FIND,1,2,1
485,2026-04-05,PROCURE,WORDS MEANING FIND,1,1,4
485,2026-04-05,DIMENSION,ASSOCIATED WITH SPACE,2,3,2
485,2026-04-05,MISSIONS,ASSOCIATED WITH SPACE,2,3,4
485,2026-04-05,ORBITAL,ASSOCIATED WITH SPACE,2,2,4
485,2026-04-05,EARTH,ASSOCIATED WITH SPACE,2,1,3
485,2026-04-05,DARK,___ ROOM,3,2,2
485,2026-04-05,MUD,___ ROOM,3,2,3
485,2026-04-05,CLASS,___ ROOM,3,3,1
485,2026-04-05,DINING,___ ROOM,3,4,2
486,2026-04-05,CHESTNUT,NUTS,0,4,4
486,2026-04-05,BRAZIL,NUTS,0,1,2
486,2026-04-05,PEANUT,NUTS,0,4,2
486,2026-04-05,COCONUT,NUTS,0,2,3
486,2026-04-05,RAW,WORDS MEANING COLD,1,2,4
486,2026-04-05,CHILLED,WORDS MEANING COLD,1,1,1
486,2026-04-05,CHILLY,WORDS MEANING COLD,1,3,3
486,2026-04-05,CRISP,WORDS MEANING COLD,1,4,3
486,2026-04-05,WANTON,WORDS RELATED TO CHAOS,2,4,1
486,2026-04-05,FIASCO,WORDS RELATED TO CHAOS,2,2,1
486,2026-04-05,STORYLINE,WORDS RELATED TO CHAOS,2,2,2
486,2026-04-05,DESTROY,WORDS RELATED TO CHAOS,2,1,4
486,2026-04-05,TIGHT,WATER ___,3,3,1
486,2026-04-05,MARK,WATER ___,3,1,3
486,2026-04-05,PROOF,WATER ___,3,3,4
486,2026-04-05,SHED,WATER ___,3,3,2
487,2026-04-05,STORE,COMPUTER PARTS,0,3,4
487,2026-04-05,KEYBOARD,COMPUTER PARTS,0,1,2
487,2026-04-05,PERIPHERAL,COMPUTER PARTS,0,1,3
487,2026-04-05,STORAGE,COMPUTER PARTS,0,4,3
487,2026-04-05,ERUPT,WORDS MEANING BREAK,1,3,1
487,2026-04-05,GIVE,WORDS MEANING BREAK,1,2,3
487,2026-04-05,SOFTEN,WORDS MEANING BREAK,1,4,4
487,2026-04-05,CHECK,WORDS MEANING BREAK,1,1,4
487,2026-04-05,COLORADO,ASSOCIATED WITH CANYON,2,3,3
487,2026-04-05,WYOMING,ASSOCIATED WITH CANYON,2,2,4
487,2026-04-05,RIM,ASSOCIATED WITH CANYON,2,3,2
487,2026-04-05,WATERSHED,ASSOCIATED WITH CANYON,2,4,1
487,2026-04-05,PLAY,DOWN ___,3,2,2
487,2026-04-05,WARD,DOWN ___,3,1,1
487,2026-04-05,RIGHT,DOWN ___,3,4,2
487,2026-04-05,STAIRS,DOWN ___,3,2,1
488,2026-04-05,MIST,CLOUD TYPES,0,1,1
488,2026-04-05,HUNTER,CLOUD TYPES,0,3,1
488,2026-04-05,FOG,CLOUD TYPES,0,3,3
488,2026-04-05,MUSHROOM,CLOUD TYPES,0,1,4
488,2026-04-05,TIGHT,WORDS MEANING SMALL,1,4,1
488,2026-04-05,MODERATE,WORDS MEANING SMALL,1,2,2
488,2026-04-05,IMMATURE,WORDS MEANING SMALL,1,4,4
488,2026-04-05,YOUNG,WORDS MEANING SMALL,1,1,3
488,2026-04-05,SLAVES,ASSOCIATED WITH WEALTH,2,2,4
488,2026-04-05,POVERTY,ASSOCIATED WITH WEALTH,2,3,2
488,2026-04-05,GENERATED,ASSOCIATED WITH WEALTH,2,3,4
488,2026-04-05,ENABLED,ASSOCIATED WITH WEALTH,2,1,2
488,2026-04-05,STEAL,ANAGRAMS OF EACH OTHER,3,2,1
488,2026-04-05,TEALS,ANAGRAMS OF EACH OTHER,3,4,2
488,2026-04-05,LEAST,ANAGRAMS OF EACH OTHER,3,4,3
488,2026-04-05,SLATE,ANAGRAMS OF EACH OTHER,3,2,3
489,2026-04-05,PENNY,CURRENCIES,0,4,3
489,2026-04-05,BUCK,CURRENCIES,0,2,1
489,2026-04-05,NOTE,CURRENCIES,0,2,4
489,2026-04-05,BILL,CURRENCIES,0,1,3
489,2026-04-05,CUTTING,WORDS MEANING COLD,1,4,4
489,2026-04-05,RAW,WORDS MEANING COLD,1,1,2
489,2026-04-05,ICY,WORDS MEANING COLD,1,4,2
489,2026-04-05,DEAD,WORDS MEANING COLD,1,4,1
489,2026-04-05,REGION,ASSOCIATED WITH RIVER,2,2,3
489,2026-04-05,FERRY,ASSOCIATED WITH RIVER,2,3,2
489,2026-04-05,NAVIGATION,ASSOCIATED WITH RIVER,2,2,2
489,2026-04-05,BORDER,ASSOCIATED WITH RIVER,2,3,3
489,2026-04-05,UNDER,___ GROUND,3,3,1
489,2026-04-05,ABOVE,___ GROUND,3,1,4
489,2026-04-05,BACK,___ GROUND,3,3,4
489,2026-04-05,PLAY,___ GROUND,3,1,1
490,2026-04-05,WORKER,INSECTS,0,4,3
490,2026-04-05,CRICKET,INSECTS,0,3,1
490,2026-04-05,EPHEMERAL,INSECTS,0,2,4
490,2026-04-05,FLY,INSECTS,0,1,2
490,2026-04-05,SPARK,WORDS MEANING LIGHT,1,1,4
490,2026-04-05,CLEAN,WORDS MEANING LIGHT,1,2,3
490,2026-04-05,THIN,WORDS MEANING LIGHT,1,3,3
490,2026-04-05,PALE,WORDS MEANING LIGHT,1,1,3
490,2026-04-05,BUDDHIST,ASSOCIATED WITH COMPASSION,2,3,4
490,2026-04-05,FARMING,ASSOCIATED WITH COMPASSION,2,2,2
490,2026-04-05,VIRTUE,ASSOCIATED WITH COMPASSION,2,3,2
490,2026-04-05,WISDOM,ASSOCIATED WITH COMPASSION,2,4,1
490,2026-04-05,HANDED,BACK ___,3,2,1
490,2026-04-05,DROP,BACK ___,3,4,2
490,2026-04-05,SPACE,BACK ___,3,1,1
490,2026-04-05,GROUND,BACK ___,3,4,4
491,2026-04-05,ARM,BODY PARTS,0,2,1
491,2026-04-05,FORK,BODY PARTS,0,4,3
491,2026-04-05,HEAD,BODY PARTS,0,3,4
491,2026-04-05,TRUNK,BODY PARTS,0,3,3
491,2026-04-05,HARDY,WORDS MEANING BRAVE,1,3,2
491,2026-04-05,FEARLESS,WORDS MEANING BRAVE,1,2,4
491,2026-04-05,COURAGEOUS,WORDS MEANING BRAVE,1,1,1
491,2026-04-05,GAY,WORDS MEANING BRAVE,1,2,3
491,2026-04-05,RESIDENCE,ASSOCIATED WITH PALACE,2,1,4
491,2026-04-05,MANSION,ASSOCIATED WITH PALACE,2,1,3
491,2026-04-05,EMPEROR,ASSOCIATED WITH PALACE,2,2,2
491,2026-04-05,CHAPEL,ASSOCIATED WITH PALACE,2,4,2
491,2026-04-05,RATE,UNDER ___,3,4,4
491,2026-04-05,PASS,UNDER ___,3,4,1
491,2026-04-05,PLAY,UNDER ___,3,1,2
491,2026-04-05,TAKE,UNDER ___,3,3,1
492,2026-04-05,WASH,PAINTING STYLES,0,4,2
492,2026-04-05,NUDE,PAINTING STYLES,0,1,1
492,2026-04-05,PICTURE,PAINTING STYLES,0,3,1
492,2026-04-05,MINIATURE,PAINTING STYLES,0,2,4
492,2026-04-05,DREAM,WORDS MEANING SLEEP,1,4,3
492,2026-04-05,SHUTDOWN,WORDS MEANING SLEEP,1,1,4
492,2026-04-05,REPRIEVE,WORDS MEANING SLEEP,1,4,1
492,2026-04-05,TWINKLE,WORDS MEANING SLEEP,1,2,1
492,2026-04-05,MAINLAND,WORDS RELATED TO BRIDGE,2,1,2
492,2026-04-05,CARRIES,WORDS RELATED TO BRIDGE,2,3,3
492,2026-04-05,DELAWARE,WORDS RELATED TO BRIDGE,2,4,4
492,2026-04-05,EXPRESSWAY,WORDS RELATED TO BRIDGE,2,2,3
492,2026-04-05,REPAPER,PALINDROMES,3,3,2
492,2026-04-05,CIVIC,PALINDROMES,3,1,3
492,2026-04-05,REDDER,PALINDROMES,3,2,2
492,2026-04-05,RADAR,PALINDROMES,3,3,4
493,2026-04-05,BRAZIL,NUTS,0,1,2
493,2026-04-05,COCONUT,NUTS,0,3,1
493,2026-04-05,PEANUT,NUTS,0,2,3
493,2026-04-05,MAST,NUTS,0,4,1
493,2026-04-05,LEAVE,WORDS MEANING STOP,1,1,4
493,2026-04-05,ARREST,WORDS MEANING STOP,1,4,4
493,2026-04-05,SHUT,WORDS MEANING STOP,1,4,2
493,2026-04-05,HALT,WORDS MEANING STOP,1,3,3
493,2026-04-05,CANYON,ASSOCIATED WITH RANCH,2,4,3
493,2026-04-05,LAND,ASSOCIATED WITH RANCH,2,2,4
493,2026-04-05,FOR,ASSOCIATED WITH RANCH,2,1,3
493,2026-04-05,WOULD,ASSOCIATED WITH RANCH,2,3,4
493,2026-04-05,MUSIC,___ BOX,3,3,2
493,2026-04-05,LETTER,___ BOX,3,2,1
493,2026-04-05,CARD,___ BOX,3,1,1
493,2026-04-05,POST,___ BOX,3,2,2
494,2026-04-05,WALNUT,NUTS,0,3,1
494,2026-04-05,COCONUT,NUTS,0,4,3
494,2026-04-05,BRAZIL,NUTS,0,4,4
494,2026-04-05,MAST,NUTS,0,1,1
494,2026-04-05,IMPACT,WORDS MEANING HIT,1,4,1
494,2026-04-05,GAIN,WORDS MEANING HIT,1,2,2
494,2026-04-05,KNOCK,WORDS MEANING HIT,1,3,4
494,2026-04-05,BATTER,WORDS MEANING HIT,1,2,4
494,2026-04-05,APPEAL,ASSOCIATED WITH JUSTICE,2,4,2
494,2026-04-05,LAW,ASSOCIATED WITH JUSTICE,2,2,3
494,2026-04-05,KENNEDY,ASSOCIATED WITH JUSTICE,2,3,3
494,2026-04-05,BENCH,ASSOCIATED WITH JUSTICE,2,3,2
494,2026-04-05,PLANE,AIR ___,3,1,4
494,2026-04-05,LIFT,AIR ___,3,2,1
494,2026-04-05,FIELD,AIR ___,3,1,2
494,2026-04-05,BORN,AIR ___,3,1,3
495,2026-04-05,TRUNK,BODY PARTS,0,2,2
495,2026-04-05,LEG,BODY PARTS,0,2,3
495,2026-04-05,FORK,BODY PARTS,0,3,1
495,2026-04-05,ARM,BODY PARTS,0,1,4
495,2026-04-05,COMPACT,WORDS MEANING THICK,1,1,2
495,2026-04-05,DENSE,WORDS MEANING THICK,1,1,1
495,2026-04-05,STOCKY,WORDS MEANING THICK,1,2,4
495,2026-04-05,DEEP,WORDS MEANING THICK,1,4,2
495,2026-04-05,MOUNTAINS,ASSOCIATED WITH CANYON,2,1,3
495,2026-04-05,STEEP,ASSOCIATED WITH CANYON,2,4,3
495,2026-04-05,SCENIC,ASSOCIATED WITH CANYON,2,4,1
495,2026-04-05,CARVED,ASSOCIATED WITH CANYON,2,2,1
495,2026-04-05,BLIND,___ SIDE,3,3,4
495,2026-04-05,DARK,___ SIDE,3,3,2
495,2026-04-05,ROAD,___ SIDE,3,4,4
495,2026-04-05,BED,___ SIDE,3,3,3
496,2026-04-05,HEN,BIRDS,0,2,2
496,2026-04-05,SWIFT,BIRDS,0,3,3
496,2026-04-05,SWAN,BIRDS,0,1,3
496,2026-04-05,AMAZON,BIRDS,0,4,3
496,2026-04-05,AWKWARD,WORDS MEANING HARD,1,1,4
496,2026-04-05,SET,WORDS MEANING HARD,1,3,4
496,2026-04-05,HARSH,WORDS MEANING HARD,1,2,4
496,2026-04-05,SOLID,WORDS MEANING HARD,1,1,2
496,2026-04-05,FOREST,WORDS RELATED TO JUNGLE,2,3,1
496,2026-04-05,TERRAIN,WORDS RELATED TO JUNGLE,2,1,1
496,2026-04-05,DESERT,WORDS RELATED TO JUNGLE,2,4,4
496,2026-04-05,STRONGER,WORDS RELATED TO JUNGLE,2,3,2
496,2026-04-05,BOLD,CONTAINS 'OLD',3,4,1
496,2026-04-05,MOLD,CONTAINS 'OLD',3,2,3
496,2026-04-05,COLD,CONTAINS 'OLD',3,2,1
496,2026-04-05,FOLDER,CONTAINS 'OLD',3,4,2
497,2026-04-05,LINDEN,TREES,0,1,3
497,2026-04-05,WILLOW,TREES,0,4,1
497,2026-04-05,GUM,TREES,0,3,1
497,2026-04-05,BIRCH,TREES,0,2,2
497,2026-04-05,GRIN,WORDS MEANING LAUGH,1,3,2
497,2026-04-05,AMUSE,WORDS MEANING LAUGH,1,3,3
497,2026-04-05,RIDICULOUS,WORDS MEANING LAUGH,1,2,3
497,2026-04-05,COMEDY,WORDS MEANING LAUGH,1,2,1
497,2026-04-05,CREEK,ASSOCIATED WITH RIVER,2,3,4
497,2026-04-05,DELTA,ASSOCIATED WITH RIVER,2,1,1
497,2026-04-05,FERRY,ASSOCIATED WITH RIVER,2,4,4
497,2026-04-05,FORK,ASSOCIATED WITH RIVER,2,1,4
497,2026-04-05,SUB,___ WAY,3,2,4
497,2026-04-05,WIDE,___ WAY,3,1,2
497,2026-04-05,DRIVE,___ WAY,3,4,3
497,2026-04-05,UNDER,___ WAY,3,4,2
498,2026-04-05,HAZEL,NUTS,0,1,3
498,2026-04-05,BRAZIL,NUTS,0,4,1
498,2026-04-05,COCONUT,NUTS,0,2,2
498,2026-04-05,KOLA,NUTS,0,4,4
498,2026-04-05,PUZZLING,WORDS MEANING STRANGE,1,2,4
498,2026-04-05,FUNNY,WORDS MEANING STRANGE,1,4,3
498,2026-04-05,CRAZY,WORDS MEANING STRANGE,1,4,2
498,2026-04-05,GROTESQUE,WORDS MEANING STRANGE,1,1,2
498,2026-04-05,FALSEHOOD,ASSOCIATED WITH TRUTH,2,1,4
498,2026-04-05,STATEMENTS,ASSOCIATED WITH TRUTH,2,3,3
498,2026-04-05,LOGIC,ASSOCIATED WITH TRUTH,2,2,3
498,2026-04-05,TRUE,ASSOCIATED WITH TRUTH,2,1,1
498,2026-04-05,CHANGE,SHORT ___,3,3,4
498,2026-04-05,HAND,SHORT ___,3,3,2
498,2026-04-05,CUT,SHORT ___,3,2,1
498,2026-04-05,FALL,SHORT ___,3,3,1
499,2026-04-05,HARDWARE,COMPUTER PARTS,0,2,2
499,2026-04-05,PERIPHERAL,COMPUTER PARTS,0,4,4
499,2026-04-05,BUS,COMPUTER PARTS,0,1,1
499,2026-04-05,KEYBOARD,COMPUTER PARTS,0,3,2
499,2026-04-05,BASS,WORDS MEANING DEEP,1,4,1
499,2026-04-05,THICK,WORDS MEANING DEEP,1,1,4
499,2026-04-05,CRYPTIC,WORDS MEANING DEEP,1,2,3
499,2026-04-05,RICH,WORDS MEANING DEEP,1,4,2
499,2026-04-05,LOCATED,ASSOCIATED WITH VILLAGE,2,4,3
499,2026-04-05,EXISTENCE,ASSOCIATED WITH VILLAGE,2,1,2
499,2026-04-05,SITUATED,ASSOCIATED WITH VILLAGE,2,3,3
499,2026-04-05,NEAREST,ASSOCIATED WITH VILLAGE,2,3,1
499,2026-04-05,NIGHT,___ FALL,3,2,1
499,2026-04-05,RAIN,___ FALL,3,3,4
499,2026-04-05,DOWN,___ FALL,3,1,3
499,2026-04-05,WIND,___ FALL,3,2,4
500,2026-04-05,MONARCH,BUTTERFLIES,0,1,2
500,2026-04-05,BLUE,BUTTERFLIES,0,4,3
500,2026-04-05,EMPEROR,BUTTERFLIES,0,1,4
500,2026-04-05,PEACOCK,BUTTERFLIES,0,1,1
500,2026-04-05,STALE,WORDS MEANING HARD,1,1,3
500,2026-04-05,CRUEL,WORDS MEANING HARD,1,4,1
500,2026-04-05,RIGOROUS,WORDS MEANING HARD,1,2,4
500,2026-04-05,DIFFICULT,WORDS MEANING HARD,1,2,2
500,2026-04-05,STRENGTH,WORDS RELATED TO COURAGE,2,4,2
500,2026-04-05,FACE,WORDS RELATED TO COURAGE,2,3,3
500,2026-04-05,CONSCIENCE,WORDS RELATED TO COURAGE,2,2,1
500,2026-04-05,AUDACITY,WORDS RELATED TO COURAGE,2,2,3
500,2026-04-05,SINGER,ENDS WITH 'ER',3,3,1
500,2026-04-05,HUNTER,ENDS WITH 'ER',3,4,4
500,2026-04-05,RUNNER,ENDS WITH 'ER',3,3,4
500,2026-04-05,LEADER,ENDS WITH 'ER',3,3,2
